fable_group,fable_commodity,pakistani_name_mapping,year,production_million_tonnes,imports_million_tonnes,exports_million_tonnes,balance_million_tonnes,import_value_usd,export_value_usd
CEREALS,Wheat,Wheat,2000,19.0237,0.01302749,0.003394964,19.033332526,3739966.0,474089.51
CEREALS,Wheat,Wheat,2001,18.2265,0.005473622,0.074638391,18.157335231,4762818.0,10777315.88
CEREALS,Wheat,Wheat,2002,19.1833,0.120988744,0.6387186,18.665570144,14364930.0,91740358.77
CEREALS,Wheat,Wheat,2003,19.4998,0.0,0.68264998,18.81715002,0.0,90151242.0
CEREALS,Wheat,Wheat,2004,21.612299999999998,0.107978,0.343388168,21.376889831999996,23252508.0,48648035.0
CEREALS,Wheat,Wheat,2005,21.276799999999998,0.77274886,0.51631634,21.53323252,157153582.0,101098520.0
CEREALS,Wheat,Wheat,2006,23.294700000000002,0.575884038,0.584689833,23.285894205000005,107426614.0,119704846.0
CEREALS,Wheat,Wheat,2007,20.9588,0.19275315,0.940933338,20.210619812,89819178.0,197646291.0
CEREALS,Wheat,Wheat,2008,24.0329,3.733867938,0.17444754,27.592320398000002,1628717842.0,50389561.0
CEREALS,Wheat,Wheat,2009,23.3108,1.106456368,0.0181009,24.399155468,295383002.0,3664577.0
CEREALS,Wheat,Wheat,2010,25.2138,0.11419546,0.16045949,25.16753597,64172014.0,39309768.0
CEREALS,Wheat,Wheat,2011,23.4734,0.047185184,3.362926611,20.157658573000003,26508412.0,1026219661.0
CEREALS,Wheat,Wheat,2012,24.2114,0.07964372,1.084280949,23.206762771,25091138.0,293517974.0
CEREALS,Wheat,Wheat,2013,25.979400000000002,0.410396446,0.809866675,25.579929771000003,128218017.0,247566684.0
CEREALS,Wheat,Wheat,2014,25.0861,0.690134108,0.474408937,25.301825170999997,190020345.0,203506741.0
CEREALS,Wheat,Wheat,2015,25.6331,0.01266615,1.039371958,24.606394192,3523994.0,326201588.0
CEREALS,Wheat,Wheat,2016,26.673599999999997,0.0001234,0.613981672,26.059741727999995,37713.0,174514925.0
CEREALS,Wheat,Wheat,2017,25.0761,0.00016168,0.37213106,24.70413062,56188.5,98101038.09
CEREALS,Wheat,Wheat,2018,24.3581,0.00099395,2.15961104,22.19948291,269530.2,442055803.48
CEREALS,Wheat,Wheat,2019,25.2476,0.00021424,0.76914557,24.478668669999998,55001.1,189145591.15
CEREALS,Wheat,Wheat,2020,27.4641,2.490642139,0.00263783,29.952104308999996,660087296.06,807057.86
CEREALS,Wheat,Wheat,2021,26.2087,2.48623941,0.0012051,28.69373431,812752514.64,443930.64
CEREALS,Wheat,Wheat,2022,28.16056,2.336609,0.0010197,30.4961493,943432382.68,340005.97
CEREALS,Wheat,Wheat,2023,31.81474,2.605291,5.253e-05,34.419978470000004,835548913.49,16184.52
CEREALS,Wheat,Wheat,2024,28.47829,2.169334,0.0,30.647624,636224554.41,0.0
CEREALS,Wheat,Wheat,2025,,4.1e-05,0.0,,47.99,0.0
CEREALS,Rice (paddy),Basmati Rice + IRRI Rice,2000,4.8026,0.00525253,1.522023148,3.285829382,894626.0,367134410.12
CEREALS,Rice (paddy),Basmati Rice + IRRI Rice,2001,3.882,0.004680291,1.839254696,2.047425595,521825.0,403611492.7
CEREALS,Rice (paddy),Basmati Rice + IRRI Rice,2002,4.4785,0.001048282,1.327509331,3.1520389510000006,228868.0,321165656.2
CEREALS,Rice (paddy),Basmati Rice + IRRI Rice,2003,4.847600000000001,0.0073159,2.917950416,1.9369654840000008,3431179.0,626623845.0
CEREALS,Rice (paddy),Basmati Rice + IRRI Rice,2004,5.0248,0.00065411,2.715881122,2.309572988,283431.0,627239319.0
CEREALS,Rice (paddy),Basmati Rice + IRRI Rice,2005,5.5472,0.00302293,5.178284898,0.3719380320000001,933450.0,1099266904.0
CEREALS,Rice (paddy),Basmati Rice + IRRI Rice,2006,5.4384,0.093594625,5.284187904,0.247806720999999,1517367.0,1151879986.0
CEREALS,Rice (paddy),Basmati Rice + IRRI Rice,2007,5.5634,0.002798501,4.02529965,1.5408988509999997,878647.0,1145676864.0
CEREALS,Rice (paddy),Basmati Rice + IRRI Rice,2008,6.952,0.038526088,4.544083269,2.4464428190000005,1588696.0,2439561770.0
CEREALS,Rice (paddy),Basmati Rice + IRRI Rice,2009,6.8827,0.04537545,4.779804978,2.148270472,7230289.0,1774459668.0
CEREALS,Rice (paddy),Basmati Rice + IRRI Rice,2010,4.823300000000001,0.020324937,6.265377627,-1.42175269,20068427.0,2277123924.0
CEREALS,Rice (paddy),Basmati Rice + IRRI Rice,2011,6.160399999999999,0.031630665,5.08321847,1.1088121949999987,40939700.0,2062063354.0
CEREALS,Rice (paddy),Basmati Rice + IRRI Rice,2012,5.5359,0.030126403,5.100045683,0.46598071999999924,44148170.0,1882126059.0
CEREALS,Rice (paddy),Basmati Rice + IRRI Rice,2013,6.798100000000001,0.09280144,5.708143366,1.1827580740000005,51119465.0,2110992348.0
CEREALS,Rice (paddy),Basmati Rice + IRRI Rice,2014,7.002800000000001,0.033173106,5.606805412,1.4291676940000002,30560161.0,2199635956.0
CEREALS,Rice (paddy),Basmati Rice + IRRI Rice,2015,6.8016000000000005,0.05777035,6.0325861,0.8267842500000011,21221748.0,1927200362.0
CEREALS,Rice (paddy),Basmati Rice + IRRI Rice,2016,6.8481000000000005,0.01837813,5.875942652,0.9905354780000009,33584327.0,1703048708.0
CEREALS,Rice (paddy),Basmati Rice + IRRI Rice,2017,7.4498,0.01105555,5.43072324,2.03013231,21646282.48,1743502592.86
CEREALS,Rice (paddy),Basmati Rice + IRRI Rice,2018,7.202,0.01222791,5.82485438,1.3893735300000003,30185078.65,2001812517.18
CEREALS,Rice (paddy),Basmati Rice + IRRI Rice,2019,7.4139,0.01055844,6.746054921,0.6784035189999997,34188353.64,2270300117.84
CEREALS,Rice (paddy),Basmati Rice + IRRI Rice,2020,8.4197,0.00945258,5.840828351,2.5883242290000004,33303694.14,2101267787.12
CEREALS,Rice (paddy),Basmati Rice + IRRI Rice,2021,9.322700000000001,0.02036607,5.82337527,3.519690800000001,41075310.31,2152502752.57
CEREALS,Rice (paddy),Basmati Rice + IRRI Rice,2022,7.322229999999999,0.0,6.77991828,0.5423117199999989,39752821.97,2322278001.9
CEREALS,Rice (paddy),Basmati Rice + IRRI Rice,2023,9.85924,0.010323082,6.72428258,3.1452805019999994,38506236.14,2860635610.78
CEREALS,Rice (paddy),Basmati Rice + IRRI Rice,2024,9.72346,0.014961058,9.647448322,0.09097273599999944,57283348.53,4193488421.82
CEREALS,Rice (paddy),Basmati Rice + IRRI Rice,2025,,0.01523861,6.80104573,,58372309.34,2426457981.14
CEREALS,Corn / Maize,Maize,2000,1.6433,0.005466212,0.000145609,1.648620603,7200580.66,206831.0
CEREALS,Corn / Maize,Maize,2001,1.6644,0.002557833,3.956e-06,1.666953877,4043316.08,4649.0
CEREALS,Corn / Maize,Maize,2002,1.7370999999999999,0.005325542,3.6203e-05,1.7423893389999998,7093418.46,15971.0
CEREALS,Corn / Maize,Maize,2003,1.8974000000000002,0.039811,0.00060032,1.9366106800000003,10961989.0,257802.0
CEREALS,Corn / Maize,Maize,2004,2.797,0.040105119,0.0005268,2.8365783190000005,11065925.0,137157.0
CEREALS,Corn / Maize,Maize,2005,3.1096,0.028204489,0.0014336,3.136370889,20646208.0,390915.0
CEREALS,Corn / Maize,Maize,2006,3.0884,0.006819198,0.004689688,3.09052951,20404116.0,1149563.0
CEREALS,Corn / Maize,Maize,2007,3.6047,0.008367484,0.000974299,3.6120931849999995,19306146.0,384110.0
CEREALS,Corn / Maize,Maize,2008,3.593,0.15098152,0.07113972,3.6728418,63790438.0,20979843.0
CEREALS,Corn / Maize,Maize,2009,3.2615,0.02919656,0.2401248,3.05057176,33400250.0,47050253.0
CEREALS,Corn / Maize,Maize,2010,3.707,0.009008983,0.01148424,3.704524743,20163148.0,2300150.0
CEREALS,Corn / Maize,Maize,2011,4.3383,0.01339504,0.256206125,4.095488915,35911232.0,71843954.0
CEREALS,Corn / Maize,Maize,2012,4.2201,0.01777548,0.366490847,3.8713846330000004,42109594.0,99675864.0
CEREALS,Corn / Maize,Maize,2013,4.9441999999999995,0.02437012,0.13883952,4.8297305999999995,61648703.0,32514408.0
CEREALS,Corn / Maize,Maize,2014,4.9368,0.02327804,0.0160092,4.94406884,66201415.0,4809914.0
CEREALS,Corn / Maize,Maize,2015,5.337,0.02398676,0.063386658,5.297600102,53271112.0,12117733.0
CEREALS,Corn / Maize,Maize,2016,6.1343000000000005,0.06445256,0.06109144,6.137661120000001,48475588.0,12504739.0
CEREALS,Corn / Maize,Maize,2017,5.9016,0.0351234,0.02891376,5.90780964,55386225.29,6665974.76
CEREALS,Corn / Maize,Maize,2018,6.8263,0.02833876,0.00848784,6.8461509199999995,81181333.49,1722295.71
CEREALS,Corn / Maize,Maize,2019,7.883,0.020250481,0.13661076,7.766639721,52007272.07,29985896.33
CEREALS,Corn / Maize,Maize,2020,8.94,0.025219379,0.07044328,8.894776099,56664594.92,13157482.76
CEREALS,Corn / Maize,Maize,2021,9.5245,0.028980501,0.355189694,9.198290807,72823911.87,107170046.84
CEREALS,Corn / Maize,Maize,2022,10.984509,0.034592,0.79224424,10.226856759999999,87627692.88,260757779.63
CEREALS,Corn / Maize,Maize,2023,9.739120000000002,0.003799,1.506464155,8.236454845000003,71826035.91,346669321.01
CEREALS,Corn / Maize,Maize,2024,9.03481,0.028434066,1.23511204,7.828132026000001,68316006.07,291110181.23
CEREALS,Corn / Maize,Maize,2025,,0.029951,0.44355332,,73921857.9,110496702.51
CEREALS,Millet,Bajra,2000,0.199,,4.0036e-05,,,17009.0
CEREALS,Millet,Bajra,2001,0.2164,,,,,
CEREALS,Millet,Bajra,2002,0.18919999999999998,,2.45e-06,,,891.0
CEREALS,Millet,Bajra,2003,0.2737,1.7e-05,2.2e-05,0.27369499999999997,2128.0,5642.0
CEREALS,Millet,Bajra,2004,0.1933,1e-05,0.0,0.19331,2151.0,0.0
CEREALS,Millet,Bajra,2005,0.22080000000000002,0.002231,1e-06,0.22303000000000003,428584.0,149.0
CEREALS,Millet,Bajra,2006,0.238,0.000356,3.5e-05,0.23832099999999998,72172.0,9955.0
CEREALS,Millet,Bajra,2007,0.305,0.001069678,6e-05,0.306009678,356052.0,13651.0
CEREALS,Millet,Bajra,2008,0.2964,0.006331,8.6e-05,0.302645,1142626.0,21759.0
CEREALS,Millet,Bajra,2009,0.293,0.006027,0.000861,0.298166,1438374.0,176831.0
CEREALS,Millet,Bajra,2010,0.346,0.007508,0.000147,0.353361,1938452.0,30852.0
CEREALS,Millet,Bajra,2011,0.30410000000000004,0.033023,0.000149219,0.3369737810000001,8429414.0,40510.0
CEREALS,Millet,Bajra,2012,0.31060000000000004,0.005282005,2.1e-05,0.31586100500000003,1211276.0,4615.0
CEREALS,Millet,Bajra,2013,0.301,0.004316,0.000209,0.30510699999999996,937894.0,93032.0
CEREALS,Millet,Bajra,2014,0.2945,0.009481,0.000164,0.303817,1855318.0,14826.0
CEREALS,Millet,Bajra,2015,0.29960000000000003,0.042923,0.000529,0.341994,7930460.0,87985.0
CEREALS,Millet,Bajra,2016,0.3049,0.015685,0.000739,0.319846,3716468.0,143905.0
CEREALS,Millet,Bajra,2017,0.339,0.018631,0.001904,0.355727,5793417.49,592956.84
CEREALS,Millet,Bajra,2018,0.35,0.017831,0.001351,0.36648,5355828.02,353288.69
CEREALS,Millet,Bajra,2019,0.38430000000000003,0.009492,0.009106,0.38468600000000003,4603090.57,2284978.01
CEREALS,Millet,Bajra,2020,0.2661,0.001168131,0.012377,0.254891131,228053.28,3017565.77
CEREALS,Millet,Bajra,2021,0.2263,0.003907,0.001279,0.228928,370475.5,105054.13
CEREALS,Millet,Bajra,2022,0.2562,0.006874,0.003032,0.260042,381130.26,621133.99
CEREALS,Millet,Bajra,2023,0.29436,0.002274,0.003351,0.293283,494070.98,836106.67
CEREALS,Millet,Bajra,2024,0.25188,0.001471,0.008497,0.244854,294099.41,2333099.34
CEREALS,Millet,Bajra,2025,,0.017477,0.000862,,3916530.94,168969.03
CEREALS,Sorghum,Jowar,2000,0.2181,,2e-09,,,510.0
CEREALS,Sorghum,Jowar,2001,0.2216,3.1165e-05,,,38874.0,
CEREALS,Sorghum,Jowar,2002,0.2026,0.000334846,3e-09,0.202934843,79130.0,589.0
CEREALS,Sorghum,Jowar,2003,0.2381,0.0,0.0,0.2381,0.0,0.0
CEREALS,Sorghum,Jowar,2004,0.1864,9.1e-05,0.0,0.18649100000000002,291090.0,0.0
CEREALS,Sorghum,Jowar,2005,0.15259999999999999,0.000262,1.8e-05,0.152844,54980.0,6979.0
CEREALS,Sorghum,Jowar,2006,0.1795,0.00041,0.0,0.17991,102412.0,0.0
CEREALS,Sorghum,Jowar,2007,0.1701,0.000195,7e-05,0.17022500000000002,113627.0,15677.0
CEREALS,Sorghum,Jowar,2008,0.1645,0.000559,0.0,0.165059,145203.0,0.0
CEREALS,Sorghum,Jowar,2009,0.1541,0.003325,4.9e-05,0.157376,731949.0,13553.0
CEREALS,Sorghum,Jowar,2010,0.1412,0.024937,9e-06,0.16612799999999997,6540133.0,3652.0
CEREALS,Sorghum,Jowar,2011,0.1371,0.000571263,0.0,0.137671263,148383.0,0.0
CEREALS,Sorghum,Jowar,2012,0.1225,0.000476,0.0,0.122976,158597.0,0.0
CEREALS,Sorghum,Jowar,2013,0.12290000000000001,0.000355,3.8e-05,0.12321700000000001,123302.0,13739.0
CEREALS,Sorghum,Jowar,2014,0.1145,0.000841,0.0,0.115341,192581.0,0.0
CEREALS,Sorghum,Jowar,2015,0.1605,0.024686,0.0,0.18518600000000002,6011315.0,0.0
CEREALS,Sorghum,Jowar,2016,0.1487,0.138247,0.0,0.286947,45411794.0,0.0
CEREALS,Sorghum,Jowar,2017,0.1527,0.000354,8.2e-05,0.152972,149481.82,16098.12
CEREALS,Sorghum,Jowar,2018,0.14880000000000002,0.035104,0.0,0.183904,8091603.11,0.0
CEREALS,Sorghum,Jowar,2019,0.1206,0.000348,3.7e-05,0.120911,87435.44,19725.75
CEREALS,Sorghum,Jowar,2020,0.096,0.001704,0.0,0.097704,441086.12,0.0
CEREALS,Sorghum,Jowar,2021,0.0639,0.004417,0.0,0.068317,1072966.21,0.0
CEREALS,Sorghum,Jowar,2022,0.04868,0.003839,2e-06,0.052517,822750.29,683.47
CEREALS,Sorghum,Jowar,2023,0.03864,0.004558,2e-06,0.043196,1145072.46,1064.54
CEREALS,Sorghum,Jowar,2024,0.037700000000000004,0.004634,5e-05,0.042284,1185968.91,11282.71
CEREALS,Sorghum,Jowar,2025,,0.007537,0.000286,,1900095.33,54200.63
CEREALS,Barley,Barley,2000,0.0989,0.000518985,0.0003,0.099118985,69022.0,190667.0
CEREALS,Barley,Barley,2001,0.0998,0.000192295,0.000752834,0.099239461,36590.0,167661.0
CEREALS,Barley,Barley,2002,0.0996,0.00040764,0.00010506,0.09990257999999999,80415.0,7533.0
CEREALS,Barley,Barley,2003,0.09759999999999999,0.000224,0.001778,0.09604599999999999,37754.0,229571.0
CEREALS,Barley,Barley,2004,0.0917,0.000348304,0.001595,0.090453304,74331.0,208006.0
CEREALS,Barley,Barley,2005,0.0875,0.00322845,5.5e-05,0.09067344999999999,741480.0,11222.0
CEREALS,Barley,Barley,2006,0.0927,0.001045,0.000647,0.09309800000000001,236587.0,157563.0
CEREALS,Barley,Barley,2007,0.0874,0.001352,0.006707,0.082045,326842.0,1260209.0
CEREALS,Barley,Barley,2008,0.0815,0.001728,0.003151695,0.080076305,554465.0,323069.0
CEREALS,Barley,Barley,2009,0.0714,0.006518,0.0,0.077918,1544181.0,0.0
CEREALS,Barley,Barley,2010,0.0712,0.005371222,0.00025,0.076321222,1328198.0,42629.0
CEREALS,Barley,Barley,2011,0.06570000000000001,0.00183829,0.002785,0.06475329000000002,792066.0,598520.0
CEREALS,Barley,Barley,2012,0.06720000000000001,0.003377322,0.0,0.07057732200000001,883998.0,0.0
CEREALS,Barley,Barley,2013,0.0665,0.001578,0.000353,0.067725,621358.0,66233.0
CEREALS,Barley,Barley,2014,0.0628,0.001968433,0.002156,0.062612433,764192.0,281231.0
CEREALS,Barley,Barley,2015,0.0606,0.011999252,0.000333659,0.072265593,3301898.0,66983.0
CEREALS,Barley,Barley,2016,0.058,0.044310609,2.2e-05,0.102288609,12272640.0,6193.0
CEREALS,Barley,Barley,2017,0.0551,0.009030202,5e-06,0.06412520199999999,2111883.81,2574.32
CEREALS,Barley,Barley,2018,0.0677,0.018081142,0.0,0.085781142,4728769.74,0.0
CEREALS,Barley,Barley,2019,0.048,0.01047126,1e-06,0.058470259999999996,3217199.32,1236.89
CEREALS,Barley,Barley,2020,0.0419,0.006452048,0.0003517,0.048000348,1951089.13,77955.33
CEREALS,Barley,Barley,2021,0.038,0.005445567,0.001692,0.041753567,2096563.01,225249.59
CEREALS,Barley,Barley,2022,0.0436,0.006811062,0.000182,0.050229062,3263911.54,16077.47
CEREALS,Barley,Barley,2023,0.04388,0.009248023,2e-06,0.053126023,3710199.23,217.6
CEREALS,Barley,Barley,2024,0.044969999999999996,0.013435264,1e-06,0.058404264,4056470.98,109.81
CEREALS,Barley,Barley,2025,,0.006829564,0.0,,3252759.36,0.0
CEREALS,Oats,Not grown in Pakistan,2000,,,,,,
CEREALS,Oats,Not grown in Pakistan,2001,,3.7e-05,,,5439.0,
CEREALS,Oats,Not grown in Pakistan,2002,,,7e-07,,,1388.0
CEREALS,Oats,Not grown in Pakistan,2003,,0.0,4e-06,,0.0,623.0
CEREALS,Oats,Not grown in Pakistan,2004,,0.0,0.0,,0.0,0.0
CEREALS,Oats,Not grown in Pakistan,2005,,0.008615,0.0,,2143759.0,0.0
CEREALS,Oats,Not grown in Pakistan,2006,,0.009289004,0.0,,2386980.0,0.0
CEREALS,Oats,Not grown in Pakistan,2007,,0.000842,0.0,,199548.0,0.0
CEREALS,Oats,Not grown in Pakistan,2008,,0.000273,0.0,,87343.0,0.0
CEREALS,Oats,Not grown in Pakistan,2009,,0.001014,1e-06,,260708.0,374.0
CEREALS,Oats,Not grown in Pakistan,2010,,0.021649,0.0,,4999990.0,0.0
CEREALS,Oats,Not grown in Pakistan,2011,,0.000457,0.0,,181012.0,0.0
CEREALS,Oats,Not grown in Pakistan,2012,,0.004154,0.0,,1599168.0,0.0
CEREALS,Oats,Not grown in Pakistan,2013,,0.000347,3.2e-05,,93217.0,10129.0
CEREALS,Oats,Not grown in Pakistan,2014,,0.0057,0.0,,1416169.0,0.0
CEREALS,Oats,Not grown in Pakistan,2015,,0.041691,0.0,,9234033.0,0.0
CEREALS,Oats,Not grown in Pakistan,2016,,0.012096,3e-05,,3681206.0,8661.0
CEREALS,Oats,Not grown in Pakistan,2017,,0.029448,3.9e-05,,7284080.01,1173.0
CEREALS,Oats,Not grown in Pakistan,2018,,0.001462,0.0,,385343.44,0.0
CEREALS,Oats,Not grown in Pakistan,2019,,0.0018,2e-06,,553112.79,1157.41
CEREALS,Oats,Not grown in Pakistan,2020,,0.004698,0.0,,1176578.45,12687.6
CEREALS,Oats,Not grown in Pakistan,2021,,0.001355,1e-06,,293700.35,2096.34
CEREALS,Oats,Not grown in Pakistan,2022,,0.001371,0.002209,,347383.39,17471.6
CEREALS,Oats,Not grown in Pakistan,2023,,0.00192,0.0,,935218.63,0.0
CEREALS,Oats,Not grown in Pakistan,2024,,0.004412,0.0,,1708635.57,0.0
CEREALS,Oats,Not grown in Pakistan,2025,,0.004834,0.0,,1973765.42,0.0
CEREALS,Rye,Not grown in Pakistan,2000,,,,,,
CEREALS,Rye,Not grown in Pakistan,2001,,,,,,
CEREALS,Rye,Not grown in Pakistan,2002,,,,,,
CEREALS,Rye,Not grown in Pakistan,2003,,,,,,
CEREALS,Rye,Not grown in Pakistan,2004,,,,,,
CEREALS,Rye,Not grown in Pakistan,2005,,,,,,
CEREALS,Rye,Not grown in Pakistan,2006,,,,,,
CEREALS,Rye,Not grown in Pakistan,2007,,,,,,
CEREALS,Rye,Not grown in Pakistan,2008,,,,,,
CEREALS,Rye,Not grown in Pakistan,2009,,,,,,
CEREALS,Rye,Not grown in Pakistan,2010,,,,,,
CEREALS,Rye,Not grown in Pakistan,2011,,,,,,
CEREALS,Rye,Not grown in Pakistan,2012,,,,,,
CEREALS,Rye,Not grown in Pakistan,2013,,,,,,
CEREALS,Rye,Not grown in Pakistan,2014,,,,,,
CEREALS,Rye,Not grown in Pakistan,2015,,,,,,
CEREALS,Rye,Not grown in Pakistan,2016,,,,,,
CEREALS,Rye,Not grown in Pakistan,2017,,,,,,
CEREALS,Rye,Not grown in Pakistan,2018,,,,,,
CEREALS,Rye,Not grown in Pakistan,2019,,,,,,
CEREALS,Rye,Not grown in Pakistan,2020,,,,,,
CEREALS,Rye,Not grown in Pakistan,2021,,,,,,
CEREALS,Rye,Not grown in Pakistan,2022,,,,,,
CEREALS,Rye,Not grown in Pakistan,2023,,,,,,
CEREALS,Rye,Not grown in Pakistan,2024,,,,,,
CEREALS,Rye,Not grown in Pakistan,2025,,,,,,
CEREALS,Other cereals,No other cereals in Pakistan,2000,,,,,,
CEREALS,Other cereals,No other cereals in Pakistan,2001,,,,,,
CEREALS,Other cereals,No other cereals in Pakistan,2002,,,,,,
CEREALS,Other cereals,No other cereals in Pakistan,2003,,,,,,
CEREALS,Other cereals,No other cereals in Pakistan,2004,,,,,,
CEREALS,Other cereals,No other cereals in Pakistan,2005,,,,,,
CEREALS,Other cereals,No other cereals in Pakistan,2006,,,,,,
CEREALS,Other cereals,No other cereals in Pakistan,2007,,,,,,
CEREALS,Other cereals,No other cereals in Pakistan,2008,,,,,,
CEREALS,Other cereals,No other cereals in Pakistan,2009,,,,,,
CEREALS,Other cereals,No other cereals in Pakistan,2010,,,,,,
CEREALS,Other cereals,No other cereals in Pakistan,2011,,,,,,
CEREALS,Other cereals,No other cereals in Pakistan,2012,,,,,,
CEREALS,Other cereals,No other cereals in Pakistan,2013,,,,,,
CEREALS,Other cereals,No other cereals in Pakistan,2014,,,,,,
CEREALS,Other cereals,No other cereals in Pakistan,2015,,,,,,
CEREALS,Other cereals,No other cereals in Pakistan,2016,,,,,,
CEREALS,Other cereals,No other cereals in Pakistan,2017,,,,,,
CEREALS,Other cereals,No other cereals in Pakistan,2018,,,,,,
CEREALS,Other cereals,No other cereals in Pakistan,2019,,,,,,
CEREALS,Other cereals,No other cereals in Pakistan,2020,,,,,,
CEREALS,Other cereals,No other cereals in Pakistan,2021,,,,,,
CEREALS,Other cereals,No other cereals in Pakistan,2022,,,,,,
CEREALS,Other cereals,No other cereals in Pakistan,2023,,,,,,
CEREALS,Other cereals,No other cereals in Pakistan,2024,,,,,,
CEREALS,Other cereals,No other cereals in Pakistan,2025,,,,,,
SUGAR,Sugar cane,Sugarcane,2000,43.606300000000005,,,,,
SUGAR,Sugar cane,Sugarcane,2001,48.041599999999995,,,,,
SUGAR,Sugar cane,Sugarcane,2002,52.055800000000005,,,,,
SUGAR,Sugar cane,Sugarcane,2003,53.419,0.0,0.0,53.419,0.0,0.0
SUGAR,Sugar cane,Sugarcane,2004,47.244099999999996,0.0,0.0,47.244099999999996,0.0,0.0
SUGAR,Sugar cane,Sugarcane,2005,44.6655,0.0,0.0,44.6655,0.0,0.0
SUGAR,Sugar cane,Sugarcane,2006,54.7416,0.0,0.0,54.7416,0.0,0.0
SUGAR,Sugar cane,Sugarcane,2007,63.92,0.0,0.0,63.92,0.0,0.0
SUGAR,Sugar cane,Sugarcane,2008,50.0454,0.0,0.0,50.0454,0.0,0.0
SUGAR,Sugar cane,Sugarcane,2009,49.3729,0.0,0.0,49.3729,0.0,0.0
SUGAR,Sugar cane,Sugarcane,2010,55.3085,0.0,0.0,55.3085,0.0,0.0
SUGAR,Sugar cane,Sugarcane,2011,58.3964,0.0,0.0,58.3964,0.0,0.0
SUGAR,Sugar cane,Sugarcane,2012,63.749900000000004,0.0,0.00014743,63.749752570000005,0.0,52836.0
SUGAR,Sugar cane,Sugarcane,2013,67.46010000000001,0.0,0.00019512,67.45990488000001,0.0,188844.0
SUGAR,Sugar cane,Sugarcane,2014,62.826699999999995,0.0,0.00105746,62.82564254,0.0,287939.0
SUGAR,Sugar cane,Sugarcane,2015,65.4825,0.0,0.000795145,65.481704855,0.0,211156.0
SUGAR,Sugar cane,Sugarcane,2016,75.48219999999999,0.0,0.001613787,75.480586213,0.0,221822.0
SUGAR,Sugar cane,Sugarcane,2017,83.3328,0.0,0.00020732,83.33259268,0.0,203845.21
SUGAR,Sugar cane,Sugarcane,2018,67.17389999999999,0.0,0.000156049,67.17374395099999,0.0,142364.3
SUGAR,Sugar cane,Sugarcane,2019,66.37960000000001,4e-09,0.000233213,66.37936679100001,15.28,254454.91
SUGAR,Sugar cane,Sugarcane,2020,81.00989999999999,1.004e-05,0.000176233,81.00973380699999,37259.32,115272.18
SUGAR,Sugar cane,Sugarcane,2021,88.6503,0.0,0.000829696,88.649470304,0.0,266395.73
SUGAR,Sugar cane,Sugarcane,2022,87.98154,7.792e-06,0.001361574,87.980186218,23161.32,227341.26
SUGAR,Sugar cane,Sugarcane,2023,87.63736999999999,0.0,0.004081941,87.633288059,0.0,244620.77
SUGAR,Sugar cane,Sugarcane,2024,84.23863,0.0,0.001037473,84.237592527,0.0,117988.0
SUGAR,Sugar cane,Sugarcane,2025,,0.0,0.003316069,,0.0,263460.12
SUGAR,Sugarbeet,Sugar beet,2000,0.22540000000000002,,1.98e-05,,,14850.0
SUGAR,Sugarbeet,Sugar beet,2001,0.3165,,6.5e-07,,,1489.44
SUGAR,Sugarbeet,Sugar beet,2002,0.2154,,1.494e-06,,,1750.88
SUGAR,Sugarbeet,Sugar beet,2003,0.2502,0.0,0.0,0.2502,0.0,0.0
SUGAR,Sugarbeet,Sugar beet,2004,0.121,0.0,0.0,0.121,0.0,0.0
SUGAR,Sugarbeet,Sugar beet,2005,0.09340000000000001,9.423e-05,0.0,0.09349423000000001,12023.0,0.0
SUGAR,Sugarbeet,Sugar beet,2006,0.0836,4e-08,0.0,0.08360004,673.0,0.0
SUGAR,Sugarbeet,Sugar beet,2007,0.06409999999999999,0.0,4e-08,0.06409995999999998,0.0,11.0
SUGAR,Sugarbeet,Sugar beet,2008,0.0,0.0,0.0,0.0,0.0,0.0
SUGAR,Sugarbeet,Sugar beet,2009,0.0,0.0,0.0,0.0,0.0,0.0
SUGAR,Sugarbeet,Sugar beet,2010,0.0209,0.0,0.0,0.0209,0.0,0.0
SUGAR,Sugarbeet,Sugar beet,2011,0.062200000000000005,0.0,1.8789e-05,0.06218121100000001,0.0,10948.0
SUGAR,Sugarbeet,Sugar beet,2012,0.13,0.0,0.00208,0.12792,0.0,1176887.0
SUGAR,Sugarbeet,Sugar beet,2013,0.112,0.0,4.524e-06,0.111995476,0.0,2823.0
SUGAR,Sugarbeet,Sugar beet,2014,0.12490000000000001,0.0,2.95e-06,0.12489705000000001,0.0,6885.0
SUGAR,Sugarbeet,Sugar beet,2015,0.13190000000000002,3e-06,7.5e-08,0.13190292500000003,661.0,1457.0
SUGAR,Sugarbeet,Sugar beet,2016,0.1638,4.8e-07,8.456e-06,0.163792024,229.0,7810.0
SUGAR,Sugarbeet,Sugar beet,2017,0.29619999999999996,0.0,0.0,0.29619999999999996,0.0,0.0
SUGAR,Sugarbeet,Sugar beet,2018,0.36519999999999997,0.0,0.0,0.36519999999999997,0.0,0.0
SUGAR,Sugarbeet,Sugar beet,2019,0.3447,0.0,0.0,0.3447,0.0,0.0
SUGAR,Sugarbeet,Sugar beet,2020,0.3527,0.0,0.0,0.3527,0.0,0.0
SUGAR,Sugarbeet,Sugar beet,2021,0.4085,0.0,0.0,0.4085,0.0,0.0
SUGAR,Sugarbeet,Sugar beet,2022,0.43265,0.0,0.0,0.43265,0.0,0.0
SUGAR,Sugarbeet,Sugar beet,2023,0.504534,0.0,0.0,0.504534,0.0,0.0
SUGAR,Sugarbeet,Sugar beet,2024,0.789978,0.0,0.0,0.789978,0.0,0.0
SUGAR,Sugarbeet,Sugar beet,2025,,0.0,0.0,,0.0,0.0
SUGAR,Sugar raw,Derived from sugarcane,2000,2.466,0.753467049,0.000156516,3.2193105330000003,152423735.72,64431.38
SUGAR,Sugar raw,Derived from sugarcane,2001,3.198,0.54874086,0.036605986,3.710134874,121385782.0,8820531.7
SUGAR,Sugar raw,Derived from sugarcane,2002,3.655,0.052627236,0.000103475,3.707523761,9775385.08,39439.49
SUGAR,Sugar raw,Derived from sugarcane,2003,3.996,0.011277149,0.12192162,3.885355529,3250598.0,25498381.0
SUGAR,Sugar raw,Derived from sugarcane,2004,2.922,0.01251696,0.141612149,2.792904811,3317090.0,29889139.0
SUGAR,Sugar raw,Derived from sugarcane,2005,2.587,1.54189686,0.077544768,4.051352092,450345233.0,26075844.0
SUGAR,Sugar raw,Derived from sugarcane,2006,3.516,1.717309206,0.039164561,5.194144645,706263279.0,16226604.0
SUGAR,Sugar raw,Derived from sugarcane,2007,4.739,0.057256488,0.005755262,4.790501226,21892514.0,982726.0
SUGAR,Sugar raw,Derived from sugarcane,2008,3.189,0.025575083,0.331991769,2.882583314,10903404.0,93515017.0
SUGAR,Sugar raw,Derived from sugarcane,2009,3.14,0.412479154,0.004882,3.5475971540000004,189124281.0,2213527.0
SUGAR,Sugar raw,Derived from sugarcane,2010,4.146,1.343115293,0.00195175,5.487163543,816095977.0,1102852.0
SUGAR,Sugar raw,Derived from sugarcane,2011,4.6704,0.123579483,0.004392,4.789587483,84028001.0,2575695.0
SUGAR,Sugar raw,Derived from sugarcane,2012,5.0301,0.009298831,0.467219121,4.5721797099999995,6632928.0,163547986.0
SUGAR,Sugar raw,Derived from sugarcane,2013,5.5876,0.009787949,1.131803944,4.465584005,5920262.0,492372417.0
SUGAR,Sugar raw,Derived from sugarcane,2014,5.139600000000001,0.01262311,0.737535861,4.414687249,7261950.0,291458226.0
SUGAR,Sugar raw,Derived from sugarcane,2015,5.0821000000000005,0.120407947,1.630770283,3.571737664000001,6170871.0,234355719.0
SUGAR,Sugar raw,Derived from sugarcane,2016,7.0054,0.01014595,0.308631151,6.706914799,4843975.0,126783638.0
SUGAR,Sugar raw,Derived from sugarcane,2017,6.580100000000001,0.009586916,0.85769915,5.7319877660000005,5327448.53,344566106.3
SUGAR,Sugar raw,Derived from sugarcane,2018,5.2108,0.00820162,1.36281214,3.8561894800000003,4026793.6,386396949.2
SUGAR,Sugar raw,Derived from sugarcane,2019,4.8198,0.0083623,0.683230084,4.144932216,3723472.32,220534693.38
SUGAR,Sugar raw,Derived from sugarcane,2020,5.6312,0.308160004,0.004159,5.9352010040000005,129526036.47,1562284.36
SUGAR,Sugar raw,Derived from sugarcane,2021,7.8675,0.34007551,6.3e-05,8.207512509999999,197974494.55,11987.53
SUGAR,Sugar raw,Derived from sugarcane,2022,6.6574,0.00836784,0.0,6.66576784,5856131.57,0.0
SUGAR,Sugar raw,Derived from sugarcane,2023,7.8675,0.0043969,0.271514166,7.600382733999999,3999471.06,125734264.85
SUGAR,Sugar raw,Derived from sugarcane,2024,,0.00396097,0.68975636,,3520250.31,341941943.46
SUGAR,Sugar raw,Derived from sugarcane,2025,,0.33788829,0.1448937,,176299449.02,68494415.79
FIBERINDUS,Cotton lint,Cotton Lint,2000,1.824423,0.047190037,0.138008667,1.73360437,50055160.95,151256696.31
FIBERINDUS,Cotton lint,Cotton Lint,2001,1.8041420000000006,0.123075621,0.103260009,1.8239576120000005,162902777.81,120479806.69
FIBERINDUS,Cotton lint,Cotton Lint,2002,1.7358019999999998,0.200951883,0.074150606,1.8626032769999998,304804387.21,67717815.72
FIBERINDUS,Cotton lint,Cotton Lint,2003,1.708109,0.204305,0.0455,1.866914,293135536.0,50840687.0
FIBERINDUS,Cotton lint,Cotton Lint,2004,2.4250840000000005,0.384998,0.04002,2.7700620000000002,522782246.0,49836084.0
FIBERINDUS,Cotton lint,Cotton Lint,2005,2.213213,0.361881,0.092311,2.482783,482433113.0,88074382.0
FIBERINDUS,Cotton lint,Cotton Lint,2006,2.185554,0.351664,0.113610447,2.423607553,400444910.0,68991552.0
FIBERINDUS,Cotton lint,Cotton Lint,2007,1.9813669999999999,0.629494735,0.061703014,2.549158721,885007131.0,63710986.0
FIBERINDUS,Cotton lint,Cotton Lint,2008,2.00923,0.774325992,0.110533,2.673022992,1164529420.0,135053930.0
FIBERINDUS,Cotton lint,Cotton Lint,2009,2.1952779999999996,0.316184062,0.164893633,2.3465684289999995,480417704.0,190127974.0
FIBERINDUS,Cotton lint,Cotton Lint,2010,1.948217,0.37887,0.141711196,2.185375804,762068780.0,248873484.0
FIBERINDUS,Cotton lint,Cotton Lint,2011,2.31115,0.248726181,0.158004075,2.401872106,824819787.0,380262298.0
FIBERINDUS,Cotton lint,Cotton Lint,2012,2.2152190000000007,0.242769,0.224861,2.2331270000000005,565050885.0,377425021.0
FIBERINDUS,Cotton lint,Cotton Lint,2013,2.170713,0.3758,0.136176,2.410337,757341297.0,232946883.0
FIBERINDUS,Cotton lint,Cotton Lint,2014,2.373132,0.238132,0.11582,2.4954440000000004,521701731.0,191337931.0
FIBERINDUS,Cotton lint,Cotton Lint,2015,1.685958,0.275415,0.070277,1.891096,543806345.0,105847595.0
FIBERINDUS,Cotton lint,Cotton Lint,2016,1.814002,0.334557123,0.024606,2.123953123,580551937.0,41158430.0
FIBERINDUS,Cotton lint,Cotton Lint,2017,2.030752,0.479611757,0.036931,2.4734327570000003,761457517.33,60979014.78
FIBERINDUS,Cotton lint,Cotton Lint,2018,1.676336,0.606328357,0.011854,2.270810357,1048971317.05,19484182.76
FIBERINDUS,Cotton lint,Cotton Lint,2019,1.5551769999999998,0.400034379,0.016028,1.939183379,708510584.64,22360820.14
FIBERINDUS,Cotton lint,Cotton Lint,2020,1.200863,0.818826746,0.001775,2.017914746,1315557450.27,2238437.02
FIBERINDUS,Cotton lint,Cotton Lint,2021,1.415896,0.903459,0.002056,2.3172989999999998,1766994686.5,3819795.38
FIBERINDUS,Cotton lint,Cotton Lint,2022,0.8346762,0.783103,0.012709,1.6050702,1937503915.29,17188182.15
FIBERINDUS,Cotton lint,Cotton Lint,2023,1.7378488,0.414413174,0.03236,2.119901974,913223092.04,57139748.3
FIBERINDUS,Cotton lint,Cotton Lint,2024,1.2043344,0.372059466,0.001988,1.574405866,743930058.38,3559471.87
FIBERINDUS,Cotton lint,Cotton Lint,2025,,0.83327,0.001651,,1498632676.39,2859927.75
FIBERINDUS,Jute,Jute,2000,2.2e-05,0.115393,0.000325995,0.115089005,25373751.0,204341.64
FIBERINDUS,Jute,Jute,2001,2.1000000000000002e-05,0.064630456,3.6101e-05,0.064615355,17057437.0,44340.0
FIBERINDUS,Jute,Jute,2002,0.0,0.088725473,2.812e-06,0.088722661,23280279.0,3942.0
FIBERINDUS,Jute,Jute,2003,0.0,0.122531,0.002273212,0.120257788,28644393.0,770605.0
FIBERINDUS,Jute,Jute,2004,0.0,0.129449,0.003058,0.126391,30532997.0,1343665.0
FIBERINDUS,Jute,Jute,2005,0.0,0.123674,0.003602,0.12007200000000001,38804723.0,1630197.0
FIBERINDUS,Jute,Jute,2006,0.0,0.115809795,0.002807,0.11300279499999999,46155130.0,1213756.0
FIBERINDUS,Jute,Jute,2007,0.0,0.12318,0.001645,0.121535,46344134.0,888378.0
FIBERINDUS,Jute,Jute,2008,0.0,0.143643,0.000113,0.14353,59037712.0,58601.0
FIBERINDUS,Jute,Jute,2009,0.0,0.113696,6e-06,0.11369,53813498.0,9588.0
FIBERINDUS,Jute,Jute,2010,0.0,0.089297943,0.015894,0.073403943,67808248.0,39032.0
FIBERINDUS,Jute,Jute,2011,3e-06,0.096605687,0.009888,0.086720687,69551494.0,118969.0
FIBERINDUS,Jute,Jute,2012,2e-06,0.093906029,0.000145,0.093763029,47349089.0,135641.0
FIBERINDUS,Jute,Jute,2013,0.0,0.084858,5.2e-05,0.084806,43545869.0,20035.0
FIBERINDUS,Jute,Jute,2014,0.0,0.073595,1.4e-05,0.073581,39807456.0,12413.0
FIBERINDUS,Jute,Jute,2015,0.0,0.06662,0.0,0.06662,40763121.0,0.0
FIBERINDUS,Jute,Jute,2016,0.0,0.047104,6.8e-05,0.047036,33688422.0,17673.0
FIBERINDUS,Jute,Jute,2017,0.0,0.078314,0.000258,0.078056,49061675.2,12086.42
FIBERINDUS,Jute,Jute,2018,0.0,0.090650431,0.0,0.090650431,48413681.34,0.0
FIBERINDUS,Jute,Jute,2019,0.0,0.044361,0.0002,0.044161,23664514.51,318.11
FIBERINDUS,Jute,Jute,2020,0.0,0.067307224,2.2e-05,0.067285224,46910085.23,1449.65
FIBERINDUS,Jute,Jute,2021,0.0,0.062248,3e-06,0.062244999999999995,63019220.95,3231.44
FIBERINDUS,Jute,Jute,2022,,0.058324,6e-06,,57061019.08,4779.85
FIBERINDUS,Jute,Jute,2023,,0.052362,0.00047,,40107825.22,3815.09
FIBERINDUS,Jute,Jute,2024,,0.031169,7e-06,,22343748.0,6895.03
FIBERINDUS,Jute,Jute,2025,,0.012637,2e-06,,10289947.43,227.39
FIBERINDUS,Rubber,Not grown in Pakistan,2000,,0.027825905,5e-09,,21448497.89,390.0
FIBERINDUS,Rubber,Not grown in Pakistan,2001,,0.032263044,1.585e-06,,19901488.0,2153.0
FIBERINDUS,Rubber,Not grown in Pakistan,2002,,0.034742344,0.000147879,,23766225.83,106277.0
FIBERINDUS,Rubber,Not grown in Pakistan,2003,,0.045513934,0.0,,38251997.0,0.0
FIBERINDUS,Rubber,Not grown in Pakistan,2004,,0.045526227,8.2e-05,,41268913.0,50732.0
FIBERINDUS,Rubber,Not grown in Pakistan,2005,,0.045711806,0.0,,54960064.0,0.0
FIBERINDUS,Rubber,Not grown in Pakistan,2006,,0.046576721,0.0,,66469318.0,0.0
FIBERINDUS,Rubber,Not grown in Pakistan,2007,,0.042747041,4.62e-06,,69721843.0,8272.0
FIBERINDUS,Rubber,Not grown in Pakistan,2008,,0.040210336,2.281e-06,,90024879.0,5079.0
FIBERINDUS,Rubber,Not grown in Pakistan,2009,,0.029163067,0.00012158,,54652735.0,379211.0
FIBERINDUS,Rubber,Not grown in Pakistan,2010,,0.033995744,6.691e-06,,89358851.0,13036.0
FIBERINDUS,Rubber,Not grown in Pakistan,2011,,0.027624259,2.4923e-05,,97754594.0,125778.0
FIBERINDUS,Rubber,Not grown in Pakistan,2012,,0.025975752,4.9606e-05,,68751254.0,119987.0
FIBERINDUS,Rubber,Not grown in Pakistan,2013,,0.028954001,2.0201e-05,,66911660.0,43490.0
FIBERINDUS,Rubber,Not grown in Pakistan,2014,,0.039323677,2.4812e-05,,66201793.0,73426.0
FIBERINDUS,Rubber,Not grown in Pakistan,2015,,0.029571712,6.055e-05,,50966619.0,68793.0
FIBERINDUS,Rubber,Not grown in Pakistan,2016,,0.023290535,1.8345e-05,,59301448.0,53976.0
FIBERINDUS,Rubber,Not grown in Pakistan,2017,,0.035430236,6.745e-06,,87204831.36,19566.93
FIBERINDUS,Rubber,Not grown in Pakistan,2018,,0.028302579,9.233e-06,,83336877.46,25471.07
FIBERINDUS,Rubber,Not grown in Pakistan,2019,,0.033768445,6.226e-06,,74225864.87,14169.16
FIBERINDUS,Rubber,Not grown in Pakistan,2020,,0.040257666,4.049e-06,,75034739.89,10082.28
FIBERINDUS,Rubber,Not grown in Pakistan,2021,,0.057827703,9.947e-06,,104643923.37,18032.26
FIBERINDUS,Rubber,Not grown in Pakistan,2022,,0.05152541,3.1558e-05,,97789505.25,60275.53
FIBERINDUS,Rubber,Not grown in Pakistan,2023,,0.071241116,0.000114732,,113822992.12,103205.39
FIBERINDUS,Rubber,Not grown in Pakistan,2024,,0.069552877,3.876e-06,,139376881.1,9042.19
FIBERINDUS,Rubber,Not grown in Pakistan,2025,,0.087442181,6.75e-06,,171600827.85,6565.37
FIBERINDUS,Other hard fibers,"Abaca, sisal — not in Pakistan",2000,,,,,,
FIBERINDUS,Other hard fibers,"Abaca, sisal — not in Pakistan",2001,,,,,,
FIBERINDUS,Other hard fibers,"Abaca, sisal — not in Pakistan",2002,,,,,,
FIBERINDUS,Other hard fibers,"Abaca, sisal — not in Pakistan",2003,,,,,,
FIBERINDUS,Other hard fibers,"Abaca, sisal — not in Pakistan",2004,,,,,,
FIBERINDUS,Other hard fibers,"Abaca, sisal — not in Pakistan",2005,,,,,,
FIBERINDUS,Other hard fibers,"Abaca, sisal — not in Pakistan",2006,,,,,,
FIBERINDUS,Other hard fibers,"Abaca, sisal — not in Pakistan",2007,,,,,,
FIBERINDUS,Other hard fibers,"Abaca, sisal — not in Pakistan",2008,,,,,,
FIBERINDUS,Other hard fibers,"Abaca, sisal — not in Pakistan",2009,,,,,,
FIBERINDUS,Other hard fibers,"Abaca, sisal — not in Pakistan",2010,,,,,,
FIBERINDUS,Other hard fibers,"Abaca, sisal — not in Pakistan",2011,,,,,,
FIBERINDUS,Other hard fibers,"Abaca, sisal — not in Pakistan",2012,,,,,,
FIBERINDUS,Other hard fibers,"Abaca, sisal — not in Pakistan",2013,,,,,,
FIBERINDUS,Other hard fibers,"Abaca, sisal — not in Pakistan",2014,,,,,,
FIBERINDUS,Other hard fibers,"Abaca, sisal — not in Pakistan",2015,,,,,,
FIBERINDUS,Other hard fibers,"Abaca, sisal — not in Pakistan",2016,,,,,,
FIBERINDUS,Other hard fibers,"Abaca, sisal — not in Pakistan",2017,,,,,,
FIBERINDUS,Other hard fibers,"Abaca, sisal — not in Pakistan",2018,,,,,,
FIBERINDUS,Other hard fibers,"Abaca, sisal — not in Pakistan",2019,,,,,,
FIBERINDUS,Other hard fibers,"Abaca, sisal — not in Pakistan",2020,,,,,,
FIBERINDUS,Other hard fibers,"Abaca, sisal — not in Pakistan",2021,,,,,,
FIBERINDUS,Other hard fibers,"Abaca, sisal — not in Pakistan",2022,,,,,,
FIBERINDUS,Other hard fibers,"Abaca, sisal — not in Pakistan",2023,,,,,,
FIBERINDUS,Other hard fibers,"Abaca, sisal — not in Pakistan",2024,,,,,,
FIBERINDUS,Other hard fibers,"Abaca, sisal — not in Pakistan",2025,,,,,,
FIBERINDUS,Other soft fibers,Not grown in Pakistan,2000,,,,,,
FIBERINDUS,Other soft fibers,Not grown in Pakistan,2001,,,,,,
FIBERINDUS,Other soft fibers,Not grown in Pakistan,2002,,,,,,
FIBERINDUS,Other soft fibers,Not grown in Pakistan,2003,,,,,,
FIBERINDUS,Other soft fibers,Not grown in Pakistan,2004,,,,,,
FIBERINDUS,Other soft fibers,Not grown in Pakistan,2005,,,,,,
FIBERINDUS,Other soft fibers,Not grown in Pakistan,2006,,,,,,
FIBERINDUS,Other soft fibers,Not grown in Pakistan,2007,,,,,,
FIBERINDUS,Other soft fibers,Not grown in Pakistan,2008,,,,,,
FIBERINDUS,Other soft fibers,Not grown in Pakistan,2009,,,,,,
FIBERINDUS,Other soft fibers,Not grown in Pakistan,2010,,,,,,
FIBERINDUS,Other soft fibers,Not grown in Pakistan,2011,,,,,,
FIBERINDUS,Other soft fibers,Not grown in Pakistan,2012,,,,,,
FIBERINDUS,Other soft fibers,Not grown in Pakistan,2013,,,,,,
FIBERINDUS,Other soft fibers,Not grown in Pakistan,2014,,,,,,
FIBERINDUS,Other soft fibers,Not grown in Pakistan,2015,,,,,,
FIBERINDUS,Other soft fibers,Not grown in Pakistan,2016,,,,,,
FIBERINDUS,Other soft fibers,Not grown in Pakistan,2017,,,,,,
FIBERINDUS,Other soft fibers,Not grown in Pakistan,2018,,,,,,
FIBERINDUS,Other soft fibers,Not grown in Pakistan,2019,,,,,,
FIBERINDUS,Other soft fibers,Not grown in Pakistan,2020,,,,,,
FIBERINDUS,Other soft fibers,Not grown in Pakistan,2021,,,,,,
FIBERINDUS,Other soft fibers,Not grown in Pakistan,2022,,,,,,
FIBERINDUS,Other soft fibers,Not grown in Pakistan,2023,,,,,,
FIBERINDUS,Other soft fibers,Not grown in Pakistan,2024,,,,,,
FIBERINDUS,Other soft fibers,Not grown in Pakistan,2025,,,,,,
OLSOIL,Cotton (seed),Seed Cotton,2000,,,,,,
OLSOIL,Cotton (seed),Seed Cotton,2001,,,,,,
OLSOIL,Cotton (seed),Seed Cotton,2002,,,,,,
OLSOIL,Cotton (seed),Seed Cotton,2003,,0.0,0.0,,0.0,0.0
OLSOIL,Cotton (seed),Seed Cotton,2004,,0.0,0.0,,0.0,0.0
OLSOIL,Cotton (seed),Seed Cotton,2005,,0.0,0.0,,0.0,0.0
OLSOIL,Cotton (seed),Seed Cotton,2006,,0.0,0.0,,0.0,0.0
OLSOIL,Cotton (seed),Seed Cotton,2007,,0.0,0.0,,0.0,0.0
OLSOIL,Cotton (seed),Seed Cotton,2008,,0.0,0.0,,0.0,0.0
OLSOIL,Cotton (seed),Seed Cotton,2009,,0.0,0.0,,0.0,0.0
OLSOIL,Cotton (seed),Seed Cotton,2010,,0.0,0.0,,0.0,0.0
OLSOIL,Cotton (seed),Seed Cotton,2011,,0.0,0.0,,0.0,0.0
OLSOIL,Cotton (seed),Seed Cotton,2012,,0.0,1.957e-05,,0.0,5407.0
OLSOIL,Cotton (seed),Seed Cotton,2013,,5.93e-07,0.004682139,,749.0,2202998.0
OLSOIL,Cotton (seed),Seed Cotton,2014,,7.7951e-05,0.003960217,,240501.0,1366956.0
OLSOIL,Cotton (seed),Seed Cotton,2015,,1.07e-07,0.000115221,,104.0,68297.0
OLSOIL,Cotton (seed),Seed Cotton,2016,,0.000145,1.7124e-05,,29437.0,7484.0
OLSOIL,Cotton (seed),Seed Cotton,2017,,5.266e-06,6.759e-06,,7641.4,2736.71
OLSOIL,Cotton (seed),Seed Cotton,2018,,0.0,6.218e-06,,0.0,20488.35
OLSOIL,Cotton (seed),Seed Cotton,2019,,0.0,1.3632e-05,,0.0,33751.54
OLSOIL,Cotton (seed),Seed Cotton,2020,,0.0,4.701e-06,,0.0,11385.93
OLSOIL,Cotton (seed),Seed Cotton,2021,,8e-08,5.1e-06,,771.68,9848.67
OLSOIL,Cotton (seed),Seed Cotton,2022,,0.0,0.000344185,,0.0,91854.9
OLSOIL,Cotton (seed),Seed Cotton,2023,,0.0,8.048e-06,,0.0,42572.06
OLSOIL,Cotton (seed),Seed Cotton,2024,,0.0,6.09e-07,,0.0,19865.68
OLSOIL,Cotton (seed),Seed Cotton,2025,,0.0,5.47e-07,,0.0,16696.89
OLSOIL,Rapeseed,Rapeseed & Mustard (R&M Seed),2000,,0.3983937,0.001043454,,78318428.0,142483.13
OLSOIL,Rapeseed,Rapeseed & Mustard (R&M Seed),2001,,0.35833223,7.065e-05,,73752382.59,20859.68
OLSOIL,Rapeseed,Rapeseed & Mustard (R&M Seed),2002,,0.51363425,0.000943662,,127553675.0,222742.9
OLSOIL,Rapeseed,Rapeseed & Mustard (R&M Seed),2003,,0.521993103,0.0012759,,158137493.0,424666.0
OLSOIL,Rapeseed,Rapeseed & Mustard (R&M Seed),2004,0.21580000000000002,0.594447897,0.001107662,0.809140235,186404388.0,409806.0
OLSOIL,Rapeseed,Rapeseed & Mustard (R&M Seed),2005,0.18080000000000002,0.953510068,0.00146097,1.132849098,292120705.0,388827.0
OLSOIL,Rapeseed,Rapeseed & Mustard (R&M Seed),2006,0.221,0.838097341,0.00121554,1.057881801,253012926.0,391810.0
OLSOIL,Rapeseed,Rapeseed & Mustard (R&M Seed),2007,0.1851,0.908581032,0.001534088,1.0921469439999998,385461010.0,560740.0
OLSOIL,Rapeseed,Rapeseed & Mustard (R&M Seed),2008,0.1989,0.469049497,0.003516741,0.664432756,310496990.0,2243962.0
OLSOIL,Rapeseed,Rapeseed & Mustard (R&M Seed),2009,0.16219999999999998,0.606550742,0.002063408,0.766687334,279611330.0,1366702.0
OLSOIL,Rapeseed,Rapeseed & Mustard (R&M Seed),2010,0.19190000000000002,1.103375895,0.002007234,1.2932686610000002,546728714.0,881327.0
OLSOIL,Rapeseed,Rapeseed & Mustard (R&M Seed),2011,0.1789,0.779616701,0.001978374,0.956538327,505039740.0,988118.0
OLSOIL,Rapeseed,Rapeseed & Mustard (R&M Seed),2012,0.22030000000000002,0.763049301,0.00520589,0.978143411,492441694.0,1609406.0
OLSOIL,Rapeseed,Rapeseed & Mustard (R&M Seed),2013,0.2307,0.512160089,0.011844043,0.731016046,322683662.0,5533915.0
OLSOIL,Rapeseed,Rapeseed & Mustard (R&M Seed),2014,0.21580000000000002,1.003717085,0.001146137,1.2183709479999998,559027104.0,429503.0
OLSOIL,Rapeseed,Rapeseed & Mustard (R&M Seed),2015,0.194,0.600975412,0.000277069,0.7946983430000001,371752813.0,132517.0
OLSOIL,Rapeseed,Rapeseed & Mustard (R&M Seed),2016,0.1804,0.882125293,0.000146516,1.062378777,464844387.0,85916.0
OLSOIL,Rapeseed,Rapeseed & Mustard (R&M Seed),2017,0.2093,0.814065098,1.5301e-05,1.023349797,475759993.19,31374.17
OLSOIL,Rapeseed,Rapeseed & Mustard (R&M Seed),2018,0.3484,0.809580414,2.6326e-05,1.157954088,400265714.62,20900.42
OLSOIL,Rapeseed,Rapeseed & Mustard (R&M Seed),2019,0.5611,0.859557847,0.000127897,1.4205299500000002,367027120.64,191748.5
OLSOIL,Rapeseed,Rapeseed & Mustard (R&M Seed),2020,0.3374,0.777024956,0.000172742,1.114252214,329906881.24,173123.85
OLSOIL,Rapeseed,Rapeseed & Mustard (R&M Seed),2021,0.4768,0.854300023,0.000530015,1.3305700079999998,494414558.65,504524.98
OLSOIL,Rapeseed,Rapeseed & Mustard (R&M Seed),2022,0.8135800000000001,0.170703818,0.000265281,0.9840185370000001,138551880.94,236954.47
OLSOIL,Rapeseed,Rapeseed & Mustard (R&M Seed),2023,0.4471,1.113053266,5.7476e-05,1.56009579,777188361.1,47372.31
OLSOIL,Rapeseed,Rapeseed & Mustard (R&M Seed),2024,0.6186499999999999,0.7141494,7.5961e-05,1.3327234389999998,421052615.06,74015.29
OLSOIL,Rapeseed,Rapeseed & Mustard (R&M Seed),2025,,0.477713872,0.000126192,,288945641.0,100518.01
OLSOIL,Sesame,Sesamum,2000,0.0507,2.96e-06,0.002223591,0.04847936900000001,6734.0,1356210.38
OLSOIL,Sesame,Sesamum,2001,0.0696,0.000133038,0.033464988,0.036268049999999996,92219.0,17622107.89
OLSOIL,Sesame,Sesamum,2002,0.0192,0.000242501,0.028554332,-0.009111831000000004,133684.32,13005829.32
OLSOIL,Sesame,Sesamum,2003,0.0247,5.741e-05,0.006633702,0.018123708000000002,32418.0,4281610.0
OLSOIL,Sesame,Sesamum,2004,0.0298,0.000222353,0.009679058,0.020343295,83281.0,7273811.0
OLSOIL,Sesame,Sesamum,2005,0.0351,0.0,0.010548267,0.024551733,0.0,8561173.0
OLSOIL,Sesame,Sesamum,2006,0.0304,0.0,0.014268223,0.016131777,0.0,10884218.0
OLSOIL,Sesame,Sesamum,2007,0.032799999999999996,0.00013145,0.026341626,0.006589823999999994,67158.0,24066306.0
OLSOIL,Sesame,Sesamum,2008,0.041,7.684e-05,0.027303819,0.013773021000000003,57767.0,29761868.0
OLSOIL,Sesame,Sesamum,2009,0.0334,6.15e-05,0.029733507,0.003727992999999999,25482.0,37400168.0
OLSOIL,Sesame,Sesamum,2010,0.031100000000000003,2.1543e-05,0.008193257,0.022928286,23806.0,11286173.0
OLSOIL,Sesame,Sesamum,2011,0.0303,2.7174e-05,0.014440233,0.015886941,37278.0,18354496.0
OLSOIL,Sesame,Sesamum,2012,0.0291,1.2001e-05,0.0220337,0.007078301000000002,15271.0,29638293.0
OLSOIL,Sesame,Sesamum,2013,0.032600000000000004,3.7906e-05,0.031984631,0.0006532750000000018,92332.0,57636104.0
OLSOIL,Sesame,Sesamum,2014,0.0343,1.0295e-05,0.033348158,0.0009621369999999949,41265.0,65401723.0
OLSOIL,Sesame,Sesamum,2015,0.0318,5.351e-06,0.026760898,0.005044453000000001,16114.0,40505966.0
OLSOIL,Sesame,Sesamum,2016,0.0341,2.1563e-05,0.022488816,0.011632747000000002,35417.0,32539035.0
OLSOIL,Sesame,Sesamum,2017,0.0354,2.9234e-05,0.035519741,-9.050699999999662e-05,14273.47,43491133.61
OLSOIL,Sesame,Sesamum,2018,0.0358,0.0,0.048837288,-0.013037288000000001,0.0,73496870.04
OLSOIL,Sesame,Sesamum,2019,0.0645,3.5e-07,0.026758964,0.037741386,475.18,40325508.86
OLSOIL,Sesame,Sesamum,2020,0.1022,0.0,0.032837775,0.069362225,0.0,39616231.66
OLSOIL,Sesame,Sesamum,2021,0.1281,5e-09,0.160427617,-0.032327612000000006,30.85,214097954.52
OLSOIL,Sesame,Sesamum,2022,0.152341,0.0,0.096410186,0.05593081400000001,0.0,146130335.52
OLSOIL,Sesame,Sesamum,2023,0.30123700000000003,8e-07,0.239092235,0.06214556500000007,165.51,414457103.36
OLSOIL,Sesame,Sesamum,2024,0.435928,3.962e-06,0.280061164,0.15587079800000003,1692.5,345725976.5
OLSOIL,Sesame,Sesamum,2025,,0.0,0.163958695,,0.0,187309212.16
OLSOIL,Sunflower,Sunflower,2000,0.068646,0.032335272,2.0272e-05,0.100961,6078118.0,50530.0
OLSOIL,Sunflower,Sunflower,2001,0.073962,0.000203161,7.214e-06,0.07415794699999999,113143.0,3355.0
OLSOIL,Sunflower,Sunflower,2002,0.128531,0.01969319,2e-06,0.14822219,5146729.47,944.0
OLSOIL,Sunflower,Sunflower,2003,0.35853199999999996,0.158771449,0.0,0.5173034489999999,46463212.0,0.0
OLSOIL,Sunflower,Sunflower,2004,0.32765,0.131777982,6.8629e-05,0.459359353,39223041.0,233565.0
OLSOIL,Sunflower,Sunflower,2005,0.348275,0.000855153,0.0,0.349130153,3319733.0,0.0
OLSOIL,Sunflower,Sunflower,2006,0.407224,0.248150847,0.0,0.655374847,82975903.0,0.0
OLSOIL,Sunflower,Sunflower,2007,0.603894,0.074950622,0.0,0.6788446220000001,29084015.0,0.0
OLSOIL,Sunflower,Sunflower,2008,0.420487,0.015562291,0.0,0.436049291,7392030.0,0.0
OLSOIL,Sunflower,Sunflower,2009,0.325478,0.28711994,1.5e-06,0.61259644,115616034.0,1138.0
OLSOIL,Sunflower,Sunflower,2010,0.404391,0.019822094,0.0,0.424213094,10698210.0,0.0
OLSOIL,Sunflower,Sunflower,2011,0.282923,0.158955304,1.7e-06,0.44187660399999995,104843127.0,2485.0
OLSOIL,Sunflower,Sunflower,2012,0.24338100000000001,0.050209428,8.246e-06,0.293582182,29812606.0,17223.0
OLSOIL,Sunflower,Sunflower,2013,0.193101,0.07000471,5.746e-06,0.263099964,72801389.0,8483.0
OLSOIL,Sunflower,Sunflower,2014,0.168625,0.09711495,3.88e-07,0.265739562,88864864.0,159.0
OLSOIL,Sunflower,Sunflower,2015,0.0859,0.023952942,5.87e-07,0.10985235500000001,21376270.0,1334.0
OLSOIL,Sunflower,Sunflower,2016,0.10629999999999999,0.043293424,3.295e-06,0.149590129,54558960.0,6290.0
OLSOIL,Sunflower,Sunflower,2017,0.14759999999999998,0.028467365,1.01e-05,0.17605726499999996,21220656.47,16477.46
OLSOIL,Sunflower,Sunflower,2018,0.1328,0.003561933,1.08e-06,0.136360853,1927655.53,1943.06
OLSOIL,Sunflower,Sunflower,2019,0.147122,0.008084855,0.0002993,0.154907555,4628969.38,106971.8
OLSOIL,Sunflower,Sunflower,2020,0.091545,0.007805966,0.0,0.099350966,6885047.14,0.0
OLSOIL,Sunflower,Sunflower,2021,0.083518,0.01327412,7.5e-08,0.096792045,3065996.29,48.9
OLSOIL,Sunflower,Sunflower,2022,0.132803,0.016836042,0.0,0.149639042,6377076.26,0.0
OLSOIL,Sunflower,Sunflower,2023,0.097973,0.045847907,0.0,0.143820907,35604970.2,0.0
OLSOIL,Sunflower,Sunflower,2024,0.080583,0.058509816,0.0,0.139092816,33414066.06,0.0
OLSOIL,Sunflower,Sunflower,2025,,0.046593528,1.14e-05,,19636805.89,6808.4
OLSOIL,Oil palm fruit,Not grown in Pakistan,2000,,,,,,13648.0
OLSOIL,Oil palm fruit,Not grown in Pakistan,2001,,1.1e-08,1.283e-06,,772.0,10518.0
OLSOIL,Oil palm fruit,Not grown in Pakistan,2002,,,7.9e-07,,1256.0,8555.0
OLSOIL,Oil palm fruit,Not grown in Pakistan,2003,,0.00283765,0.0,,700669.0,0.0
OLSOIL,Oil palm fruit,Not grown in Pakistan,2004,,3.4906e-05,0.0,,14974.0,0.0
OLSOIL,Oil palm fruit,Not grown in Pakistan,2005,,0.0,0.0,,0.0,0.0
OLSOIL,Oil palm fruit,Not grown in Pakistan,2006,,0.0,0.0,,0.0,0.0
OLSOIL,Oil palm fruit,Not grown in Pakistan,2007,,0.0,0.0,,0.0,0.0
OLSOIL,Oil palm fruit,Not grown in Pakistan,2008,,0.0,0.0,,0.0,0.0
OLSOIL,Oil palm fruit,Not grown in Pakistan,2009,,0.0,0.0,,0.0,0.0
OLSOIL,Oil palm fruit,Not grown in Pakistan,2010,,0.0,0.0,,0.0,0.0
OLSOIL,Oil palm fruit,Not grown in Pakistan,2011,,0.0,0.0,,0.0,0.0
OLSOIL,Oil palm fruit,Not grown in Pakistan,2012,,0.0,0.0,,0.0,0.0
OLSOIL,Oil palm fruit,Not grown in Pakistan,2013,,0.0,0.0,,0.0,0.0
OLSOIL,Oil palm fruit,Not grown in Pakistan,2014,,0.0,0.0,,0.0,0.0
OLSOIL,Oil palm fruit,Not grown in Pakistan,2015,,0.0,0.0,,0.0,0.0
OLSOIL,Oil palm fruit,Not grown in Pakistan,2016,,3e-06,0.0,,865.0,0.0
OLSOIL,Oil palm fruit,Not grown in Pakistan,2017,,0.0,0.0,,0.0,0.0
OLSOIL,Oil palm fruit,Not grown in Pakistan,2018,,0.0,6.1001e-05,,0.0,134950.39
OLSOIL,Oil palm fruit,Not grown in Pakistan,2019,,0.0,0.0,,0.0,0.0
OLSOIL,Oil palm fruit,Not grown in Pakistan,2020,,0.0,0.0,,0.0,0.0
OLSOIL,Oil palm fruit,Not grown in Pakistan,2021,,0.0,0.0,,0.0,0.0
OLSOIL,Oil palm fruit,Not grown in Pakistan,2022,,0.0,0.0,,0.0,0.0
OLSOIL,Oil palm fruit,Not grown in Pakistan,2023,,0.0,0.0,,0.0,0.0
OLSOIL,Oil palm fruit,Not grown in Pakistan,2024,,0.0,0.0,,0.0,0.0
OLSOIL,Oil palm fruit,Not grown in Pakistan,2025,,0.0,0.0,,0.0,0.0
OLSOIL,Olive,Emerging — no usable series,2000,,,,,,
OLSOIL,Olive,Emerging — no usable series,2001,,,,,,
OLSOIL,Olive,Emerging — no usable series,2002,,,,,,
OLSOIL,Olive,Emerging — no usable series,2003,,0.0,0.0,,0.0,0.0
OLSOIL,Olive,Emerging — no usable series,2004,,0.0,0.0,,0.0,0.0
OLSOIL,Olive,Emerging — no usable series,2005,,0.0,0.0,,0.0,0.0
OLSOIL,Olive,Emerging — no usable series,2006,,0.0,0.0,,0.0,0.0
OLSOIL,Olive,Emerging — no usable series,2007,,0.0,0.0,,0.0,0.0
OLSOIL,Olive,Emerging — no usable series,2008,,0.0,0.0,,0.0,0.0
OLSOIL,Olive,Emerging — no usable series,2009,,0.0,0.0,,0.0,0.0
OLSOIL,Olive,Emerging — no usable series,2010,,0.0,0.0,,0.0,0.0
OLSOIL,Olive,Emerging — no usable series,2011,,0.0,0.0,,0.0,0.0
OLSOIL,Olive,Emerging — no usable series,2012,,1.33e-07,3.3036e-05,,227.0,7812.0
OLSOIL,Olive,Emerging — no usable series,2013,,1.36e-07,0.0,,228.0,0.0
OLSOIL,Olive,Emerging — no usable series,2014,,1.26e-07,0.0,,199.0,0.0
OLSOIL,Olive,Emerging — no usable series,2015,,1.825e-06,0.0,,1569.0,0.0
OLSOIL,Olive,Emerging — no usable series,2016,,9.16e-07,0.0,,735.0,0.0
OLSOIL,Olive,Emerging — no usable series,2017,,9.39e-07,0.0,,2015.58,0.0
OLSOIL,Olive,Emerging — no usable series,2018,,0.0,0.0,,0.0,0.0
OLSOIL,Olive,Emerging — no usable series,2019,,9e-06,0.001632359,,4866.44,955483.77
OLSOIL,Olive,Emerging — no usable series,2020,,0.0,0.0,,0.0,0.0
OLSOIL,Olive,Emerging — no usable series,2021,,1.56e-07,0.0,,166.56,0.0
OLSOIL,Olive,Emerging — no usable series,2022,,1.46e-07,0.0,,190.23,0.0
OLSOIL,Olive,Emerging — no usable series,2023,,0.0,0.0,,0.0,0.0
OLSOIL,Olive,Emerging — no usable series,2024,,0.0,0.0,,0.0,0.0
OLSOIL,Olive,Emerging — no usable series,2025,,0.0,0.0,,0.0,0.0
OLSOIL,Soybean oil,Raw material (soybean) unavailable,2000,,0.154709624,6.429e-06,,50258081.0,3484.0
OLSOIL,Soybean oil,Raw material (soybean) unavailable,2001,,0.111854861,,,35120358.0,
OLSOIL,Soybean oil,Raw material (soybean) unavailable,2002,,0.099833177,,,42651382.0,
OLSOIL,Soybean oil,Raw material (soybean) unavailable,2003,,0.104635554,0.0,,60231116.0,0.0
OLSOIL,Soybean oil,Raw material (soybean) unavailable,2004,,0.080755636,0.0,,45005717.0,0.0
OLSOIL,Soybean oil,Raw material (soybean) unavailable,2005,,0.055390881,0.0,,33642516.0,0.0
OLSOIL,Soybean oil,Raw material (soybean) unavailable,2006,,0.043787843,0.0,,33039716.0,0.0
OLSOIL,Soybean oil,Raw material (soybean) unavailable,2007,,0.078808268,2.205e-06,,65648263.0,2542.0
OLSOIL,Soybean oil,Raw material (soybean) unavailable,2008,,0.065843287,0.0,,70125176.0,0.0
OLSOIL,Soybean oil,Raw material (soybean) unavailable,2009,,0.08393626,0.0,,76081804.0,0.0
OLSOIL,Soybean oil,Raw material (soybean) unavailable,2010,,0.060245259,0.0,,58435527.0,0.0
OLSOIL,Soybean oil,Raw material (soybean) unavailable,2011,,0.05643707,0.0,,66540329.0,0.0
OLSOIL,Soybean oil,Raw material (soybean) unavailable,2012,,0.047283358,0.0,,61065429.0,0.0
OLSOIL,Soybean oil,Raw material (soybean) unavailable,2013,,0.056547961,0.0,,61901525.0,0.0
OLSOIL,Soybean oil,Raw material (soybean) unavailable,2014,,0.125255338,0.0,,119789305.0,0.0
OLSOIL,Soybean oil,Raw material (soybean) unavailable,2015,,0.090578968,0.0,,121870631.0,0.0
OLSOIL,Soybean oil,Raw material (soybean) unavailable,2016,,0.10341083,1.4e-07,,139613757.0,2429.0
OLSOIL,Soybean oil,Raw material (soybean) unavailable,2017,,0.167965507,3.2e-05,,166527972.17,4398.9
OLSOIL,Soybean oil,Raw material (soybean) unavailable,2018,,0.10844114,0.0,,84138186.6,0.0
OLSOIL,Soybean oil,Raw material (soybean) unavailable,2019,,0.144335645,0.0,,99989342.39,0.0
OLSOIL,Soybean oil,Raw material (soybean) unavailable,2020,,0.097798415,0.0007965,,66550561.71,1009605.58
OLSOIL,Soybean oil,Raw material (soybean) unavailable,2021,,0.081048906,0.000938895,,92704164.73,1325118.82
OLSOIL,Soybean oil,Raw material (soybean) unavailable,2022,,0.211477569,3.12e-05,,308648346.76,54105.89
OLSOIL,Soybean oil,Raw material (soybean) unavailable,2023,,0.206422691,2e-07,,247945840.83,14378.76
OLSOIL,Soybean oil,Raw material (soybean) unavailable,2024,,0.161723255,0.0,,163129767.73,0.0
OLSOIL,Soybean oil,Raw material (soybean) unavailable,2025,,0.276149216,0.004718536,,307901369.03,6207056.35
OLSOIL,Coconut oil,Derived from coconut,2000,,0.009419571,2.5662e-05,,4301121.0,20631.0
OLSOIL,Coconut oil,Derived from coconut,2001,,0.016922983,0.000378001,,5028754.0,216647.0
OLSOIL,Coconut oil,Derived from coconut,2002,,0.013001446,6.71e-07,,4555056.95,1648.0
OLSOIL,Coconut oil,Derived from coconut,2003,,0.006403626,0.0,,3758770.0,0.0
OLSOIL,Coconut oil,Derived from coconut,2004,,0.005426961,0.0,,3455500.0,0.0
OLSOIL,Coconut oil,Derived from coconut,2005,,0.006479881,0.0,,5202817.0,0.0
OLSOIL,Coconut oil,Derived from coconut,2006,,0.007613031,3.393e-06,,5747974.0,4223.0
OLSOIL,Coconut oil,Derived from coconut,2007,,0.010718308,1.927e-06,,9852782.0,3195.0
OLSOIL,Coconut oil,Derived from coconut,2008,,0.008228911,0.0,,10486617.0,0.0
OLSOIL,Coconut oil,Derived from coconut,2009,,0.009094317,4.537e-06,,8587007.0,8908.0
OLSOIL,Coconut oil,Derived from coconut,2010,,0.009808196,3.948e-06,,10211367.0,10777.0
OLSOIL,Coconut oil,Derived from coconut,2011,,0.00792825,8e-07,,13774229.0,1535.0
OLSOIL,Coconut oil,Derived from coconut,2012,,0.006701566,1.048e-06,,8976256.0,2798.0
OLSOIL,Coconut oil,Derived from coconut,2013,,0.005734658,2.957e-06,,6115230.0,14524.0
OLSOIL,Coconut oil,Derived from coconut,2014,,0.005631155,3.914e-06,,7754077.0,10703.0
OLSOIL,Coconut oil,Derived from coconut,2015,,0.005741045,0.0,,7405526.0,0.0
OLSOIL,Coconut oil,Derived from coconut,2016,,0.006670535,6.68e-07,,8700990.0,2239.0
OLSOIL,Coconut oil,Derived from coconut,2017,,0.005938131,3.8152e-05,,9161586.96,102792.21
OLSOIL,Coconut oil,Derived from coconut,2018,,0.006753668,8e-08,,8121577.61,279.84
OLSOIL,Coconut oil,Derived from coconut,2019,,0.006455498,4.95e-07,,6022077.66,2754.65
OLSOIL,Coconut oil,Derived from coconut,2020,,0.004650961,4.176e-05,,4403382.67,73860.21
OLSOIL,Coconut oil,Derived from coconut,2021,,0.005151142,3.0123e-05,,5895662.36,54397.71
OLSOIL,Coconut oil,Derived from coconut,2022,,0.007420586,6.174e-06,,9976981.91,10427.87
OLSOIL,Coconut oil,Derived from coconut,2023,,0.005004786,1.9662e-05,,5257866.02,27812.57
OLSOIL,Coconut oil,Derived from coconut,2024,,0.006621274,5.6992e-05,,7901574.82,141240.81
OLSOIL,Coconut oil,Derived from coconut,2025,,0.005418107,0.000289399,,7165052.27,824002.13
OLSOIL,Groundnut oil,Derived from groundnut,2000,,,2.86e-06,,,11570.0
OLSOIL,Groundnut oil,Derived from groundnut,2001,,1.387e-05,1.831e-06,,86413.0,5678.0
OLSOIL,Groundnut oil,Derived from groundnut,2002,,8.409e-06,1.171e-06,,78418.0,1479.0
OLSOIL,Groundnut oil,Derived from groundnut,2003,,5.6e-06,0.0,,3238.0,0.0
OLSOIL,Groundnut oil,Derived from groundnut,2004,,0.0,0.0,,0.0,0.0
OLSOIL,Groundnut oil,Derived from groundnut,2005,,4.688e-05,0.0,,47983.0,0.0
OLSOIL,Groundnut oil,Derived from groundnut,2006,,3.1649e-05,0.0,,33051.0,0.0
OLSOIL,Groundnut oil,Derived from groundnut,2007,,4.8912e-05,0.0,,59987.0,0.0
OLSOIL,Groundnut oil,Derived from groundnut,2008,,3.8982e-05,1.18e-06,,57444.0,3387.0
OLSOIL,Groundnut oil,Derived from groundnut,2009,,5.9379e-05,0.0,,117391.0,0.0
OLSOIL,Groundnut oil,Derived from groundnut,2010,,4.5534e-05,3.022e-06,,87662.0,8792.0
OLSOIL,Groundnut oil,Derived from groundnut,2011,,4.5274e-05,7.1e-07,,144584.0,8016.0
OLSOIL,Groundnut oil,Derived from groundnut,2012,,2.4346e-05,8.277e-06,,102615.0,28803.0
OLSOIL,Groundnut oil,Derived from groundnut,2013,,3.1988e-05,8.392e-06,,109215.0,25610.0
OLSOIL,Groundnut oil,Derived from groundnut,2014,,1.7048e-05,8.261e-06,,63148.0,32771.0
OLSOIL,Groundnut oil,Derived from groundnut,2015,,2.1727e-05,7.016e-06,,89214.0,20263.0
OLSOIL,Groundnut oil,Derived from groundnut,2016,,2.4799e-05,5.535e-06,,85031.0,20883.0
OLSOIL,Groundnut oil,Derived from groundnut,2017,,9.786e-06,1.45e-06,,31490.3,6443.5
OLSOIL,Groundnut oil,Derived from groundnut,2018,,7.195e-06,3.368e-05,,25305.48,56558.22
OLSOIL,Groundnut oil,Derived from groundnut,2019,,5.133e-06,3.821e-06,,25542.21,17983.39
OLSOIL,Groundnut oil,Derived from groundnut,2020,,9.644e-06,1.9992e-05,,19623.09,65039.14
OLSOIL,Groundnut oil,Derived from groundnut,2021,,6.964e-06,2.082e-06,,33138.21,20074.76
OLSOIL,Groundnut oil,Derived from groundnut,2022,,4.666e-06,0.0,,17166.71,0.0
OLSOIL,Groundnut oil,Derived from groundnut,2023,,1.352e-06,0.0,,28888.72,0.0
OLSOIL,Groundnut oil,Derived from groundnut,2024,,5.08e-07,1.671e-06,,6792.59,25916.66
OLSOIL,Groundnut oil,Derived from groundnut,2025,,1.807e-06,1.33e-06,,27478.65,23540.97
OLSOIL,Palm oil,Not produced domestically,2000,,1.0399716,,,298488041.0,
OLSOIL,Palm oil,Not produced domestically,2001,,0.729996883,6.5411e-05,,292427191.0,29206.0
OLSOIL,Palm oil,Not produced domestically,2002,,1.265062199,4e-08,,457741151.0,34.0
OLSOIL,Palm oil,Not produced domestically,2003,,1.310763172,0.0,,598119845.0,0.0
OLSOIL,Palm oil,Not produced domestically,2004,,1.279966198,0.0,,605641312.0,0.0
OLSOIL,Palm oil,Not produced domestically,2005,,1.723093936,0.0,,752800138.0,0.0
OLSOIL,Palm oil,Not produced domestically,2006,,1.674455044,0.0,,766122633.0,0.0
OLSOIL,Palm oil,Not produced domestically,2007,,1.637349359,0.0,,1146754267.0,0.0
OLSOIL,Palm oil,Not produced domestically,2008,,1.660980937,0.0,,1676068491.0,0.0
OLSOIL,Palm oil,Not produced domestically,2009,,1.838569976,0.000324285,,1245777988.0,440608.0
OLSOIL,Palm oil,Not produced domestically,2010,,1.938870792,0.0,,1659241323.0,0.0
OLSOIL,Palm oil,Not produced domestically,2011,,2.016981326,0.000203468,,2355039226.0,198710.0
OLSOIL,Palm oil,Not produced domestically,2012,,2.036041442,0.0,,2131602165.0,0.0
OLSOIL,Palm oil,Not produced domestically,2013,,2.248607383,0.003,,1842879393.0,3239440.0
OLSOIL,Palm oil,Not produced domestically,2014,,2.352732345,0.0,,1943596543.0,0.0
OLSOIL,Palm oil,Not produced domestically,2015,,2.51930538,0.001818043,,1653405251.0,2086050.0
OLSOIL,Palm oil,Not produced domestically,2016,,2.603180902,0.0,,1701167685.0,0.0
OLSOIL,Palm oil,Not produced domestically,2017,,2.773343827,0.0,,2096233477.59,0.0
OLSOIL,Palm oil,Not produced domestically,2018,,2.964214932,0.0,,1930229185.58,0.0
OLSOIL,Palm oil,Not produced domestically,2019,,3.164630187,0.0,,1752711129.87,0.0
OLSOIL,Palm oil,Not produced domestically,2020,,3.084363328,1.45e-06,,2109310030.41,1501.99
OLSOIL,Palm oil,Not produced domestically,2021,,3.153103909,0.0,,3408796504.87,5164.06
OLSOIL,Palm oil,Not produced domestically,2022,,2.815779476,1.5e-07,,3805331757.38,206.61
OLSOIL,Palm oil,Not produced domestically,2023,,2.984168529,1e-07,,2921509947.23,212.24
OLSOIL,Palm oil,Not produced domestically,2024,,3.09294648,0.000692872,,2928780864.26,731852.03
OLSOIL,Palm oil,Not produced domestically,2025,,3.476112113,0.081946302,,3839679374.59,92417278.7
OLSOIL,Other oils,Linseed + Safflower + Castorseed,2000,0.003843,0.025265486,,,8462337.0,
OLSOIL,Other oils,Linseed + Safflower + Castorseed,2001,0.004674,0.055332629,5.7127e-05,0.059949502,17272072.0,39872.0
OLSOIL,Other oils,Linseed + Safflower + Castorseed,2002,0.004057000000000001,0.013678263,1.572e-06,0.017733691000000003,5265644.0,1499.0
OLSOIL,Other oils,Linseed + Safflower + Castorseed,2003,0.0055910000000000005,0.010024868,1e-06,0.015614868,7771623.0,554.0
OLSOIL,Other oils,Linseed + Safflower + Castorseed,2004,0.0046429999999999996,0.013327729,1e-06,0.017969728999999997,10582357.0,549.0
OLSOIL,Other oils,Linseed + Safflower + Castorseed,2005,0.00487,0.006679115,1.7708e-05,0.011531407,6636625.0,18959.0
OLSOIL,Other oils,Linseed + Safflower + Castorseed,2006,0.006497,0.009782852,2.08e-06,0.016277772,6047537.0,2359.0
OLSOIL,Other oils,Linseed + Safflower + Castorseed,2007,0.005384000000000001,0.009426245,6.105e-06,0.01480414,7538893.0,13713.0
OLSOIL,Other oils,Linseed + Safflower + Castorseed,2008,0.007744,0.009432785,5.2682e-05,0.017124103,13724635.0,151356.0
OLSOIL,Other oils,Linseed + Safflower + Castorseed,2009,0.0035619999999999996,0.009423957,3.9771e-05,0.012946186,7632817.0,70588.0
OLSOIL,Other oils,Linseed + Safflower + Castorseed,2010,0.006193,0.011704797,9.23e-06,0.017888567,13067354.0,17233.0
OLSOIL,Other oils,Linseed + Safflower + Castorseed,2011,0.006055,0.010523187,8.7473e-05,0.016490714,18236028.0,182128.0
OLSOIL,Other oils,Linseed + Safflower + Castorseed,2012,0.0070220000000000005,0.009253877,3.3956e-05,0.016241921,13051215.0,62793.0
OLSOIL,Other oils,Linseed + Safflower + Castorseed,2013,0.007039,0.009526971,5.4249e-05,0.016511722,9754040.0,120323.0
OLSOIL,Other oils,Linseed + Safflower + Castorseed,2014,0.004704,0.010592495,3.8935e-05,0.01525756,12900298.0,117256.0
OLSOIL,Other oils,Linseed + Safflower + Castorseed,2015,0.004072,0.009099211,3.7415e-05,0.013133795999999998,9760240.0,104318.0
OLSOIL,Other oils,Linseed + Safflower + Castorseed,2016,0.004033999999999999,0.011838913,9.07e-06,0.015863843,15103746.0,39628.0
OLSOIL,Other oils,Linseed + Safflower + Castorseed,2017,0.003908,0.010990754,3.5529e-05,0.014863225,18919668.1,101181.91
OLSOIL,Other oils,Linseed + Safflower + Castorseed,2018,0.002999,0.014473875,9.6929e-05,0.017375946,18199112.48,177843.41
OLSOIL,Other oils,Linseed + Safflower + Castorseed,2019,0.004224,0.008775009,0.000101773,0.012897236000000001,8524636.76,112262.59
OLSOIL,Other oils,Linseed + Safflower + Castorseed,2020,0.005732999999999999,0.006319859,0.000242727,0.011810132,5972908.9,307359.08
OLSOIL,Other oils,Linseed + Safflower + Castorseed,2021,0.006099,0.008854611,0.003669959,0.011283652,13278140.82,5827312.21
OLSOIL,Other oils,Linseed + Safflower + Castorseed,2022,0.005224,0.022344811,0.000716619,0.026852191999999997,30011104.72,1511469.66
OLSOIL,Other oils,Linseed + Safflower + Castorseed,2023,,0.036353576,0.000607562,,42593391.37,789172.97
OLSOIL,Other oils,Linseed + Safflower + Castorseed,2024,,0.032377454,0.001543351,,34017915.64,2812252.32
OLSOIL,Other oils,Linseed + Safflower + Castorseed,2025,,0.095012304,0.000664589,,109437189.02,952227.93
OLSCAKE,Cotton cake,Derived from seed cotton,2000,,,,,,
OLSCAKE,Cotton cake,Derived from seed cotton,2001,,,4.48e-05,,,4670.0
OLSCAKE,Cotton cake,Derived from seed cotton,2002,,,,,,
OLSCAKE,Cotton cake,Derived from seed cotton,2003,,3e-05,0.00040979,,2650.0,37633.0
OLSCAKE,Cotton cake,Derived from seed cotton,2004,,0.0,0.000741685,,0.0,108155.0
OLSCAKE,Cotton cake,Derived from seed cotton,2005,,2.295e-05,0.000216,,2060.0,23032.0
OLSCAKE,Cotton cake,Derived from seed cotton,2006,,0.000686705,0.000271308,,78816.0,40649.0
OLSCAKE,Cotton cake,Derived from seed cotton,2007,,0.0,0.000289,,0.0,36659.0
OLSCAKE,Cotton cake,Derived from seed cotton,2008,,3.8e-06,7.8e-05,,551.0,24219.0
OLSCAKE,Cotton cake,Derived from seed cotton,2009,,0.000698912,2e-07,,85766.0,29.0
OLSCAKE,Cotton cake,Derived from seed cotton,2010,,0.00017476,0.00114911,,16411.0,316716.0
OLSCAKE,Cotton cake,Derived from seed cotton,2011,,0.0,0.013934274,,0.0,4596893.0
OLSCAKE,Cotton cake,Derived from seed cotton,2012,,0.0,0.000362709,,0.0,65007.0
OLSCAKE,Cotton cake,Derived from seed cotton,2013,,0.00113208,0.000518989,,149874.0,164748.0
OLSCAKE,Cotton cake,Derived from seed cotton,2014,,0.0,0.000229643,,0.0,145420.0
OLSCAKE,Cotton cake,Derived from seed cotton,2015,,0.0,0.0,,0.0,0.0
OLSCAKE,Cotton cake,Derived from seed cotton,2016,,6.886e-06,6.5e-05,,3811.0,8667.0
OLSCAKE,Cotton cake,Derived from seed cotton,2017,,4.5e-06,2.5e-05,,1704.97,7100.59
OLSCAKE,Cotton cake,Derived from seed cotton,2018,,0.0,0.0,,0.0,0.0
OLSCAKE,Cotton cake,Derived from seed cotton,2019,,5.82e-05,0.0,,7118.91,0.0
OLSCAKE,Cotton cake,Derived from seed cotton,2020,,0.0,0.000304516,,0.0,73697.97
OLSCAKE,Cotton cake,Derived from seed cotton,2021,,0.0,0.00153258,,0.0,543230.32
OLSCAKE,Cotton cake,Derived from seed cotton,2022,,0.0,0.0,,0.0,0.0
OLSCAKE,Cotton cake,Derived from seed cotton,2023,,0.0,0.0,,0.0,0.0
OLSCAKE,Cotton cake,Derived from seed cotton,2024,,5.6165e-05,0.0,,19556.31,0.0
OLSCAKE,Cotton cake,Derived from seed cotton,2025,,0.0,0.00019745,,0.0,90261.42
OLSCAKE,Groundnut cake,Derived from groundnut,2000,,,,,,
OLSCAKE,Groundnut cake,Derived from groundnut,2001,,,,,,
OLSCAKE,Groundnut cake,Derived from groundnut,2002,,,,,,
OLSCAKE,Groundnut cake,Derived from groundnut,2003,,0.0,0.000102,,0.0,28144.0
OLSCAKE,Groundnut cake,Derived from groundnut,2004,,0.0,0.0,,0.0,0.0
OLSCAKE,Groundnut cake,Derived from groundnut,2005,,0.0,0.0,,0.0,0.0
OLSCAKE,Groundnut cake,Derived from groundnut,2006,,0.0,0.0,,0.0,0.0
OLSCAKE,Groundnut cake,Derived from groundnut,2007,,0.0,0.0,,0.0,0.0
OLSCAKE,Groundnut cake,Derived from groundnut,2008,,0.0,0.000115664,,0.0,23859.0
OLSCAKE,Groundnut cake,Derived from groundnut,2009,,0.0,7e-06,,0.0,441.0
OLSCAKE,Groundnut cake,Derived from groundnut,2010,,1.4e-06,1.6e-05,,661.0,4254.0
OLSCAKE,Groundnut cake,Derived from groundnut,2011,,0.0,4e-06,,0.0,806.0
OLSCAKE,Groundnut cake,Derived from groundnut,2012,,0.0,8.3221e-05,,0.0,9176.0
OLSCAKE,Groundnut cake,Derived from groundnut,2013,,0.0,0.001640132,,0.0,582160.0
OLSCAKE,Groundnut cake,Derived from groundnut,2014,,0.0,5.4e-05,,0.0,10940.0
OLSCAKE,Groundnut cake,Derived from groundnut,2015,,0.0,0.00011665,,0.0,23230.0
OLSCAKE,Groundnut cake,Derived from groundnut,2016,,0.0,4.1858e-05,,0.0,13443.0
OLSCAKE,Groundnut cake,Derived from groundnut,2017,,0.0,1.5e-05,,0.0,2846.23
OLSCAKE,Groundnut cake,Derived from groundnut,2018,,0.0,0.0,,0.0,0.0
OLSCAKE,Groundnut cake,Derived from groundnut,2019,,0.0,1.7e-05,,0.0,2828.98
OLSCAKE,Groundnut cake,Derived from groundnut,2020,,0.0,0.0,,0.0,0.0
OLSCAKE,Groundnut cake,Derived from groundnut,2021,,0.0,0.0,,0.0,0.0
OLSCAKE,Groundnut cake,Derived from groundnut,2022,,0.0,0.0,,0.0,0.0
OLSCAKE,Groundnut cake,Derived from groundnut,2023,,0.0,0.0,,0.0,0.0
OLSCAKE,Groundnut cake,Derived from groundnut,2024,,0.0,0.0,,0.0,0.0
OLSCAKE,Groundnut cake,Derived from groundnut,2025,,0.0,0.0,,0.0,0.0
OLSCAKE,Rapeseed cake,Derived from rapeseed,2000,,,,,,
OLSCAKE,Rapeseed cake,Derived from rapeseed,2001,,,,,,
OLSCAKE,Rapeseed cake,Derived from rapeseed,2002,,,,,,
OLSCAKE,Rapeseed cake,Derived from rapeseed,2003,,0.0,4e-05,,0.0,4834.0
OLSCAKE,Rapeseed cake,Derived from rapeseed,2004,,0.0,0.005894658,,0.0,954319.0
OLSCAKE,Rapeseed cake,Derived from rapeseed,2005,,0.0,0.0048944,,0.0,773718.0
OLSCAKE,Rapeseed cake,Derived from rapeseed,2006,,0.0,0.010445306,,0.0,1651755.0
OLSCAKE,Rapeseed cake,Derived from rapeseed,2007,,8.63e-07,0.016777111,,184.0,2666027.0
OLSCAKE,Rapeseed cake,Derived from rapeseed,2008,,3.086e-06,0.004122552,,516.0,1225767.0
OLSCAKE,Rapeseed cake,Derived from rapeseed,2009,,0.0,0.010321097,,0.0,2939205.0
OLSCAKE,Rapeseed cake,Derived from rapeseed,2010,,0.0,0.050327882,,0.0,14040174.0
OLSCAKE,Rapeseed cake,Derived from rapeseed,2011,,0.0,0.010802786,,0.0,3325489.0
OLSCAKE,Rapeseed cake,Derived from rapeseed,2012,,0.013302898,0.077194314,,5130218.0,22708264.0
OLSCAKE,Rapeseed cake,Derived from rapeseed,2013,,0.018394276,0.075599943,,5871816.0,29483944.0
OLSCAKE,Rapeseed cake,Derived from rapeseed,2014,,0.048525131,0.148030012,,16625765.0,50724415.0
OLSCAKE,Rapeseed cake,Derived from rapeseed,2015,,0.000499826,0.040729234,,210867.0,8132613.0
OLSCAKE,Rapeseed cake,Derived from rapeseed,2016,,0.0,0.0244813,,0.0,6748874.0
OLSCAKE,Rapeseed cake,Derived from rapeseed,2017,,8.1e-06,0.014392023,,3827.84,4302209.56
OLSCAKE,Rapeseed cake,Derived from rapeseed,2018,,0.00019198,0.057225005,,72666.9,18237758.35
OLSCAKE,Rapeseed cake,Derived from rapeseed,2019,,0.000239709,0.040921612,,45518.28,12066128.87
OLSCAKE,Rapeseed cake,Derived from rapeseed,2020,,0.001309679,0.041109034,,910802.54,11935723.49
OLSCAKE,Rapeseed cake,Derived from rapeseed,2021,,0.010696707,0.04284225,,892847.35,16449949.87
OLSCAKE,Rapeseed cake,Derived from rapeseed,2022,,0.002769912,0.02768906,,171796.28,10939638.46
OLSCAKE,Rapeseed cake,Derived from rapeseed,2023,,0.0,0.0004,,0.0,199071.79
OLSCAKE,Rapeseed cake,Derived from rapeseed,2024,,0.0,1.3575e-05,,0.0,753.31
OLSCAKE,Rapeseed cake,Derived from rapeseed,2025,,0.0,0.0,,0.0,0.0
OLSCAKE,Other oilseed cake,Derived from other oilseeds,2000,,,0.004371361,,,581370.0
OLSCAKE,Other oilseed cake,Derived from other oilseeds,2001,,1.6e-05,0.00030876,,2560.0,34095.0
OLSCAKE,Other oilseed cake,Derived from other oilseeds,2002,,,0.00029241,,,30220.0
OLSCAKE,Other oilseed cake,Derived from other oilseeds,2003,,0.0,0.0005794,,0.0,109660.0
OLSCAKE,Other oilseed cake,Derived from other oilseeds,2004,,0.0,0.000835,,0.0,155811.0
OLSCAKE,Other oilseed cake,Derived from other oilseeds,2005,,5e-06,0.00219832,,1250.0,329417.0
OLSCAKE,Other oilseed cake,Derived from other oilseeds,2006,,8.9e-05,3.9099e-05,,16237.0,4397.0
OLSCAKE,Other oilseed cake,Derived from other oilseeds,2007,,3.21e-06,0.0,,637.0,0.0
OLSCAKE,Other oilseed cake,Derived from other oilseeds,2008,,1.894e-06,1.33e-05,,678.0,3790.0
OLSCAKE,Other oilseed cake,Derived from other oilseeds,2009,,1.58e-06,0.001535607,,272.0,426073.0
OLSCAKE,Other oilseed cake,Derived from other oilseeds,2010,,5.672e-06,0.03124796,,1340.0,8669495.0
OLSCAKE,Other oilseed cake,Derived from other oilseeds,2011,,3.9e-06,0.000197938,,472.0,85948.0
OLSCAKE,Other oilseed cake,Derived from other oilseeds,2012,,1.78e-05,0.0002845,,5265.0,67808.0
OLSCAKE,Other oilseed cake,Derived from other oilseeds,2013,,3.4e-06,0.000494664,,904.0,114020.0
OLSCAKE,Other oilseed cake,Derived from other oilseeds,2014,,0.000303764,0.000168894,,48898.0,43750.0
OLSCAKE,Other oilseed cake,Derived from other oilseeds,2015,,0.000124872,0.003888039,,29153.0,694347.0
OLSCAKE,Other oilseed cake,Derived from other oilseeds,2016,,0.016733535,0.00184228,,3720320.0,516226.0
OLSCAKE,Other oilseed cake,Derived from other oilseeds,2017,,1.1e-07,5.044e-05,,62.08,5782.3
OLSCAKE,Other oilseed cake,Derived from other oilseeds,2018,,1.6846e-05,0.000447147,,4946.5,293360.14
OLSCAKE,Other oilseed cake,Derived from other oilseeds,2019,,1.975e-06,0.001723199,,531.32,332026.28
OLSCAKE,Other oilseed cake,Derived from other oilseeds,2020,,0.0,0.004635628,,0.0,1141717.48
OLSCAKE,Other oilseed cake,Derived from other oilseeds,2021,,0.0,2.5e-08,,0.0,859.08
OLSCAKE,Other oilseed cake,Derived from other oilseeds,2022,,0.0,7.206e-05,,0.0,19217.06
OLSCAKE,Other oilseed cake,Derived from other oilseeds,2023,,0.0,8.745e-05,,0.0,20684.0
OLSCAKE,Other oilseed cake,Derived from other oilseeds,2024,,0.0,0.0034394,,0.0,735877.97
OLSCAKE,Other oilseed cake,Derived from other oilseeds,2025,,9.35e-07,7.826e-05,,882.32,4991.95
PULSES,Gram / Chickpea,Gram,2000,0.397,0.130452417,0.001732024,0.525720393,40360733.0,857382.94
PULSES,Gram / Chickpea,Gram,2001,0.36210000000000003,0.107755304,0.00196888,0.467886424,37441709.23,686120.0
PULSES,Gram / Chickpea,Gram,2002,0.6752,0.180306154,0.000135967,0.855370187,62602391.09,74404.25
PULSES,Gram / Chickpea,Gram,2003,0.6111,0.065633479,0.024672421,0.6520610579999999,22770662.0,7453028.0
PULSES,Gram / Chickpea,Gram,2004,0.8682000000000001,0.069316535,0.01753506,0.919981475,23776285.0,5225825.0
PULSES,Gram / Chickpea,Gram,2005,0.4795,0.11229268,0.092822503,0.49897017699999996,43088071.0,33416123.0
PULSES,Gram / Chickpea,Gram,2006,0.8378,0.111521404,0.001988694,0.94733271,68159306.0,1126545.0
PULSES,Gram / Chickpea,Gram,2007,0.4746,0.141929827,0.002297414,0.614232413,92689176.0,980676.0
PULSES,Gram / Chickpea,Gram,2008,0.7405,0.067986225,0.001089714,0.807396511,46806746.0,1164817.0
PULSES,Gram / Chickpea,Gram,2009,0.5615,0.198910055,3.35e-07,0.7604097200000001,106645785.0,7909.0
PULSES,Gram / Chickpea,Gram,2010,0.496,0.225755787,3.17e-07,0.72175547,148198188.0,141.0
PULSES,Gram / Chickpea,Gram,2011,0.2844,0.27965028,0.000166091,0.563884189,184321891.0,167323.0
PULSES,Gram / Chickpea,Gram,2012,0.7513,0.215017341,4.441e-06,0.9663129,166719183.0,5964.0
PULSES,Gram / Chickpea,Gram,2013,0.399,0.060987986,6.65e-07,0.459987321,39600012.0,659.0
PULSES,Gram / Chickpea,Gram,2014,0.3792,0.060087912,5.6e-08,0.439287856,36603127.0,58.0
PULSES,Gram / Chickpea,Gram,2015,0.2862,0.054241896,0.0,0.340441896,34609057.0,0.0
PULSES,Gram / Chickpea,Gram,2016,0.3297,0.12984363,2e-06,0.45954163,116072725.0,1956.0
PULSES,Gram / Chickpea,Gram,2017,0.32430000000000003,0.495992205,0.0,0.8202922050000001,448285761.61,0.0
PULSES,Gram / Chickpea,Gram,2018,0.4413,0.500367393,0.0,0.941667393,334452787.3,0.0
PULSES,Gram / Chickpea,Gram,2019,0.4977,0.410083812,0.0,0.9077838119999999,213000122.74,0.0
PULSES,Gram / Chickpea,Gram,2020,0.2339,0.212992027,2.93e-07,0.446891734,100939489.03,251.44
PULSES,Gram / Chickpea,Gram,2021,0.3162,0.068039617,6.2691e-05,0.384176926,42463322.97,58993.09
PULSES,Gram / Chickpea,Gram,2022,0.24362,0.37954665,7.5841e-05,0.6230908089999999,284012421.15,73154.15
PULSES,Gram / Chickpea,Gram,2023,0.20859,0.751093026,9.7397e-05,0.959585629,488683482.01,91092.36
PULSES,Gram / Chickpea,Gram,2024,0.17244,0.408968452,0.00017307,0.581235382,297468004.45,155811.17
PULSES,Gram / Chickpea,Gram,2025,,0.742862668,0.0,,512290577.1,0.0
PULSES,Mung bean,Mung Bean,2000,0.1045,0.003392024,0.000421246,0.10747077799999999,1248992.0,138113.0
PULSES,Mung bean,Mung Bean,2001,0.1154,0.004536102,0.000824666,0.119111436,1572987.0,330169.0
PULSES,Mung bean,Mung Bean,2002,0.1384,0.004532573,0.00106485,0.141867723,1201642.0,373916.0
PULSES,Mung bean,Mung Bean,2003,0.1407,0.00286384,0.0,0.14356384,753071.0,0.0
PULSES,Mung bean,Mung Bean,2004,0.13,0.000781333,0.0,0.130781333,208415.0,0.0
PULSES,Mung bean,Mung Bean,2005,0.1139,0.002513628,0.0001,0.116313628,918407.0,42322.0
PULSES,Mung bean,Mung Bean,2006,0.1385,0.001181904,1.75e-07,0.13968172900000003,514528.0,176.0
PULSES,Mung bean,Mung Bean,2007,0.1777,0.000191955,1.5471e-05,0.177876484,121746.0,12122.0
PULSES,Mung bean,Mung Bean,2008,0.1574,0.000543302,0.0,0.157943302,280686.0,0.0
PULSES,Mung bean,Mung Bean,2009,0.1187,4.8e-05,0.0,0.118748,29735.0,0.0
PULSES,Mung bean,Mung Bean,2010,0.0762,0.000863184,0.0,0.077063184,880649.0,0.0
PULSES,Mung bean,Mung Bean,2011,0.093,0.000264084,0.0,0.093264084,249817.0,0.0
PULSES,Mung bean,Mung Bean,2012,0.09,0.001343627,0.0,0.091343627,1160233.0,0.0
PULSES,Mung bean,Mung Bean,2013,0.09290000000000001,0.000989805,0.000405,0.093484805,712944.0,317962.0
PULSES,Mung bean,Mung Bean,2014,0.0989,0.002895999,0.0,0.101795999,1962456.0,0.0
PULSES,Mung bean,Mung Bean,2015,0.1021,0.002334155,0.0,0.104434155,1539828.0,0.0
PULSES,Mung bean,Mung Bean,2016,0.13019999999999998,0.000969632,0.0,0.13116963199999998,1072061.0,0.0
PULSES,Mung bean,Mung Bean,2017,0.1221,0.002421936,0.0,0.124521936,1612461.43,0.0
PULSES,Mung bean,Mung Bean,2018,0.1183,0.00292894,0.0,0.12122894000000001,1292510.0,0.0
PULSES,Mung bean,Mung Bean,2019,0.1259,0.001394178,0.0,0.127294178,912033.31,0.0
PULSES,Mung bean,Mung Bean,2020,0.2045,0.003274592,0.0,0.20777459199999998,2452325.5,0.0
PULSES,Mung bean,Mung Bean,2021,0.2637,0.0007121,0.0,0.2644121,696999.11,0.0
PULSES,Mung bean,Mung Bean,2022,0.134986,0.01349086,0.0,0.14847686,10365676.49,0.0
PULSES,Mung bean,Mung Bean,2023,0.153332,0.014516039,0.0,0.167848039,9929090.37,0.0
PULSES,Mung bean,Mung Bean,2024,0.131198,0.053265612,0.0,0.184463612,35076855.9,0.0
PULSES,Mung bean,Mung Bean,2025,,0.052755927,0.0,,41894231.47,0.0
PULSES,Lentil / Beans,Masoor (lentil) + Mash Bean,2000,0.0526,0.008624556,0.000662466,0.06056209,3347944.0,253298.74
PULSES,Lentil / Beans,Masoor (lentil) + Mash Bean,2001,0.0538,0.017490649,0.001842504,0.069448145,6124785.0,717283.11
PULSES,Lentil / Beans,Masoor (lentil) + Mash Bean,2002,0.0582,0.050243427,0.004247805,0.10419562200000002,19309514.04,1626072.3
PULSES,Lentil / Beans,Masoor (lentil) + Mash Bean,2003,0.0557,0.055762465,0.066374044,0.045088421000000004,16856189.0,25392264.0
PULSES,Lentil / Beans,Masoor (lentil) + Mash Bean,2004,0.0443,0.054927735,0.033479224,0.065748511,18688170.0,11872860.0
PULSES,Lentil / Beans,Masoor (lentil) + Mash Bean,2005,0.0344,0.091121031,0.039674729,0.08584630200000001,42119632.0,16593410.0
PULSES,Lentil / Beans,Masoor (lentil) + Mash Bean,2006,0.037,0.129844982,0.005447172,0.16139781,55500259.0,3741366.0
PULSES,Lentil / Beans,Masoor (lentil) + Mash Bean,2007,0.0319,0.093746576,0.001966196,0.12368038,41268485.0,1049775.0
PULSES,Lentil / Beans,Masoor (lentil) + Mash Bean,2008,0.028,0.056521329,0.001436838,0.08308449100000001,37087241.0,1331733.0
PULSES,Lentil / Beans,Masoor (lentil) + Mash Bean,2009,0.0216,0.086336262,2.722e-06,0.10793354000000001,67628082.0,5860.0
PULSES,Lentil / Beans,Masoor (lentil) + Mash Bean,2010,0.0246,0.100376636,0.0,0.124976636,81589037.0,0.0
PULSES,Lentil / Beans,Masoor (lentil) + Mash Bean,2011,0.022,0.118206195,0.000843142,0.13936305300000001,82757341.0,766978.0
PULSES,Lentil / Beans,Masoor (lentil) + Mash Bean,2012,0.0207,0.08662883,4.24e-05,0.10728643,52377019.0,14413.0
PULSES,Lentil / Beans,Masoor (lentil) + Mash Bean,2013,0.0185,0.076494573,4.73e-07,0.0949941,46839229.0,860.0
PULSES,Lentil / Beans,Masoor (lentil) + Mash Bean,2014,0.016,0.125773325,0.0,0.141773325,85412964.0,0.0
PULSES,Lentil / Beans,Masoor (lentil) + Mash Bean,2015,0.016399999999999998,0.141809109,0.0,0.158209109,103400098.0,0.0
PULSES,Lentil / Beans,Masoor (lentil) + Mash Bean,2016,0.0148,0.131534038,0.000606,0.145728038,108064316.0,527854.0
PULSES,Lentil / Beans,Masoor (lentil) + Mash Bean,2017,0.0135,0.175998434,0.0,0.18949843400000002,119887236.34,0.0
PULSES,Lentil / Beans,Masoor (lentil) + Mash Bean,2018,0.0129,0.094956917,9.1e-07,0.10785600699999999,56631220.2,775.29
PULSES,Lentil / Beans,Masoor (lentil) + Mash Bean,2019,0.0114,0.143143939,0.0,0.154543939,65171413.28,0.0
PULSES,Lentil / Beans,Masoor (lentil) + Mash Bean,2020,0.011,0.251848503,0.0,0.262848503,143249301.98,0.0
PULSES,Lentil / Beans,Masoor (lentil) + Mash Bean,2021,0.01,0.193296444,0.0,0.20329644400000002,124907925.91,0.0
PULSES,Lentil / Beans,Masoor (lentil) + Mash Bean,2022,0.008907,0.174117647,0.0,0.18302464699999998,154484697.48,0.0
PULSES,Lentil / Beans,Masoor (lentil) + Mash Bean,2023,0.01031,0.159561473,0.0,0.169871473,112574964.02,0.0
PULSES,Lentil / Beans,Masoor (lentil) + Mash Bean,2024,0.010164,0.234427643,0.0,0.244591643,165997913.48,0.0
PULSES,Lentil / Beans,Masoor (lentil) + Mash Bean,2025,,0.179967512,0.0,,119184848.52,0.0
PULSES,Peas,Peas / Garden Peas,2000,,0.091470818,0.000163385,,15998694.0,34990.17
PULSES,Peas,Peas / Garden Peas,2001,,0.096357122,0.000880201,,15706122.0,235313.17
PULSES,Peas,Peas / Garden Peas,2002,,0.078528295,0.001919047,,15243022.0,578287.97
PULSES,Peas,Peas / Garden Peas,2003,,0.028326228,0.0002435,,5874008.0,69340.0
PULSES,Peas,Peas / Garden Peas,2004,0.077166,0.040660199,0.0001635,0.117662699,8862159.0,37263.0
PULSES,Peas,Peas / Garden Peas,2005,0.08194599999999999,0.103717565,0.000247665,0.18541589999999997,22485449.0,69727.0
PULSES,Peas,Peas / Garden Peas,2006,0.09131399999999999,0.171663592,0.013010768,0.24996682399999998,38136510.0,3929287.0
PULSES,Peas,Peas / Garden Peas,2007,0.08254,0.04442991,0.000555571,0.12641433900000001,14549849.0,222895.0
PULSES,Peas,Peas / Garden Peas,2008,0.083603,0.080147749,0.00093705,0.162813699,51632366.0,1033589.0
PULSES,Peas,Peas / Garden Peas,2009,0.079911,0.072131693,0.0,0.152042693,29358627.0,0.0
PULSES,Peas,Peas / Garden Peas,2010,0.09817100000000001,0.158417243,1e-07,0.25658814300000005,55638241.0,4.0
PULSES,Peas,Peas / Garden Peas,2011,0.104995,0.097345152,0.003433725,0.198906427,41361793.0,2874107.0
PULSES,Peas,Peas / Garden Peas,2012,0.11306699999999999,0.191889025,0.005792254,0.29916377099999997,116249630.0,4518965.0
PULSES,Peas,Peas / Garden Peas,2013,0.114925,0.160527737,0.006725819,0.268726918,97984020.0,5707091.0
PULSES,Peas,Peas / Garden Peas,2014,0.139233,0.237005664,4.08e-05,0.376197864,119960299.0,44527.0
PULSES,Peas,Peas / Garden Peas,2015,0.144422,0.455776762,5.1e-05,0.600147762,251182352.0,25722.0
PULSES,Peas,Peas / Garden Peas,2016,0.165222,0.462860453,0.0,0.628082453,325710995.0,0.0
PULSES,Peas,Peas / Garden Peas,2017,1.465411,0.294351252,0.0,1.759762252,138883755.83,0.0
PULSES,Peas,Peas / Garden Peas,2018,0.17083600000000002,0.189106443,0.0,0.359942443,51671175.57,0.0
PULSES,Peas,Peas / Garden Peas,2019,0.217965,0.200873629,0.0,0.418838629,59840467.2,0.0
PULSES,Peas,Peas / Garden Peas,2020,0.5456599999999999,0.597969394,0.0,1.143629394,249203437.68,0.0
PULSES,Peas,Peas / Garden Peas,2021,0.387095,0.769765323,0.0,1.156860323,432789022.31,0.0
PULSES,Peas,Peas / Garden Peas,2022,0.401108,0.344776929,0.0,0.745884929,236259776.07,0.0
PULSES,Peas,Peas / Garden Peas,2023,0.397262,0.25156346,0.0,0.6488254600000001,132885978.4,0.0
PULSES,Peas,Peas / Garden Peas,2024,,0.318493767,0.0,,162973974.22,0.0
PULSES,Peas,Peas / Garden Peas,2025,,0.186392502,0.0,,72873408.94,0.0
PULSES,Other pulses,Guarseed + Mattar (dry peas),2000,0.18569999999999998,0.008771477,0.059377126,0.13509435099999997,2483432.32,31950163.32
PULSES,Other pulses,Guarseed + Mattar (dry peas),2001,0.1995,0.0018650259999999999,0.07117783600000001,0.13018719,748134.4099999999,28697738.71
PULSES,Other pulses,Guarseed + Mattar (dry peas),2002,0.1581,0.000510802,0.059550684,0.099060118,260886.86,21493640.11
PULSES,Other pulses,Guarseed + Mattar (dry peas),2003,0.1999,0.062325101,0.063798181,0.19842692,12786997.0,20402608.0
PULSES,Other pulses,Guarseed + Mattar (dry peas),2004,0.1554,0.075280927,0.053139461,0.177541466,15630202.0,16957600.0
PULSES,Other pulses,Guarseed + Mattar (dry peas),2005,0.1514,0.087984517,0.10263808399999999,0.13674643300000003,28408398.0,38528558.0
PULSES,Other pulses,Guarseed + Mattar (dry peas),2006,0.1921,0.074696099,0.073631452,0.19316464700000002,37829826.0,27027934.0
PULSES,Other pulses,Guarseed + Mattar (dry peas),2007,0.1844,0.048534545,0.08938463099999999,0.143549914,27667991.0,32079976.0
PULSES,Other pulses,Guarseed + Mattar (dry peas),2008,0.16269999999999998,0.056593265,0.113094817,0.10619844799999999,32287243.0,39326012.0
PULSES,Other pulses,Guarseed + Mattar (dry peas),2009,0.1648,0.035525148,0.07294251600000001,0.127382632,22306045.0,22404761.0
PULSES,Other pulses,Guarseed + Mattar (dry peas),2010,0.203,0.040124286,0.077039185,0.166085101,38708626.0,30497790.0
PULSES,Other pulses,Guarseed + Mattar (dry peas),2011,0.165,0.048399146000000004,0.11340494100000001,0.099994205,43866086.0,79399665.0
PULSES,Other pulses,Guarseed + Mattar (dry peas),2012,0.1804,0.050914988,0.116184714,0.115130274,35821362.0,190459064.0
PULSES,Other pulses,Guarseed + Mattar (dry peas),2013,0.1789,0.058237136999999994,0.089507212,0.147629925,37598395.0,120283981.0
PULSES,Other pulses,Guarseed + Mattar (dry peas),2014,0.1115,0.088240563,0.110732475,0.08900808799999999,63370267.0,73058783.0
PULSES,Other pulses,Guarseed + Mattar (dry peas),2015,0.1544,0.058411434,0.07185404900000002,0.140957385,51357502.0,40636881.0
PULSES,Other pulses,Guarseed + Mattar (dry peas),2016,0.148,0.068095931,0.06673868799999999,0.149357243,87588387.0,25712628.0
PULSES,Other pulses,Guarseed + Mattar (dry peas),2017,0.1422,0.083038764,0.09759517699999999,0.127643587,77238657.45,37439632.769999996
PULSES,Other pulses,Guarseed + Mattar (dry peas),2018,0.0788,0.101254732,0.086543825,0.09351090699999999,52231367.61,40305730.89
PULSES,Other pulses,Guarseed + Mattar (dry peas),2019,0.14,0.117703378,0.09357645,0.16412692799999998,70769799.41,38340280.550000004
PULSES,Other pulses,Guarseed + Mattar (dry peas),2020,0.13140000000000002,0.103776487,0.117205673,0.11797081400000002,70274603.99,38836050.91
PULSES,Other pulses,Guarseed + Mattar (dry peas),2021,0.1193,0.106493873,0.10338923100000001,0.122404642,86645160.64,39789325.94
PULSES,Other pulses,Guarseed + Mattar (dry peas),2022,0.12415999999999999,0.08407421999999999,0.100219983,0.10801423699999997,71393782.87,52383139.220000006
PULSES,Other pulses,Guarseed + Mattar (dry peas),2023,0.13609200000000002,0.064573954,0.118643559,0.08202239500000004,56664912.17,54175773.339999996
PULSES,Other pulses,Guarseed + Mattar (dry peas),2024,0.1158,0.098713658,0.08291876,0.13159489800000002,104620308.55000001,40590684.550000004
PULSES,Other pulses,Guarseed + Mattar (dry peas),2025,,0.083069541,0.054338335,,66079055.67,28681768.759999998
ROOTS,Potato,Potato,2000,1.6657,0.001334685,0.06419203,1.602842655,85853.0,10049977.0
ROOTS,Potato,Potato,2001,1.7217,0.003802381,0.041497581,1.6840048,1604724.0,6469556.0
ROOTS,Potato,Potato,2002,1.9463,0.005167254,0.030876219,1.920591035,2110199.0,5202184.0
ROOTS,Potato,Potato,2003,1.9381,0.006939807,0.074116752,1.870923055,962146.0,7239979.0
ROOTS,Potato,Potato,2004,2.0249,0.013880682,0.056066298,1.982714384,1162550.0,5748319.0
ROOTS,Potato,Potato,2005,1.5679,0.031080849,0.013956168,1.5850246810000002,6221713.0,2235524.0
ROOTS,Potato,Potato,2006,2.5816,0.053255925,0.023186027,2.611669898,9594858.0,4501420.0
ROOTS,Potato,Potato,2007,2.539,0.046047679,0.191426494,2.393621185,8571611.0,34525501.0
ROOTS,Potato,Potato,2008,2.9413,0.212071807,0.142569773,3.010802034,33877224.0,20600138.0
ROOTS,Potato,Potato,2009,3.1414,0.042680917,0.347872667,2.8362082500000003,12929253.0,46765532.0
ROOTS,Potato,Potato,2010,3.4917,0.033024088,0.215436327,3.3092877609999998,6931122.0,47878276.0
ROOTS,Potato,Potato,2011,3.3925,0.022015686,0.443393945,2.971121741,8615823.0,102187207.0
ROOTS,Potato,Potato,2012,3.7859000000000003,0.031328486,0.301593778,3.5156347080000003,5887992.0,83664358.0
ROOTS,Potato,Potato,2013,2.8838000000000004,0.040463701,0.488114019,2.4361496820000004,9857174.0,130384958.0
ROOTS,Potato,Potato,2014,4.160100000000001,0.26872996,0.15401495,4.274815010000001,96135603.0,51229859.0
ROOTS,Potato,Potato,2015,3.9624,0.047045623,0.464734017,3.5447116060000003,8078309.0,122498633.0
ROOTS,Potato,Potato,2016,3.8316999999999997,0.059024358,0.397222503,3.4935018549999994,9950260.0,78187425.0
ROOTS,Potato,Potato,2017,4.5843,0.066722296,0.414933293,4.236089003,11914730.68,80972031.86
ROOTS,Potato,Potato,2018,4.839,0.0678769,0.688763226,4.2181136740000005,11424587.55,120881945.98
ROOTS,Potato,Potato,2019,4.5527,0.049934741,0.624524662,3.9781100790000004,10007319.91,115287641.34
ROOTS,Potato,Potato,2020,5.8542,0.059935453,0.274476614,5.639658838999999,21880387.01,69846245.27
ROOTS,Potato,Potato,2021,7.9369,0.050559762,0.432254589,7.555205172999999,16997182.79,112431920.12
ROOTS,Potato,Potato,2022,8.319767,0.04762174,0.925637598,7.441751142000001,16332339.64,213764965.41
ROOTS,Potato,Potato,2023,8.434428,0.027405162,0.759951136,7.701882026000002,10634579.2,140191089.02
ROOTS,Potato,Potato,2024,10.010154,0.022519098,0.752882262,9.279790836,12666614.67,141227874.98
ROOTS,Potato,Potato,2025,,0.035379672,0.94067025,,14760726.11,190275772.37
ROOTS,Sweet potato,Sweet Potato,2000,,,4.7684e-05,,,47759.0
ROOTS,Sweet potato,Sweet Potato,2001,,,3.0951e-05,,,38577.0
ROOTS,Sweet potato,Sweet Potato,2002,,,5.2414e-05,,,31872.0
ROOTS,Sweet potato,Sweet Potato,2003,,0.0,0.0,,0.0,0.0
ROOTS,Sweet potato,Sweet Potato,2004,0.010065,0.0,0.0,0.010065,0.0,0.0
ROOTS,Sweet potato,Sweet Potato,2005,0.009967,4e-07,0.0,0.0099674,472.0,0.0
ROOTS,Sweet potato,Sweet Potato,2006,0.010587,0.0,0.0,0.010587,0.0,0.0
ROOTS,Sweet potato,Sweet Potato,2007,0.009810000000000001,0.0,1e-07,0.009809900000000002,0.0,100.0
ROOTS,Sweet potato,Sweet Potato,2008,0.011951,0.0,0.0,0.011951,0.0,0.0
ROOTS,Sweet potato,Sweet Potato,2009,0.011828,0.0,0.0,0.011828,0.0,0.0
ROOTS,Sweet potato,Sweet Potato,2010,0.013459,0.0,0.0,0.013459,0.0,0.0
ROOTS,Sweet potato,Sweet Potato,2011,0.013658,0.0,0.0,0.013658,0.0,0.0
ROOTS,Sweet potato,Sweet Potato,2012,0.013076,0.0,0.0,0.013076,0.0,0.0
ROOTS,Sweet potato,Sweet Potato,2013,0.01213,0.0,1.0068e-05,0.012119932,0.0,3507.0
ROOTS,Sweet potato,Sweet Potato,2014,0.011102,0.000172593,0.0,0.011274593000000001,38724.0,0.0
ROOTS,Sweet potato,Sweet Potato,2015,0.012513999999999999,0.0,5.5e-05,0.012459,0.0,22059.0
ROOTS,Sweet potato,Sweet Potato,2016,0.01249,0.0,6.251e-06,0.012483748999999999,0.0,5067.0
ROOTS,Sweet potato,Sweet Potato,2017,0.012636,0.0,0.0,0.012636,0.0,0.0
ROOTS,Sweet potato,Sweet Potato,2018,0.015962999999999998,0.0,0.0,0.015962999999999998,0.0,0.0
ROOTS,Sweet potato,Sweet Potato,2019,0.0144,0.0,7.35e-07,0.014399265,0.0,799.78
ROOTS,Sweet potato,Sweet Potato,2020,0.014051000000000001,0.0,4.502e-05,0.014005980000000001,0.0,21817.12
ROOTS,Sweet potato,Sweet Potato,2021,0.013932,0.0,0.0,0.013932,0.0,0.0
ROOTS,Sweet potato,Sweet Potato,2022,0.013782,0.0,0.0,0.013782,0.0,0.0
ROOTS,Sweet potato,Sweet Potato,2023,0.00439,0.0,4e-08,0.00438996,0.0,54.18
ROOTS,Sweet potato,Sweet Potato,2024,,0.0,8.5e-08,,0.0,77.06
ROOTS,Sweet potato,Sweet Potato,2025,,0.0,2.097e-06,,0.0,1678.27
ROOTS,Cassava,Not grown in Pakistan,2000,,,,,,
ROOTS,Cassava,Not grown in Pakistan,2001,,,,,,
ROOTS,Cassava,Not grown in Pakistan,2002,,,,,,
ROOTS,Cassava,Not grown in Pakistan,2003,,,,,,
ROOTS,Cassava,Not grown in Pakistan,2004,,,,,,
ROOTS,Cassava,Not grown in Pakistan,2005,,,,,,
ROOTS,Cassava,Not grown in Pakistan,2006,,,,,,
ROOTS,Cassava,Not grown in Pakistan,2007,,,,,,
ROOTS,Cassava,Not grown in Pakistan,2008,,,,,,
ROOTS,Cassava,Not grown in Pakistan,2009,,,,,,
ROOTS,Cassava,Not grown in Pakistan,2010,,,,,,
ROOTS,Cassava,Not grown in Pakistan,2011,,,,,,
ROOTS,Cassava,Not grown in Pakistan,2012,,,,,,
ROOTS,Cassava,Not grown in Pakistan,2013,,,,,,
ROOTS,Cassava,Not grown in Pakistan,2014,,,,,,
ROOTS,Cassava,Not grown in Pakistan,2015,,,,,,
ROOTS,Cassava,Not grown in Pakistan,2016,,,,,,
ROOTS,Cassava,Not grown in Pakistan,2017,,,,,,
ROOTS,Cassava,Not grown in Pakistan,2018,,,,,,
ROOTS,Cassava,Not grown in Pakistan,2019,,,,,,
ROOTS,Cassava,Not grown in Pakistan,2020,,,,,,
ROOTS,Cassava,Not grown in Pakistan,2021,,,,,,
ROOTS,Cassava,Not grown in Pakistan,2022,,,,,,
ROOTS,Cassava,Not grown in Pakistan,2023,,,,,,
ROOTS,Cassava,Not grown in Pakistan,2024,,,,,,
ROOTS,Cassava,Not grown in Pakistan,2025,,,,,,
ROOTS,Yams,Not grown in Pakistan,2000,,,,,,
ROOTS,Yams,Not grown in Pakistan,2001,,,,,,
ROOTS,Yams,Not grown in Pakistan,2002,,,,,,
ROOTS,Yams,Not grown in Pakistan,2003,,,,,,
ROOTS,Yams,Not grown in Pakistan,2004,,,,,,
ROOTS,Yams,Not grown in Pakistan,2005,,,,,,
ROOTS,Yams,Not grown in Pakistan,2006,,,,,,
ROOTS,Yams,Not grown in Pakistan,2007,,,,,,
ROOTS,Yams,Not grown in Pakistan,2008,,,,,,
ROOTS,Yams,Not grown in Pakistan,2009,,,,,,
ROOTS,Yams,Not grown in Pakistan,2010,,,,,,
ROOTS,Yams,Not grown in Pakistan,2011,,,,,,
ROOTS,Yams,Not grown in Pakistan,2012,,,,,,
ROOTS,Yams,Not grown in Pakistan,2013,,,,,,
ROOTS,Yams,Not grown in Pakistan,2014,,,,,,
ROOTS,Yams,Not grown in Pakistan,2015,,,,,,
ROOTS,Yams,Not grown in Pakistan,2016,,,,,,
ROOTS,Yams,Not grown in Pakistan,2017,,,,,,
ROOTS,Yams,Not grown in Pakistan,2018,,,,,,
ROOTS,Yams,Not grown in Pakistan,2019,,,,,,
ROOTS,Yams,Not grown in Pakistan,2020,,,,,,
ROOTS,Yams,Not grown in Pakistan,2021,,,,,,
ROOTS,Yams,Not grown in Pakistan,2022,,,,,,
ROOTS,Yams,Not grown in Pakistan,2023,,,,,,
ROOTS,Yams,Not grown in Pakistan,2024,,,,,,
ROOTS,Yams,Not grown in Pakistan,2025,,,,,,
ROOTS,Other tubers,No other tubers in Pakistan,2000,,,,,,
ROOTS,Other tubers,No other tubers in Pakistan,2001,,,,,,
ROOTS,Other tubers,No other tubers in Pakistan,2002,,,,,,
ROOTS,Other tubers,No other tubers in Pakistan,2003,,,,,,
ROOTS,Other tubers,No other tubers in Pakistan,2004,,,,,,
ROOTS,Other tubers,No other tubers in Pakistan,2005,,,,,,
ROOTS,Other tubers,No other tubers in Pakistan,2006,,,,,,
ROOTS,Other tubers,No other tubers in Pakistan,2007,,,,,,
ROOTS,Other tubers,No other tubers in Pakistan,2008,,,,,,
ROOTS,Other tubers,No other tubers in Pakistan,2009,,,,,,
ROOTS,Other tubers,No other tubers in Pakistan,2010,,,,,,
ROOTS,Other tubers,No other tubers in Pakistan,2011,,,,,,
ROOTS,Other tubers,No other tubers in Pakistan,2012,,,,,,
ROOTS,Other tubers,No other tubers in Pakistan,2013,,,,,,
ROOTS,Other tubers,No other tubers in Pakistan,2014,,,,,,
ROOTS,Other tubers,No other tubers in Pakistan,2015,,,,,,
ROOTS,Other tubers,No other tubers in Pakistan,2016,,,,,,
ROOTS,Other tubers,No other tubers in Pakistan,2017,,,,,,
ROOTS,Other tubers,No other tubers in Pakistan,2018,,,,,,
ROOTS,Other tubers,No other tubers in Pakistan,2019,,,,,,
ROOTS,Other tubers,No other tubers in Pakistan,2020,,,,,,
ROOTS,Other tubers,No other tubers in Pakistan,2021,,,,,,
ROOTS,Other tubers,No other tubers in Pakistan,2022,,,,,,
ROOTS,Other tubers,No other tubers in Pakistan,2023,,,,,,
ROOTS,Other tubers,No other tubers in Pakistan,2024,,,,,,
ROOTS,Other tubers,No other tubers in Pakistan,2025,,,,,,
FRUVEG,Apple,Apple,2000,0.43889999999999996,6.7248e-05,0.001750026,0.43721722199999996,20669.0,593939.0
FRUVEG,Apple,Apple,2001,0.36710000000000004,0.000555296,0.001060464,0.36659483200000004,171378.0,389932.0
FRUVEG,Apple,Apple,2002,0.31539999999999996,0.000185148,0.000822379,0.314762769,58041.0,343416.25
FRUVEG,Apple,Apple,2003,0.3338,0.004821622,0.00012388,0.338497742,825291.0,41530.0
FRUVEG,Apple,Apple,2004,0.3519,0.004478577,9.735e-05,0.356281227,735187.0,59944.0
FRUVEG,Apple,Apple,2005,0.3513,0.006584245,0.000122794,0.357761451,1229738.0,45022.0
FRUVEG,Apple,Apple,2006,0.3483,0.006027055,0.000462834,0.353864221,1143277.0,196118.0
FRUVEG,Apple,Apple,2007,0.44160000000000005,0.012301045,1.8925e-05,0.45388212000000006,2134917.0,8268.0
FRUVEG,Apple,Apple,2008,0.441,0.009208389,0.001456496,0.448751893,1755766.0,535506.0
FRUVEG,Apple,Apple,2009,0.3664,0.011153951,0.001540106,0.376013845,2173563.0,594480.0
FRUVEG,Apple,Apple,2010,0.5258999999999999,0.011964836,0.001682872,0.536181964,2615362.0,595727.0
FRUVEG,Apple,Apple,2011,0.5987,0.016282129,0.00099592,0.613986209,3778104.0,450988.0
FRUVEG,Apple,Apple,2012,0.5564,0.023916695,0.002164883,0.5781518120000001,5739264.0,865736.0
FRUVEG,Apple,Apple,2013,0.6061,0.035358995,0.000598644,0.6408603509999999,9978921.0,286582.0
FRUVEG,Apple,Apple,2014,0.6172000000000001,0.026276189,0.00080669,0.642669499,7169720.0,405046.0
FRUVEG,Apple,Apple,2015,0.6204,0.05144685,0.000375536,0.671471314,16818552.0,163100.0
FRUVEG,Apple,Apple,2016,0.6698999999999999,0.060078115,0.000766511,0.729211604,34361052.0,360880.0
FRUVEG,Apple,Apple,2017,0.5647000000000001,0.116247631,0.000205844,0.6807417870000001,53685248.45,121594.81
FRUVEG,Apple,Apple,2018,0.5438,0.030640406,0.000349028,0.5740913779999999,18671055.04,235908.07
FRUVEG,Apple,Apple,2019,0.6039,0.0674489,0.000350477,0.670998423,43429258.36,232656.0
FRUVEG,Apple,Apple,2020,0.6718,0.05148543,0.000527818,0.722757612,36459523.49,230903.33
FRUVEG,Apple,Apple,2021,0.7323,0.028970137,7.3338e-05,0.7611967989999999,14593445.19,44245.51
FRUVEG,Apple,Apple,2022,0.790533,0.0287738,0.000127761,0.819179039,13169981.22,85407.1
FRUVEG,Apple,Apple,2023,0.844114,0.024387821,0.000939988,0.8675618330000001,10492975.97,507493.73
FRUVEG,Apple,Apple,2024,0.755129,0.028068605,0.001282574,0.781915031,12045460.28,697280.43
FRUVEG,Apple,Apple,2025,,0.069572424,0.001641412,,29844058.41,1191160.78
FRUVEG,Banana,Banana,2000,0.1394,,0.00019037,,,103242.0
FRUVEG,Banana,Banana,2001,0.1497,,0.000157408,,,102812.0
FRUVEG,Banana,Banana,2002,0.1429,,0.000123051,,,55910.04
FRUVEG,Banana,Banana,2003,0.154,0.0,0.009552036,0.14444796399999998,0.0,1004273.0
FRUVEG,Banana,Banana,2004,0.158,0.0,0.006051678,0.151948322,0.0,682342.0
FRUVEG,Banana,Banana,2005,0.1635,0.0,0.006701017,0.156798983,0.0,766573.0
FRUVEG,Banana,Banana,2006,0.1505,0.0,0.011930361,0.138569639,0.0,1838411.0
FRUVEG,Banana,Banana,2007,0.158,2.7e-08,0.00661849,0.151381537,16.0,1047295.0
FRUVEG,Banana,Banana,2008,0.15730000000000002,2.774e-06,0.036515215,0.12078755900000004,1146.0,4716704.0
FRUVEG,Banana,Banana,2009,0.15480000000000002,1e-07,0.10611524,0.048684860000000024,64.0,13077634.0
FRUVEG,Banana,Banana,2010,0.1412,1.405e-06,0.05767591,0.083525495,308.0,15654374.0
FRUVEG,Banana,Banana,2011,0.09820000000000001,2.51e-07,0.05878644,0.039413811000000014,277.0,25392798.0
FRUVEG,Banana,Banana,2012,0.1413,0.002858874,0.029653888,0.11450498600000002,853253.0,12739476.0
FRUVEG,Banana,Banana,2013,0.12040000000000001,4.3364e-05,0.085371738,0.03507162600000001,21791.0,33018163.0
FRUVEG,Banana,Banana,2014,0.1188,0.001973274,0.043249017,0.077524257,1735864.0,18170728.0
FRUVEG,Banana,Banana,2015,0.13219999999999998,3.7501e-05,0.053488298,0.07874920299999999,39752.0,20633845.0
FRUVEG,Banana,Banana,2016,0.1349,2.45e-06,0.050258562,0.08464388799999997,2891.0,22567120.0
FRUVEG,Banana,Banana,2017,0.1351,7.6e-08,0.045932758,0.089167318,157.39,16873168.78
FRUVEG,Banana,Banana,2018,0.1357,2.13e-07,0.065138911,0.07056130199999999,258.23,21470396.14
FRUVEG,Banana,Banana,2019,0.14880000000000002,1.38e-06,0.116264688,0.032536692000000006,2637.92,33011569.24
FRUVEG,Banana,Banana,2020,0.1413,1.3941e-05,0.102387845,0.03892609599999999,16349.68,23898493.04
FRUVEG,Banana,Banana,2021,0.21559999999999999,1.6201e-05,0.05554792,0.16006828099999998,34552.28,12775812.59
FRUVEG,Banana,Banana,2022,0.285157,2.5582e-05,0.129790021,0.155392561,34562.5,27036410.4
FRUVEG,Banana,Banana,2023,0.310178,4.32e-06,0.140356083,0.16982623700000002,40236.58,24447863.34
FRUVEG,Banana,Banana,2024,0.317877,3.86e-06,0.077875912,0.24000494800000005,30764.73,13677762.45
FRUVEG,Banana,Banana,2025,,6.586e-06,0.092272567,,56897.07,16012491.08
FRUVEG,Coconut,Coconut,2000,,0.003359699,,,2255624.0,
FRUVEG,Coconut,Coconut,2001,,0.002868886,1.2247e-05,,1645306.0,8972.0
FRUVEG,Coconut,Coconut,2002,,0.003739483,2.1788e-05,,2676730.0,12061.95
FRUVEG,Coconut,Coconut,2003,,0.004572117,0.0,,3366482.0,0.0
FRUVEG,Coconut,Coconut,2004,0.008567,0.00467739,0.0,0.01324439,3336349.0,0.0
FRUVEG,Coconut,Coconut,2005,0.008376,0.005766026,0.0,0.014142025999999999,4756708.0,0.0
FRUVEG,Coconut,Coconut,2006,0.008431,0.006351305,5e-07,0.014781804999999999,5330645.0,994.0
FRUVEG,Coconut,Coconut,2007,0.011795,0.00701823,3.12e-06,0.01881011,5606703.0,2373.0
FRUVEG,Coconut,Coconut,2008,0.011623,0.00650642,2.875e-06,0.018126545,5351965.0,17975.0
FRUVEG,Coconut,Coconut,2009,0.009987,0.009220281,2.025e-06,0.019205256,7406315.0,5131.0
FRUVEG,Coconut,Coconut,2010,0.00992,0.006888801,4.005e-06,0.016804795999999997,5376594.0,5120.0
FRUVEG,Coconut,Coconut,2011,0.010027,0.006829494,9.759e-06,0.016846734999999998,5080024.0,14269.0
FRUVEG,Coconut,Coconut,2012,0.01001,0.006619336,1.4399e-05,0.016614937000000003,4976079.0,28609.0
FRUVEG,Coconut,Coconut,2013,0.010007,0.006191018,1.0015e-05,0.016188003000000003,4899918.0,18298.0
FRUVEG,Coconut,Coconut,2014,0.010029999999999999,0.008552131,3.722e-06,0.018578408999999997,10560133.0,6255.0
FRUVEG,Coconut,Coconut,2015,0.010039999999999999,0.008451599,5.086e-06,0.018486512999999996,13104558.0,8804.0
FRUVEG,Coconut,Coconut,2016,0.009867,0.007237745,1.3057e-05,0.017091688,9334299.0,26151.0
FRUVEG,Coconut,Coconut,2017,0.009765000000000001,0.006452207,4.586e-06,0.016212621,9398539.6,16510.42
FRUVEG,Coconut,Coconut,2018,0.009802,0.006996923,1.2845e-05,0.016786078,9779281.73,35664.87
FRUVEG,Coconut,Coconut,2019,0.011455,0.009465474,9.368e-06,0.020911106000000002,11095654.41,27307.64
FRUVEG,Coconut,Coconut,2020,0.011451000000000001,0.012175738,4.271e-06,0.023622467,9595865.0,15675.09
FRUVEG,Coconut,Coconut,2021,0.024927,0.016853067,6.774e-06,0.041773293,10595467.28,23852.51
FRUVEG,Coconut,Coconut,2022,0.038999,0.012627717,5.658e-06,0.051621059000000004,9313191.97,20439.69
FRUVEG,Coconut,Coconut,2023,0.010468,0.012127303,6.76e-06,0.022588543,7896055.04,23319.37
FRUVEG,Coconut,Coconut,2024,,0.015809397,4.664e-06,,9448318.03,17755.01
FRUVEG,Coconut,Coconut,2025,,0.014397304,7.246e-06,,9748831.23,15797.27
FRUVEG,Date,Dates / Khajoor,2000,,0.013659317,0.078165923,,2997347.0,30199349.07
FRUVEG,Date,Dates / Khajoor,2001,,0.021523324,0.071759514,,4146224.0,25828051.7
FRUVEG,Date,Dates / Khajoor,2002,,0.013910977,0.033346925,,2572894.0,13964520.53
FRUVEG,Date,Dates / Khajoor,2003,,0.043409472,0.071977975,,7817187.0,24952038.0
FRUVEG,Date,Dates / Khajoor,2004,0.6224,0.051091595,0.065428734,0.608062861,9495633.0,22473422.0
FRUVEG,Date,Dates / Khajoor,2005,0.49660000000000004,0.041196069,0.085334125,0.4524619440000001,7085632.0,30386607.0
FRUVEG,Date,Dates / Khajoor,2006,0.4263,0.016179929,0.102842545,0.339637384,3123517.0,37655272.0
FRUVEG,Date,Dates / Khajoor,2007,0.5575,0.012839181,0.098153904,0.472185277,4228617.0,38691617.0
FRUVEG,Date,Dates / Khajoor,2008,0.5665,0.009429261,0.095699735,0.48022952599999996,3306663.0,39799724.0
FRUVEG,Date,Dates / Khajoor,2009,0.5312,0.004044142,0.124804284,0.41043985800000005,1670364.0,50370770.0
FRUVEG,Date,Dates / Khajoor,2010,0.5222,0.004545819,0.114944906,0.41180091299999994,2442604.0,52410778.0
FRUVEG,Date,Dates / Khajoor,2011,0.5572999999999999,0.013206063,0.113358027,0.457148036,6997428.0,64082048.0
FRUVEG,Date,Dates / Khajoor,2012,0.5246000000000001,0.006184667,0.16402256,0.366762107,3520092.0,80838141.0
FRUVEG,Date,Dates / Khajoor,2013,0.5267999999999999,0.003315065,0.169159259,0.36095580599999993,1871309.0,85723404.0
FRUVEG,Date,Dates / Khajoor,2014,0.5378,0.004722765,0.11804388,0.424478885,2685837.0,79975937.0
FRUVEG,Date,Dates / Khajoor,2015,0.4677,0.007982705,0.131169034,0.34451367099999997,4727730.0,83214254.0
FRUVEG,Date,Dates / Khajoor,2016,0.43910000000000005,0.005598603,0.163177344,0.281521259,6748001.0,102596397.0
FRUVEG,Date,Dates / Khajoor,2017,0.5406,0.006813266,0.17512978,0.37228348599999994,8952204.7,107487785.62
FRUVEG,Date,Dates / Khajoor,2018,0.42019999999999996,0.010043378,0.136482287,0.2937610909999999,13010649.47,112731281.53
FRUVEG,Date,Dates / Khajoor,2019,0.5649,0.006447562,0.095304896,0.4760426659999999,8713915.29,71594113.15
FRUVEG,Date,Dates / Khajoor,2020,0.5602,0.02703279,0.11607429,0.47115850000000004,11824372.66,60264287.81
FRUVEG,Date,Dates / Khajoor,2021,0.8382999999999999,0.066212091,0.121244459,0.7832676319999999,14050287.38,51957613.76
FRUVEG,Date,Dates / Khajoor,2022,0.228555,0.064135609,0.106988751,0.185701858,11897709.08,42054228.39
FRUVEG,Date,Dates / Khajoor,2023,0.8952319999999999,0.0565228,0.120626482,0.8311283179999999,15970992.52,46932291.07
FRUVEG,Date,Dates / Khajoor,2024,0.817714,0.096361115,0.124650909,0.7894242060000001,21690200.02,50176618.58
FRUVEG,Date,Dates / Khajoor,2025,,0.108730456,0.135401388,,27989591.44,54368903.57
FRUVEG,Grape,Grapes,2000,0.0511,0.017136895,0.005973635,0.062263259999999994,2550555.0,2446380.38
FRUVEG,Grape,Grapes,2001,0.0526,0.023963124,0.006528039,0.070035085,3770719.0,2624513.08
FRUVEG,Grape,Grapes,2002,0.0518,0.015862804,0.007148586,0.060514217999999995,3020298.0,2599861.82
FRUVEG,Grape,Grapes,2003,0.0508,0.005447698,0.003136682,0.053111016,5504146.0,1182993.0
FRUVEG,Grape,Grapes,2004,0.049100000000000005,0.068390721,0.001474198,0.11601652300000001,6466157.0,551242.0
FRUVEG,Grape,Grapes,2005,0.048799999999999996,0.049895811,0.000842835,0.097852976,4816140.0,451435.0
FRUVEG,Grape,Grapes,2006,0.0465,0.064431014,0.000776654,0.11015435999999999,9564999.0,383853.0
FRUVEG,Grape,Grapes,2007,0.07529999999999999,0.010227412,0.00111528,0.084412132,12237372.0,647363.0
FRUVEG,Grape,Grapes,2008,0.0761,0.006200686,0.000613731,0.08168695499999999,10252188.0,394263.0
FRUVEG,Grape,Grapes,2009,0.06470000000000001,0.066201955,0.000750983,0.130150972,11877635.0,519103.0
FRUVEG,Grape,Grapes,2010,0.0644,0.025144166,0.000414904,0.089129262,5580007.0,298966.0
FRUVEG,Grape,Grapes,2011,0.0644,0.050507094,0.000305667,0.114601427,12615499.0,220765.0
FRUVEG,Grape,Grapes,2012,0.0644,0.046455329,0.000164833,0.110690496,16462524.0,148712.0
FRUVEG,Grape,Grapes,2013,0.06620000000000001,0.028422482,0.000114017,0.09450846500000001,17119935.0,112666.0
FRUVEG,Grape,Grapes,2014,0.066,0.050326692,0.003735645,0.11259104700000001,50246649.0,1765193.0
FRUVEG,Grape,Grapes,2015,0.0659,0.124390751,0.002039135,0.18825161599999998,89046648.0,821937.0
FRUVEG,Grape,Grapes,2016,0.0663,0.067541841,4.3362e-05,0.13379847900000003,77019421.0,42401.0
FRUVEG,Grape,Grapes,2017,0.06620000000000001,0.110737315,0.000241866,0.176695449,64024747.74,156424.2
FRUVEG,Grape,Grapes,2018,0.0664,0.183197412,2.7861e-05,0.24956955100000003,107158675.61,27419.43
FRUVEG,Grape,Grapes,2019,0.0798,0.10391923,5.001e-05,0.18366922000000002,84605465.5,23697.35
FRUVEG,Grape,Grapes,2020,0.0868,0.098331891,0.000108381,0.18502351,65205963.66,71884.25
FRUVEG,Grape,Grapes,2021,0.1075,0.218297465,4.7425e-05,0.32575004,71050591.99,52774.35
FRUVEG,Grape,Grapes,2022,0.067831,0.147413896,4.3558e-05,0.215201338,61393260.99,31253.49
FRUVEG,Grape,Grapes,2023,0.196153,0.197558776,7.1697e-05,0.393640079,63774453.91,32750.91
FRUVEG,Grape,Grapes,2024,0.201584,0.202680869,3.6957e-05,0.404227912,57635333.92,38464.17
FRUVEG,Grape,Grapes,2025,,0.22111556,0.000376633,,69790775.78,210821.95
FRUVEG,Grapefruit,No standalone table in ASP/FVC,2000,,,7.993e-06,,,2755.0
FRUVEG,Grapefruit,No standalone table in ASP/FVC,2001,,,7.8e-08,,,516.0
FRUVEG,Grapefruit,No standalone table in ASP/FVC,2002,,,4.541e-06,,,1943.0
FRUVEG,Grapefruit,No standalone table in ASP/FVC,2003,,0.0,0.0001998,,0.0,45040.0
FRUVEG,Grapefruit,No standalone table in ASP/FVC,2004,,0.0,0.0,,0.0,0.0
FRUVEG,Grapefruit,No standalone table in ASP/FVC,2005,,0.0,0.0,,0.0,0.0
FRUVEG,Grapefruit,No standalone table in ASP/FVC,2006,,0.0,0.000109367,,0.0,31509.0
FRUVEG,Grapefruit,No standalone table in ASP/FVC,2007,,1.005e-06,0.0,,749.0,0.0
FRUVEG,Grapefruit,No standalone table in ASP/FVC,2008,,0.0,1.75e-06,,0.0,594.0
FRUVEG,Grapefruit,No standalone table in ASP/FVC,2009,,2.75e-06,2.715e-05,,1799.0,15398.0
FRUVEG,Grapefruit,No standalone table in ASP/FVC,2010,,2.555e-05,0.0,,6387.0,0.0
FRUVEG,Grapefruit,No standalone table in ASP/FVC,2011,,6.068e-06,5.016e-06,,7211.0,2134.0
FRUVEG,Grapefruit,No standalone table in ASP/FVC,2012,,1.51e-07,5.78e-05,,120.0,25037.0
FRUVEG,Grapefruit,No standalone table in ASP/FVC,2013,,4.753e-06,5e-08,,5731.0,68.0
FRUVEG,Grapefruit,No standalone table in ASP/FVC,2014,,2.2409e-05,1.3e-05,,13938.0,15358.0
FRUVEG,Grapefruit,No standalone table in ASP/FVC,2015,,2.63e-05,3.3e-08,,17628.0,51.0
FRUVEG,Grapefruit,No standalone table in ASP/FVC,2016,,7.7926e-05,0.0,,39296.0,0.0
FRUVEG,Grapefruit,No standalone table in ASP/FVC,2017,,1.921e-06,0.0,,2796.11,0.0
FRUVEG,Grapefruit,No standalone table in ASP/FVC,2018,,0.0,0.0,,0.0,0.0
FRUVEG,Grapefruit,No standalone table in ASP/FVC,2019,,0.0,1e-05,,0.0,5831.39
FRUVEG,Grapefruit,No standalone table in ASP/FVC,2020,,0.0,0.0,,0.0,0.0
FRUVEG,Grapefruit,No standalone table in ASP/FVC,2021,,2.4e-05,0.0,,3551.25,0.0
FRUVEG,Grapefruit,No standalone table in ASP/FVC,2022,,0.0,0.0,,0.0,0.0
FRUVEG,Grapefruit,No standalone table in ASP/FVC,2023,,0.0,0.0,,0.0,0.0
FRUVEG,Grapefruit,No standalone table in ASP/FVC,2024,,0.0,0.0,,0.0,0.0
FRUVEG,Grapefruit,No standalone table in ASP/FVC,2025,,0.0,5.198e-06,,0.0,2687.19
FRUVEG,Lemon,No standalone table in ASP/FVC,2000,,,,,,
FRUVEG,Lemon,No standalone table in ASP/FVC,2001,,,,,,
FRUVEG,Lemon,No standalone table in ASP/FVC,2002,,7.7656e-05,2.3009e-05,,26638.0,4325.5
FRUVEG,Lemon,No standalone table in ASP/FVC,2003,,0.0,0.0,,0.0,0.0
FRUVEG,Lemon,No standalone table in ASP/FVC,2004,,0.0,0.0,,0.0,0.0
FRUVEG,Lemon,No standalone table in ASP/FVC,2005,,0.0,3.0263e-05,,0.0,11055.0
FRUVEG,Lemon,No standalone table in ASP/FVC,2006,,7.8e-08,0.00014001,,40.0,47667.0
FRUVEG,Lemon,No standalone table in ASP/FVC,2007,,1.4005e-05,7.8638e-05,,6211.0,31965.0
FRUVEG,Lemon,No standalone table in ASP/FVC,2008,,1.3e-05,2.0556e-05,,5949.0,9547.0
FRUVEG,Lemon,No standalone table in ASP/FVC,2009,,7.798e-06,6.152e-06,,4601.0,1920.0
FRUVEG,Lemon,No standalone table in ASP/FVC,2010,,2.4e-07,0.0,,206.0,0.0
FRUVEG,Lemon,No standalone table in ASP/FVC,2011,,5.261e-06,0.000112312,,3140.0,105456.0
FRUVEG,Lemon,No standalone table in ASP/FVC,2012,,2.082e-06,0.000238148,,2355.0,248049.0
FRUVEG,Lemon,No standalone table in ASP/FVC,2013,,1.226e-05,5.959e-06,,9721.0,7191.0
FRUVEG,Lemon,No standalone table in ASP/FVC,2014,,5.813e-06,0.0,,5303.0,0.0
FRUVEG,Lemon,No standalone table in ASP/FVC,2015,,3.0487e-05,1.4e-07,,15443.0,96.0
FRUVEG,Lemon,No standalone table in ASP/FVC,2016,,3.0088e-05,3.415e-05,,20646.0,14188.0
FRUVEG,Lemon,No standalone table in ASP/FVC,2017,,8.7e-07,0.000331543,,1686.98,310065.38
FRUVEG,Lemon,No standalone table in ASP/FVC,2018,,0.0,0.000241015,,0.0,167323.85
FRUVEG,Lemon,No standalone table in ASP/FVC,2019,,2.501e-05,0.000302701,,10924.66,194170.2
FRUVEG,Lemon,No standalone table in ASP/FVC,2020,,0.0,0.001589097,,0.0,974310.8
FRUVEG,Lemon,No standalone table in ASP/FVC,2021,,0.0,0.001127652,,0.0,666789.74
FRUVEG,Lemon,No standalone table in ASP/FVC,2022,,0.0,0.000476332,,0.0,232922.2
FRUVEG,Lemon,No standalone table in ASP/FVC,2023,,1.4609e-05,0.001355779,,5172.71,482168.06
FRUVEG,Lemon,No standalone table in ASP/FVC,2024,,0.0,0.008421338,,0.0,2464918.35
FRUVEG,Lemon,No standalone table in ASP/FVC,2025,,0.0,0.005249904,,0.0,1873680.42
FRUVEG,Onion,Onion,2000,1.5633,0.001840266,0.035279467,1.529860799,255981.0,5701602.0
FRUVEG,Onion,Onion,2001,1.385,5.5025e-05,0.049684614,1.335370411,12429.0,8950308.0
FRUVEG,Onion,Onion,2002,1.4275,0.013023783,0.019743087,1.420780696,1490073.0,3209011.0
FRUVEG,Onion,Onion,2003,1.449,0.014110197,0.06229552,1.400814677,942671.0,6550280.0
FRUVEG,Onion,Onion,2004,1.7649000000000001,0.044423119,0.052445321,1.756877798,943364.0,6330561.0
FRUVEG,Onion,Onion,2005,2.0557,0.082495249,0.033915904,2.1042793449999997,11105322.0,5341908.0
FRUVEG,Onion,Onion,2006,1.8165,0.166165093,0.010092614,1.972572479,28023507.0,1530425.0
FRUVEG,Onion,Onion,2007,2.0152,0.105711743,0.04548745,2.075424293,15530342.0,8240797.0
FRUVEG,Onion,Onion,2008,1.7041,0.135373545,0.034525714,1.804947831,19312270.0,6082803.0
FRUVEG,Onion,Onion,2009,1.7010999999999998,0.324387576,0.084503296,1.9409842799999997,81428991.0,15914101.0
FRUVEG,Onion,Onion,2010,1.9396,0.115205301,0.089342245,1.965463056,22893174.0,23308172.0
FRUVEG,Onion,Onion,2011,1.6918,0.091557712,0.335725045,1.447632667,17329342.0,46799642.0
FRUVEG,Onion,Onion,2012,1.6608,0.138101287,0.180069296,1.618831991,33352039.0,10954221.0
FRUVEG,Onion,Onion,2013,1.7402,0.171347425,0.355109554,1.556437871,39862069.0,30951997.0
FRUVEG,Onion,Onion,2014,1.671,0.068989085,0.855059987,0.884929098,13241087.0,41793941.0
FRUVEG,Onion,Onion,2015,1.7365,0.112129517,0.499115076,1.349514441,20876869.0,47864608.0
FRUVEG,Onion,Onion,2016,1.8333,0.051444843,0.077385096,1.807359747,9743156.0,13255791.0
FRUVEG,Onion,Onion,2017,2.1151999999999997,0.080136089,0.079441088,2.1158950009999997,14688603.95,12965396.4
FRUVEG,Onion,Onion,2018,2.076,0.058338926,0.226442266,1.9078966599999998,10323300.72,48955292.15
FRUVEG,Onion,Onion,2019,2.1219,0.088612704,0.168243067,2.042269637,16601307.42,67659907.25
FRUVEG,Onion,Onion,2020,2.3057,0.167173706,0.334293587,2.138580119,29477661.09,127324163.22
FRUVEG,Onion,Onion,2021,2.0623,0.136313469,0.456070791,1.7425426780000002,24037540.01,145450653.79
FRUVEG,Onion,Onion,2022,1.843494,0.493990101,0.132475859,2.205008242,102611243.28,44769095.21
FRUVEG,Onion,Onion,2023,2.304176,0.389990066,0.201421099,2.492744967,77279030.7,70162671.5
FRUVEG,Onion,Onion,2024,2.7471289999999997,0.5871577,0.332364794,3.0019219059999998,96257395.07,221532684.03
FRUVEG,Onion,Onion,2025,,0.118455984,0.18129571,,19832722.35,50050059.63
FRUVEG,Orange,Citrus (Kino dominant),2000,1.8977,2.6867e-05,0.042724558,1.855002309,10050.55,14452170.0
FRUVEG,Orange,Citrus (Kino dominant),2001,1.8303,0.000316587,0.058120557,1.77249603,107900.94,23220848.36
FRUVEG,Orange,Citrus (Kino dominant),2002,1.7023,0.000182698,0.059355266,1.6431274319999998,60434.78,23747803.41
FRUVEG,Orange,Citrus (Kino dominant),2003,1.7603,0.0,0.105110186,1.6551898139999999,0.0,22345320.0
FRUVEG,Orange,Citrus (Kino dominant),2004,1.9437,3e-06,0.151258577,1.792444423,531.0,30710224.0
FRUVEG,Orange,Citrus (Kino dominant),2005,2.4584,0.000145461,0.084928316,2.373617145,25591.0,21411549.0
FRUVEG,Orange,Citrus (Kino dominant),2006,1.4724000000000002,4.9577e-05,0.194891899,1.2775576780000002,9028.0,42274449.0
FRUVEG,Orange,Citrus (Kino dominant),2007,2.2945,5.4614e-05,0.132869026,2.1616855880000005,31807.0,33731225.0
FRUVEG,Orange,Citrus (Kino dominant),2008,2.1321999999999997,5.1582e-05,0.20491467,1.927336912,14280.0,48610834.0
FRUVEG,Orange,Citrus (Kino dominant),2009,2.15,4.5061e-05,0.248362446,1.9016826149999997,21523.0,69380021.0
FRUVEG,Orange,Citrus (Kino dominant),2010,1.9822,3.3645e-05,0.35090489,1.631328755,11165.0,95818537.0
FRUVEG,Orange,Citrus (Kino dominant),2011,2.1473,0.000559228,0.331774879,1.816084349,129523.0,124005506.0
FRUVEG,Orange,Citrus (Kino dominant),2012,2.0018,0.00059739,0.368262344,1.6341350459999995,240515.0,147871210.0
FRUVEG,Orange,Citrus (Kino dominant),2013,2.1677,0.000744577,0.365305909,1.803138668,231416.0,155256235.0
FRUVEG,Orange,Citrus (Kino dominant),2014,2.3962,0.000156012,0.363391245,2.032964767,214712.0,164922715.0
FRUVEG,Orange,Citrus (Kino dominant),2015,2.3441,0.000720823,0.407713158,1.937107665,331238.0,171931626.0
FRUVEG,Orange,Citrus (Kino dominant),2016,2.1801,0.000802926,0.356629664,1.824273262,342416.0,159290913.0
FRUVEG,Orange,Citrus (Kino dominant),2017,2.3513,0.000191072,0.311060482,2.0404305899999997,91914.41,126849067.87
FRUVEG,Orange,Citrus (Kino dominant),2018,2.4686999999999997,3.625e-06,0.401877463,2.066826162,2260.78,155117165.44
FRUVEG,Orange,Citrus (Kino dominant),2019,2.3673,1.508e-05,0.411905132,1.955409948,5981.13,150419543.06
FRUVEG,Orange,Citrus (Kino dominant),2020,2.5997,8.164e-06,0.478171589,2.121536575,4164.03,188609973.41
FRUVEG,Orange,Citrus (Kino dominant),2021,2.3722,5.9565e-05,0.403078854,1.969180711,13422.73,160775561.1
FRUVEG,Orange,Citrus (Kino dominant),2022,2.22952,6.222e-05,0.264895122,1.9646870979999997,11425.17,115252640.44
FRUVEG,Orange,Citrus (Kino dominant),2023,2.3340430000000003,4.5482e-05,0.287211962,2.0468765200000005,12573.12,75451885.25
FRUVEG,Orange,Citrus (Kino dominant),2024,3.893585,0.0,0.309663774,3.5839212259999997,0.0,87986983.31
FRUVEG,Orange,Citrus (Kino dominant),2025,,7.163e-06,0.209463,,3824.63,87503719.98
FRUVEG,Pineapple,Not grown in Pakistan,2000,,,,,,
FRUVEG,Pineapple,Not grown in Pakistan,2001,,,,,,
FRUVEG,Pineapple,Not grown in Pakistan,2002,,,,,,
FRUVEG,Pineapple,Not grown in Pakistan,2003,,,,,,
FRUVEG,Pineapple,Not grown in Pakistan,2004,,,,,,
FRUVEG,Pineapple,Not grown in Pakistan,2005,,,,,,
FRUVEG,Pineapple,Not grown in Pakistan,2006,,,,,,
FRUVEG,Pineapple,Not grown in Pakistan,2007,,,,,,
FRUVEG,Pineapple,Not grown in Pakistan,2008,,,,,,
FRUVEG,Pineapple,Not grown in Pakistan,2009,,,,,,
FRUVEG,Pineapple,Not grown in Pakistan,2010,,,,,,
FRUVEG,Pineapple,Not grown in Pakistan,2011,,,,,,
FRUVEG,Pineapple,Not grown in Pakistan,2012,,,,,,
FRUVEG,Pineapple,Not grown in Pakistan,2013,,,,,,
FRUVEG,Pineapple,Not grown in Pakistan,2014,,,,,,
FRUVEG,Pineapple,Not grown in Pakistan,2015,,,,,,
FRUVEG,Pineapple,Not grown in Pakistan,2016,,,,,,
FRUVEG,Pineapple,Not grown in Pakistan,2017,,,,,,
FRUVEG,Pineapple,Not grown in Pakistan,2018,,,,,,
FRUVEG,Pineapple,Not grown in Pakistan,2019,,,,,,
FRUVEG,Pineapple,Not grown in Pakistan,2020,,,,,,
FRUVEG,Pineapple,Not grown in Pakistan,2021,,,,,,
FRUVEG,Pineapple,Not grown in Pakistan,2022,,,,,,
FRUVEG,Pineapple,Not grown in Pakistan,2023,,,,,,
FRUVEG,Pineapple,Not grown in Pakistan,2024,,,,,,
FRUVEG,Pineapple,Not grown in Pakistan,2025,,,,,,
FRUVEG,Plantain,Not grown in Pakistan,2000,,,,,,
FRUVEG,Plantain,Not grown in Pakistan,2001,,,,,,
FRUVEG,Plantain,Not grown in Pakistan,2002,,,,,,
FRUVEG,Plantain,Not grown in Pakistan,2003,,0.0,0.0,,0.0,0.0
FRUVEG,Plantain,Not grown in Pakistan,2004,,0.0,0.0,,0.0,0.0
FRUVEG,Plantain,Not grown in Pakistan,2005,,0.0,0.0,,0.0,0.0
FRUVEG,Plantain,Not grown in Pakistan,2006,,0.0,0.0,,0.0,0.0
FRUVEG,Plantain,Not grown in Pakistan,2007,,0.0,0.0,,0.0,0.0
FRUVEG,Plantain,Not grown in Pakistan,2008,,0.0,0.0,,0.0,0.0
FRUVEG,Plantain,Not grown in Pakistan,2009,,0.0,0.0,,0.0,0.0
FRUVEG,Plantain,Not grown in Pakistan,2010,,0.0,0.0,,0.0,0.0
FRUVEG,Plantain,Not grown in Pakistan,2011,,0.0,0.0,,0.0,0.0
FRUVEG,Plantain,Not grown in Pakistan,2012,,0.002816689,3.1e-05,,443999.0,13307.0
FRUVEG,Plantain,Not grown in Pakistan,2013,,8.408e-06,0.000736145,,46914.0,319291.0
FRUVEG,Plantain,Not grown in Pakistan,2014,,5.6624e-05,9.9396e-05,,340884.0,39213.0
FRUVEG,Plantain,Not grown in Pakistan,2015,,5.01e-07,2.9868e-05,,2679.0,13156.0
FRUVEG,Plantain,Not grown in Pakistan,2016,,1.7375e-05,2.1e-05,,19899.0,8018.0
FRUVEG,Plantain,Not grown in Pakistan,2017,,3.6e-08,0.0,,76.14,0.0
FRUVEG,Plantain,Not grown in Pakistan,2018,,0.0,0.004105548,,0.0,1356727.55
FRUVEG,Plantain,Not grown in Pakistan,2019,,2.7e-07,0.000121808,,333.57,34080.76
FRUVEG,Plantain,Not grown in Pakistan,2020,,0.0,0.0,,0.0,0.0
FRUVEG,Plantain,Not grown in Pakistan,2021,,7.9e-06,0.00345586,,2498.89,872649.64
FRUVEG,Plantain,Not grown in Pakistan,2022,,0.0,0.000144,,0.0,24706.73
FRUVEG,Plantain,Not grown in Pakistan,2023,,0.0,0.022123976,,0.0,3156224.41
FRUVEG,Plantain,Not grown in Pakistan,2024,,0.0,0.031854014,,0.0,4572536.56
FRUVEG,Plantain,Not grown in Pakistan,2025,,0.0,0.009801956,,0.0,1396717.22
FRUVEG,Tomato,Tomatoes,2000,0.2686,0.0004565,8.2e-06,0.2690483,53011.0,5317.0
FRUVEG,Tomato,Tomatoes,2001,0.29410000000000003,1.7978e-05,2.8e-05,0.29408997800000003,2648.0,10210.0
FRUVEG,Tomato,Tomatoes,2002,0.3063,,3.22e-06,,,1696.0
FRUVEG,Tomato,Tomatoes,2003,0.4128,0.000421753,0.00216646,0.41105529300000004,39764.0,179358.0
FRUVEG,Tomato,Tomatoes,2004,0.42619999999999997,0.000512208,0.001565911,0.425146297,53512.0,170362.0
FRUVEG,Tomato,Tomatoes,2005,0.4681,0.000122242,0.0001617,0.468060542,24704.0,20729.0
FRUVEG,Tomato,Tomatoes,2006,0.5023,0.003912152,0.005328329,0.5008838229999999,586789.0,899785.0
FRUVEG,Tomato,Tomatoes,2007,0.5362,0.01249771,0.00042198,0.54827573,2497256.0,101736.0
FRUVEG,Tomato,Tomatoes,2008,0.5619,0.072010238,0.003463083,0.6304471549999999,21615573.0,542096.0
FRUVEG,Tomato,Tomatoes,2009,0.4768,0.13033714,0.040681669,0.5664554709999999,43178399.0,5024174.0
FRUVEG,Tomato,Tomatoes,2010,0.5296000000000001,0.115313688,0.005038838,0.63987485,41035749.0,1158226.0
FRUVEG,Tomato,Tomatoes,2011,0.5779,0.171318764,0.045141822,0.7040769419999999,77071268.0,18858285.0
FRUVEG,Tomato,Tomatoes,2012,0.5741,0.247983814,0.009703776,0.812380038,115077382.0,4164213.0
FRUVEG,Tomato,Tomatoes,2013,0.5997,0.265352782,0.005403412,0.85964937,132366936.0,2131892.0
FRUVEG,Tomato,Tomatoes,2014,0.5706,0.287405729,0.014173175,0.843832554,126151983.0,5522485.0
FRUVEG,Tomato,Tomatoes,2015,0.5871000000000001,0.269285108,0.009184041,0.847201067,90851286.0,3540792.0
FRUVEG,Tomato,Tomatoes,2016,0.569,0.254545862,0.024791666,0.798754196,120746446.0,9465295.0
FRUVEG,Tomato,Tomatoes,2017,0.6201,0.05685498,0.001994075,0.6749609049999999,29430133.12,777425.81
FRUVEG,Tomato,Tomatoes,2018,0.5606,0.181605364,0.026242228,0.7159631359999999,30263959.96,8622397.76
FRUVEG,Tomato,Tomatoes,2019,0.5942000000000001,0.232786331,0.019543562,0.8074427690000001,42525881.59,5232723.96
FRUVEG,Tomato,Tomatoes,2020,0.8187000000000001,0.365379582,0.014637667,1.1694419150000002,64546559.26,3630400.94
FRUVEG,Tomato,Tomatoes,2021,0.7928999999999999,0.404308107,0.0372991,1.159909007,59480836.02,9035469.08
FRUVEG,Tomato,Tomatoes,2022,0.762736,0.322696778,0.00568865,1.079744128,54558778.75,1110621.79
FRUVEG,Tomato,Tomatoes,2023,0.797335,0.356565305,0.056119863,1.0977804420000001,50677096.92,8000986.82
FRUVEG,Tomato,Tomatoes,2024,0.8397899999999999,0.376901838,0.029938417,1.186753421,52252340.22,4299290.12
FRUVEG,Tomato,Tomatoes,2025,,0.328314051,0.028983499,,47861110.34,4131752.97
FRUVEG,Other citrus,Malta + Kino sub-types + Lemon,2000,,7.21e-05,6.2414e-05,,33675.0,34978.0
FRUVEG,Other citrus,Malta + Kino sub-types + Lemon,2001,,0.000182,3.2991e-05,,51650.0,31409.0
FRUVEG,Other citrus,Malta + Kino sub-types + Lemon,2002,,,6.9208e-05,,,36281.0
FRUVEG,Other citrus,Malta + Kino sub-types + Lemon,2003,,0.000106158,0.0027575,,12557.0,275759.0
FRUVEG,Other citrus,Malta + Kino sub-types + Lemon,2004,,4.6932e-05,1.5e-05,,5587.0,5668.0
FRUVEG,Other citrus,Malta + Kino sub-types + Lemon,2005,,5.456e-05,0.000207339,,8363.0,59492.0
FRUVEG,Other citrus,Malta + Kino sub-types + Lemon,2006,,9.7085e-05,0.00196326,,11017.0,541094.0
FRUVEG,Other citrus,Malta + Kino sub-types + Lemon,2007,,3.164e-05,3.9802e-05,,4954.0,14335.0
FRUVEG,Other citrus,Malta + Kino sub-types + Lemon,2008,,7.5e-07,6.802e-06,,495.0,5814.0
FRUVEG,Other citrus,Malta + Kino sub-types + Lemon,2009,,1.078e-06,8.66e-07,,917.0,339.0
FRUVEG,Other citrus,Malta + Kino sub-types + Lemon,2010,,0.0,0.022292348,,0.0,10273758.0
FRUVEG,Other citrus,Malta + Kino sub-types + Lemon,2011,,0.0,0.032686303,,0.0,14537727.0
FRUVEG,Other citrus,Malta + Kino sub-types + Lemon,2012,,6.5e-08,0.018351254,,71.0,7733180.0
FRUVEG,Other citrus,Malta + Kino sub-types + Lemon,2013,,8e-08,0.039931384,,114.0,16120611.0
FRUVEG,Other citrus,Malta + Kino sub-types + Lemon,2014,,0.0,0.070758142,,0.0,27639194.0
FRUVEG,Other citrus,Malta + Kino sub-types + Lemon,2015,,3.1e-06,0.027653991,,4535.0,12860732.0
FRUVEG,Other citrus,Malta + Kino sub-types + Lemon,2016,,3.081e-06,0.031853091,,1599.0,12166854.0
FRUVEG,Other citrus,Malta + Kino sub-types + Lemon,2017,,6.85e-07,0.03265464,,457.0,12428159.91
FRUVEG,Other citrus,Malta + Kino sub-types + Lemon,2018,,7.875e-06,0.066173925,,5348.28,22563251.25
FRUVEG,Other citrus,Malta + Kino sub-types + Lemon,2019,,0.000439207,0.028260422,,393579.22,9607599.81
FRUVEG,Other citrus,Malta + Kino sub-types + Lemon,2020,,0.002159072,0.056266637,,1605046.25,15857662.76
FRUVEG,Other citrus,Malta + Kino sub-types + Lemon,2021,,3.754e-06,0.040281379,,3455.52,9633087.99
FRUVEG,Other citrus,Malta + Kino sub-types + Lemon,2022,,0.0,0.008157625,,0.0,1630395.76
FRUVEG,Other citrus,Malta + Kino sub-types + Lemon,2023,,0.0,0.009344635,,0.0,1322462.25
FRUVEG,Other citrus,Malta + Kino sub-types + Lemon,2024,,0.0,0.072528119,,0.0,10693612.52
FRUVEG,Other citrus,Malta + Kino sub-types + Lemon,2025,,0.0,0.012523165,,0.0,1814272.05
FRUVEG,Other fruits,Guava+Peach+Apricot+Plum+Pomegranate+Pear+Cherry+Fig+Strawberry+Mango+Ber+Loquat+Papaya+Chikoo+Melons+others,2000,1.7912000000000001,0.001019313,0.026323333,1.7658959800000003,361396.0,20841639.21
FRUVEG,Other fruits,Guava+Peach+Apricot+Plum+Pomegranate+Pear+Cherry+Fig+Strawberry+Mango+Ber+Loquat+Papaya+Chikoo+Melons+others,2001,1.8496,0.000588347,0.029033942,1.821154405,251779.0,25141673.91
FRUVEG,Other fruits,Guava+Peach+Apricot+Plum+Pomegranate+Pear+Cherry+Fig+Strawberry+Mango+Ber+Loquat+Papaya+Chikoo+Melons+others,2002,1.8839000000000001,0.000363135,0.026415024,1.857848111,152670.0,23933135.05
FRUVEG,Other fruits,Guava+Peach+Apricot+Plum+Pomegranate+Pear+Cherry+Fig+Strawberry+Mango+Ber+Loquat+Papaya+Chikoo+Melons+others,2003,1.9669,0.010018312,0.097332471,1.879585841,1786622.0,29154923.0
FRUVEG,Other fruits,Guava+Peach+Apricot+Plum+Pomegranate+Pear+Cherry+Fig+Strawberry+Mango+Ber+Loquat+Papaya+Chikoo+Melons+others,2004,3.46259,0.018507753,0.122473231,3.3586245220000004,2314193.0,34291786.0
FRUVEG,Other fruits,Guava+Peach+Apricot+Plum+Pomegranate+Pear+Cherry+Fig+Strawberry+Mango+Ber+Loquat+Papaya+Chikoo+Melons+others,2005,3.581864,0.010375912,0.135655138,3.456584774,1406207.0,40221440.0
FRUVEG,Other fruits,Guava+Peach+Apricot+Plum+Pomegranate+Pear+Cherry+Fig+Strawberry+Mango+Ber+Loquat+Papaya+Chikoo+Melons+others,2006,3.519368,0.008213554,0.096599669,3.430981885,1248039.0,26785243.0
FRUVEG,Other fruits,Guava+Peach+Apricot+Plum+Pomegranate+Pear+Cherry+Fig+Strawberry+Mango+Ber+Loquat+Papaya+Chikoo+Melons+others,2007,3.600018,0.010593669,0.099809546,3.510802123,6261338.0,34373958.0
FRUVEG,Other fruits,Guava+Peach+Apricot+Plum+Pomegranate+Pear+Cherry+Fig+Strawberry+Mango+Ber+Loquat+Papaya+Chikoo+Melons+others,2008,3.626654,0.003538394,0.067877516,3.562314878,1124351.0,29389114.0
FRUVEG,Other fruits,Guava+Peach+Apricot+Plum+Pomegranate+Pear+Cherry+Fig+Strawberry+Mango+Ber+Loquat+Papaya+Chikoo+Melons+others,2009,3.630675,0.012045915,0.086592816,3.556128099,3245472.0,35786494.0
FRUVEG,Other fruits,Guava+Peach+Apricot+Plum+Pomegranate+Pear+Cherry+Fig+Strawberry+Mango+Ber+Loquat+Papaya+Chikoo+Melons+others,2010,3.6485540000000003,0.009469034,0.119729096,3.5382939380000002,4332822.0,45534938.0
FRUVEG,Other fruits,Guava+Peach+Apricot+Plum+Pomegranate+Pear+Cherry+Fig+Strawberry+Mango+Ber+Loquat+Papaya+Chikoo+Melons+others,2011,3.30507,0.007672029,0.116884466,3.195857563,3011626.0,50955457.0
FRUVEG,Other fruits,Guava+Peach+Apricot+Plum+Pomegranate+Pear+Cherry+Fig+Strawberry+Mango+Ber+Loquat+Papaya+Chikoo+Melons+others,2012,3.2560569999999998,0.009591654,0.111216847,3.1544318069999995,9304066.0,50100514.0
FRUVEG,Other fruits,Guava+Peach+Apricot+Plum+Pomegranate+Pear+Cherry+Fig+Strawberry+Mango+Ber+Loquat+Papaya+Chikoo+Melons+others,2013,3.236694,0.008620708,0.105500733,3.139813975,8044091.0,62274737.0
FRUVEG,Other fruits,Guava+Peach+Apricot+Plum+Pomegranate+Pear+Cherry+Fig+Strawberry+Mango+Ber+Loquat+Papaya+Chikoo+Melons+others,2014,3.2439250000000004,0.045221257,0.083574587,3.2055716700000003,16626134.0,46001881.0
FRUVEG,Other fruits,Guava+Peach+Apricot+Plum+Pomegranate+Pear+Cherry+Fig+Strawberry+Mango+Ber+Loquat+Papaya+Chikoo+Melons+others,2015,3.1891700000000003,0.026316268,0.055682431,3.159803837,22229204.0,53187025.0
FRUVEG,Other fruits,Guava+Peach+Apricot+Plum+Pomegranate+Pear+Cherry+Fig+Strawberry+Mango+Ber+Loquat+Papaya+Chikoo+Melons+others,2016,3.3453980000000003,0.021239788,0.089066712,3.277571076,20130945.0,73584200.0
FRUVEG,Other fruits,Guava+Peach+Apricot+Plum+Pomegranate+Pear+Cherry+Fig+Strawberry+Mango+Ber+Loquat+Papaya+Chikoo+Melons+others,2017,3.338569,0.028691607,0.043193574,3.324067033,25397404.34,55966460.72
FRUVEG,Other fruits,Guava+Peach+Apricot+Plum+Pomegranate+Pear+Cherry+Fig+Strawberry+Mango+Ber+Loquat+Papaya+Chikoo+Melons+others,2018,3.2818449999999997,0.059498203,0.075850694,3.2654925089999995,30182256.05,79934180.42
FRUVEG,Other fruits,Guava+Peach+Apricot+Plum+Pomegranate+Pear+Cherry+Fig+Strawberry+Mango+Ber+Loquat+Papaya+Chikoo+Melons+others,2019,3.356926,0.056506152,0.106498011,3.306934141,38005360.24,109571216.92
FRUVEG,Other fruits,Guava+Peach+Apricot+Plum+Pomegranate+Pear+Cherry+Fig+Strawberry+Mango+Ber+Loquat+Papaya+Chikoo+Melons+others,2020,5.453887,0.04066088,0.111941227,5.382606653,29754945.83,105804088.69
FRUVEG,Other fruits,Guava+Peach+Apricot+Plum+Pomegranate+Pear+Cherry+Fig+Strawberry+Mango+Ber+Loquat+Papaya+Chikoo+Melons+others,2021,4.883456,0.088784712,0.201515736,4.7707249759999995,47110473.72,171622150.28
FRUVEG,Other fruits,Guava+Peach+Apricot+Plum+Pomegranate+Pear+Cherry+Fig+Strawberry+Mango+Ber+Loquat+Papaya+Chikoo+Melons+others,2022,5.117058,0.064130927,0.119266887,5.06192204,32138376.58,116244382.94
FRUVEG,Other fruits,Guava+Peach+Apricot+Plum+Pomegranate+Pear+Cherry+Fig+Strawberry+Mango+Ber+Loquat+Papaya+Chikoo+Melons+others,2023,4.875238,0.054575068,0.143839455,4.785973613,25447847.36,112576610.96
FRUVEG,Other fruits,Guava+Peach+Apricot+Plum+Pomegranate+Pear+Cherry+Fig+Strawberry+Mango+Ber+Loquat+Papaya+Chikoo+Melons+others,2024,4.039408,0.046442145,0.152521482,3.933328663,21276784.7,124229593.24
FRUVEG,Other fruits,Guava+Peach+Apricot+Plum+Pomegranate+Pear+Cherry+Fig+Strawberry+Mango+Ber+Loquat+Papaya+Chikoo+Melons+others,2025,,0.046620247,0.117560112,,16933037.13,121698976.52
FRUVEG,Other vegetables,Lady Finger+Brinjal+Bitter Gourd+Bottle Gourd+Pumpkin+Cucumber+Radish+Turnip+Carrot+Spinach+Cauliflower+Cabbage+Tinda+others,2000,,0.010288976,0.001414505,,3337923.0,1453615.03
FRUVEG,Other vegetables,Lady Finger+Brinjal+Bitter Gourd+Bottle Gourd+Pumpkin+Cucumber+Radish+Turnip+Carrot+Spinach+Cauliflower+Cabbage+Tinda+others,2001,,0.014657169,0.002652604,,4596328.0,2555079.1
FRUVEG,Other vegetables,Lady Finger+Brinjal+Bitter Gourd+Bottle Gourd+Pumpkin+Cucumber+Radish+Turnip+Carrot+Spinach+Cauliflower+Cabbage+Tinda+others,2002,,0.039362373,0.004371796,,11150596.54,4299104.37
FRUVEG,Other vegetables,Lady Finger+Brinjal+Bitter Gourd+Bottle Gourd+Pumpkin+Cucumber+Radish+Turnip+Carrot+Spinach+Cauliflower+Cabbage+Tinda+others,2003,,0.042359519,0.053724649,,9726880.0,10248153.0
FRUVEG,Other vegetables,Lady Finger+Brinjal+Bitter Gourd+Bottle Gourd+Pumpkin+Cucumber+Radish+Turnip+Carrot+Spinach+Cauliflower+Cabbage+Tinda+others,2004,2.526948,0.031697078,0.053956112,2.5046889660000002,8313628.0,10130888.0
FRUVEG,Other vegetables,Lady Finger+Brinjal+Bitter Gourd+Bottle Gourd+Pumpkin+Cucumber+Radish+Turnip+Carrot+Spinach+Cauliflower+Cabbage+Tinda+others,2005,2.556963,0.058063647,0.033997591,2.581029056,27461409.0,9819601.0
FRUVEG,Other vegetables,Lady Finger+Brinjal+Bitter Gourd+Bottle Gourd+Pumpkin+Cucumber+Radish+Turnip+Carrot+Spinach+Cauliflower+Cabbage+Tinda+others,2006,2.530611,0.056550432,0.047241856,2.539919576,31210037.0,11922363.0
FRUVEG,Other vegetables,Lady Finger+Brinjal+Bitter Gourd+Bottle Gourd+Pumpkin+Cucumber+Radish+Turnip+Carrot+Spinach+Cauliflower+Cabbage+Tinda+others,2007,2.507563,0.101542661,0.040292782,2.568812879,59179775.0,12395562.0
FRUVEG,Other vegetables,Lady Finger+Brinjal+Bitter Gourd+Bottle Gourd+Pumpkin+Cucumber+Radish+Turnip+Carrot+Spinach+Cauliflower+Cabbage+Tinda+others,2008,2.5557350000000003,0.080115607,0.012671404,2.6231792030000003,33754427.0,5644047.0
FRUVEG,Other vegetables,Lady Finger+Brinjal+Bitter Gourd+Bottle Gourd+Pumpkin+Cucumber+Radish+Turnip+Carrot+Spinach+Cauliflower+Cabbage+Tinda+others,2009,2.457794,0.08971391,0.015639747,2.531868163,37989804.0,6426751.0
FRUVEG,Other vegetables,Lady Finger+Brinjal+Bitter Gourd+Bottle Gourd+Pumpkin+Cucumber+Radish+Turnip+Carrot+Spinach+Cauliflower+Cabbage+Tinda+others,2010,2.431773,0.057272471,0.032174154,2.4568713170000005,68637426.0,14545384.0
FRUVEG,Other vegetables,Lady Finger+Brinjal+Bitter Gourd+Bottle Gourd+Pumpkin+Cucumber+Radish+Turnip+Carrot+Spinach+Cauliflower+Cabbage+Tinda+others,2011,2.396692,0.052608092,0.139732812,2.3095672799999996,65648465.0,53915463.0
FRUVEG,Other vegetables,Lady Finger+Brinjal+Bitter Gourd+Bottle Gourd+Pumpkin+Cucumber+Radish+Turnip+Carrot+Spinach+Cauliflower+Cabbage+Tinda+others,2012,2.257391,0.035466224,0.022837526,2.270019698,31055790.0,10457969.0
FRUVEG,Other vegetables,Lady Finger+Brinjal+Bitter Gourd+Bottle Gourd+Pumpkin+Cucumber+Radish+Turnip+Carrot+Spinach+Cauliflower+Cabbage+Tinda+others,2013,2.2859659999999997,0.054555286,0.134459203,2.2060620829999995,38942065.0,53336620.0
FRUVEG,Other vegetables,Lady Finger+Brinjal+Bitter Gourd+Bottle Gourd+Pumpkin+Cucumber+Radish+Turnip+Carrot+Spinach+Cauliflower+Cabbage+Tinda+others,2014,2.278658,0.07130109,0.076224704,2.273734386,58102570.0,34503577.0
FRUVEG,Other vegetables,Lady Finger+Brinjal+Bitter Gourd+Bottle Gourd+Pumpkin+Cucumber+Radish+Turnip+Carrot+Spinach+Cauliflower+Cabbage+Tinda+others,2015,2.410169,0.033937841,0.093100125,2.351006716,60866061.0,44092958.0
FRUVEG,Other vegetables,Lady Finger+Brinjal+Bitter Gourd+Bottle Gourd+Pumpkin+Cucumber+Radish+Turnip+Carrot+Spinach+Cauliflower+Cabbage+Tinda+others,2016,2.3878649999999997,0.066873947,0.09593285,2.3588060969999995,97487756.0,53489424.0
FRUVEG,Other vegetables,Lady Finger+Brinjal+Bitter Gourd+Bottle Gourd+Pumpkin+Cucumber+Radish+Turnip+Carrot+Spinach+Cauliflower+Cabbage+Tinda+others,2017,2.393198,0.068354974,0.085875548,2.3756774259999998,74376965.02,53915943.51
FRUVEG,Other vegetables,Lady Finger+Brinjal+Bitter Gourd+Bottle Gourd+Pumpkin+Cucumber+Radish+Turnip+Carrot+Spinach+Cauliflower+Cabbage+Tinda+others,2018,2.368671,0.103119298,0.101617086,2.370173212,47762132.71,47915199.3
FRUVEG,Other vegetables,Lady Finger+Brinjal+Bitter Gourd+Bottle Gourd+Pumpkin+Cucumber+Radish+Turnip+Carrot+Spinach+Cauliflower+Cabbage+Tinda+others,2019,2.105226,0.158627921,0.083981983,2.179871938,78155122.69,36453797.77
FRUVEG,Other vegetables,Lady Finger+Brinjal+Bitter Gourd+Bottle Gourd+Pumpkin+Cucumber+Radish+Turnip+Carrot+Spinach+Cauliflower+Cabbage+Tinda+others,2020,2.682355,0.212640432,0.037395901,2.857599531,123378621.37,29385426.49
FRUVEG,Other vegetables,Lady Finger+Brinjal+Bitter Gourd+Bottle Gourd+Pumpkin+Cucumber+Radish+Turnip+Carrot+Spinach+Cauliflower+Cabbage+Tinda+others,2021,2.760284,0.170772383,0.085095359,2.845961024,85289209.9,36038053.75
FRUVEG,Other vegetables,Lady Finger+Brinjal+Bitter Gourd+Bottle Gourd+Pumpkin+Cucumber+Radish+Turnip+Carrot+Spinach+Cauliflower+Cabbage+Tinda+others,2022,2.977047,0.156917544,0.032567155,3.101397389,75720932.67,17882672.85
FRUVEG,Other vegetables,Lady Finger+Brinjal+Bitter Gourd+Bottle Gourd+Pumpkin+Cucumber+Radish+Turnip+Carrot+Spinach+Cauliflower+Cabbage+Tinda+others,2023,2.925629,0.136015048,0.165469013,2.8961750349999997,48230743.9,31899309.42
FRUVEG,Other vegetables,Lady Finger+Brinjal+Bitter Gourd+Bottle Gourd+Pumpkin+Cucumber+Radish+Turnip+Carrot+Spinach+Cauliflower+Cabbage+Tinda+others,2024,,0.143842016,0.095800649,,66255069.23,20447994.29
FRUVEG,Other vegetables,Lady Finger+Brinjal+Bitter Gourd+Bottle Gourd+Pumpkin+Cucumber+Radish+Turnip+Carrot+Spinach+Cauliflower+Cabbage+Tinda+others,2025,,0.13217411,0.130740968,,49030671.7,25617486.43
NUTS,Nuts,Walnut + Almond + Pistachio,2000,0.0332,0.037376863,0.004132669,0.066444194,31650159.0,14252692.35
NUTS,Nuts,Walnut + Almond + Pistachio,2001,0.0264,0.053323962,0.002090037,0.077633925,23037693.0,9098770.45
NUTS,Nuts,Walnut + Almond + Pistachio,2002,0.0237,0.061101361,0.001623174,0.08317818699999999,25795257.0,8770149.18
NUTS,Nuts,Walnut + Almond + Pistachio,2003,0.023899999999999998,0.019648145,0.000367543,0.043180602,8687329.0,357706.0
NUTS,Nuts,Walnut + Almond + Pistachio,2004,0.037045,0.015245698,0.000574414,0.051716284,8174477.0,536431.0
NUTS,Nuts,Walnut + Almond + Pistachio,2005,0.038843,0.069299446,0.011506929,0.096635517,45357858.0,7001352.0
NUTS,Nuts,Walnut + Almond + Pistachio,2006,0.039113,0.063053095,0.000874456,0.10129163900000002,47652446.0,1777470.0
NUTS,Nuts,Walnut + Almond + Pistachio,2007,0.040109,0.076788877,0.001471665,0.11542621200000001,68878763.0,4950707.0
NUTS,Nuts,Walnut + Almond + Pistachio,2008,0.040008,0.081324575,0.000889777,0.120442798,69896629.0,4712787.0
NUTS,Nuts,Walnut + Almond + Pistachio,2009,0.033399,0.086363148,0.000788542,0.118973606,73641093.0,1962141.0
NUTS,Nuts,Walnut + Almond + Pistachio,2010,0.032465,0.093508037,0.001784865,0.12418817200000001,84213822.0,5407818.0
NUTS,Nuts,Walnut + Almond + Pistachio,2011,0.032695,0.085884665,0.000342883,0.118236782,76441176.0,2149943.0
NUTS,Nuts,Walnut + Almond + Pistachio,2012,0.032784999999999995,0.033252818,0.000339712,0.06569810599999999,36546571.0,1364672.0
NUTS,Nuts,Walnut + Almond + Pistachio,2013,0.032353,0.003591841,0.000613323,0.035331518,7210516.0,2247164.0
NUTS,Nuts,Walnut + Almond + Pistachio,2014,0.037590000000000005,0.003896702,0.000964429,0.040522273000000004,8819898.0,3237960.0
NUTS,Nuts,Walnut + Almond + Pistachio,2015,0.035957,0.01135252,0.000408044,0.046901476,25692523.0,1680597.0
NUTS,Nuts,Walnut + Almond + Pistachio,2016,0.03664,0.017771873,0.000345673,0.0540662,38094521.0,1702470.0
NUTS,Nuts,Walnut + Almond + Pistachio,2017,0.035872,0.015475449,0.000200744,0.051146705,47815291.5,1075164.94
NUTS,Nuts,Walnut + Almond + Pistachio,2018,0.035557000000000005,0.007223556,0.000244606,0.04253595,19263907.62,1837839.62
NUTS,Nuts,Walnut + Almond + Pistachio,2019,0.031613,0.007642542,0.001007976,0.038247566000000004,17753126.81,4581492.81
NUTS,Nuts,Walnut + Almond + Pistachio,2020,0.036382,0.01595155,0.000482574,0.05185097599999999,30075794.2,2954507.44
NUTS,Nuts,Walnut + Almond + Pistachio,2021,0.034061,0.028899165,0.000621843,0.062338322,28172119.2,3667375.15
NUTS,Nuts,Walnut + Almond + Pistachio,2022,0.033436999999999995,0.006985742,0.001615651,0.038807090999999995,8960855.13,20893856.22
NUTS,Nuts,Walnut + Almond + Pistachio,2023,0.031945,0.021508909,0.001289111,0.052164798,21810314.21,13348229.35
NUTS,Nuts,Walnut + Almond + Pistachio,2024,0.016571000000000002,0.048126405,0.001626541,0.063070864,54349555.23,24914501.86
NUTS,Nuts,Walnut + Almond + Pistachio,2025,,0.051137268,0.001721331,,66754667.53,24073761.29
BEVSPICES,Tobacco,Tobacco,2000,0.0851,0.000979778,0.001381851,0.08469792699999999,2719969.0,2912595.76
BEVSPICES,Tobacco,Tobacco,2001,0.0945,0.002094931,0.00402022,0.09257471099999999,4934560.7,10354905.58
BEVSPICES,Tobacco,Tobacco,2002,0.0882,0.000809502,0.002894672,0.08611483,2838863.18,6242871.02
BEVSPICES,Tobacco,Tobacco,2003,0.0862,9.1073e-05,0.005462691,0.08082838199999999,357442.0,7373033.0
BEVSPICES,Tobacco,Tobacco,2004,0.1005,0.000298965,0.007251129,0.09354783600000001,1059308.0,10569087.0
BEVSPICES,Tobacco,Tobacco,2005,0.11259999999999999,0.002401261,0.00575984,0.10924142099999999,5380185.0,9185111.0
BEVSPICES,Tobacco,Tobacco,2006,0.1033,0.002219948,0.004219596,0.101300352,7287899.0,7026931.0
BEVSPICES,Tobacco,Tobacco,2007,0.10779999999999999,0.00282668,0.006322897,0.104303783,10582341.0,9711473.0
BEVSPICES,Tobacco,Tobacco,2008,0.10490000000000001,0.001844811,0.002792453,0.10395235800000001,9234185.0,7031476.0
BEVSPICES,Tobacco,Tobacco,2009,0.1193,0.002948245,0.003936635,0.11831161000000001,19741117.0,10224744.0
BEVSPICES,Tobacco,Tobacco,2010,0.1028,0.001672253,0.005360034,0.099112219,12609726.0,16132508.0
BEVSPICES,Tobacco,Tobacco,2011,0.0979,0.001995109,0.00956948,0.09032562899999999,17221362.0,30066708.0
BEVSPICES,Tobacco,Tobacco,2012,0.1083,0.001517834,0.007099984,0.10271784999999999,12377956.0,23181074.0
BEVSPICES,Tobacco,Tobacco,2013,0.12990000000000002,0.001422891,0.008059006,0.12326388500000002,11436747.0,23900103.0
BEVSPICES,Tobacco,Tobacco,2014,0.030699999999999998,0.001964652,0.006088804,0.026575847999999996,15713791.0,21432757.0
BEVSPICES,Tobacco,Tobacco,2015,0.1188,0.00160694,0.003224399,0.117182541,11881215.0,10258402.0
BEVSPICES,Tobacco,Tobacco,2016,0.1134,0.001813815,0.002796777,0.112417038,11724063.0,9896689.0
BEVSPICES,Tobacco,Tobacco,2017,0.12090000000000001,0.001608331,0.008014668,0.11449366300000001,10985246.15,29187924.08
BEVSPICES,Tobacco,Tobacco,2018,0.11170000000000001,0.002025904,0.007949119,0.105776785,14341462.66,20789244.53
BEVSPICES,Tobacco,Tobacco,2019,0.133,0.003549729,0.00386818,0.132681549,24587688.58,10871323.75
BEVSPICES,Tobacco,Tobacco,2020,0.1682,0.001806201,0.009665789,0.160340412,9255240.15,24285652.16
BEVSPICES,Tobacco,Tobacco,2021,0.1336,0.009169932,0.00825204,0.134517892,28669291.67,20932763.11
BEVSPICES,Tobacco,Tobacco,2022,0.151911,0.008868227,0.014167917,0.14661131,29933826.71,40750291.16
BEVSPICES,Tobacco,Tobacco,2023,0.186278,0.004111403,0.023660037,0.16672936600000002,8985071.12,66459991.5
BEVSPICES,Tobacco,Tobacco,2024,0.238361,0.011442981,0.028448341,0.22135564,5954394.21,107824612.49
BEVSPICES,Tobacco,Tobacco,2025,,0.008130751,0.043068698,,7031019.29,149080500.33
BEVSPICES,Tea,Negligible production,2000,,0.111737499,5.1699e-05,,190260915.0,127757.11
BEVSPICES,Tea,Negligible production,2001,,0.100741453,6.1956e-05,,148239768.15,137057.44
BEVSPICES,Tea,Negligible production,2002,,0.070872655,9.3016e-05,,80609154.65,243914.32
BEVSPICES,Tea,Negligible production,2003,,0.118308779,6.888e-05,,190240813.0,320532.0
BEVSPICES,Tea,Negligible production,2004,,0.115966865,0.000137676,,190099133.0,584224.0
BEVSPICES,Tea,Negligible production,2005,,0.139260942,0.000181678,,229687454.0,627393.0
BEVSPICES,Tea,Negligible production,2006,,0.116780552,0.000255205,,222537248.0,934187.0
BEVSPICES,Tea,Negligible production,2007,,0.105036008,0.000363267,,198268831.0,1275477.0
BEVSPICES,Tea,Negligible production,2008,,0.102987432,0.000599229,,231963452.0,1971428.0
BEVSPICES,Tea,Negligible production,2009,,0.0897361,0.001261311,,223914988.0,4594901.0
BEVSPICES,Tea,Negligible production,2010,,0.108101926,0.000927215,,303049807.0,3582310.0
BEVSPICES,Tea,Negligible production,2011,,0.119230963,0.001179128,,350696942.0,4232902.0
BEVSPICES,Tea,Negligible production,2012,,0.12230382,0.002755649,,361331432.0,11213934.0
BEVSPICES,Tea,Negligible production,2013,,0.121899661,0.003190453,,318389669.0,14111681.0
BEVSPICES,Tea,Negligible production,2014,,0.150948324,0.00299002,,328286959.0,11708666.0
BEVSPICES,Tea,Negligible production,2015,,0.16464159,0.001381908,,458102955.0,6600755.0
BEVSPICES,Tea,Negligible production,2016,,0.184886432,0.00145763,,489960150.0,7207304.0
BEVSPICES,Tea,Negligible production,2017,,0.183496082,0.001588567,,549616638.7,8231694.02
BEVSPICES,Tea,Negligible production,2018,,0.204428151,0.005154588,,571327344.79,23056369.52
BEVSPICES,Tea,Negligible production,2019,,0.206323977,0.005181065,,496016917.09,28407208.5
BEVSPICES,Tea,Negligible production,2020,,0.254406098,0.003169332,,589755805.75,14892734.82
BEVSPICES,Tea,Negligible production,2021,,0.25823152,0.005421155,,594730084.38,21811143.34
BEVSPICES,Tea,Negligible production,2022,,0.252124096,0.004589019,,640568652.63,20455287.79
BEVSPICES,Tea,Negligible production,2023,,0.242011277,0.002955455,,587984187.06,15471557.98
BEVSPICES,Tea,Negligible production,2024,,0.244085538,0.003738232,,633981538.54,20272587.72
BEVSPICES,Tea,Negligible production,2025,,0.25139522,0.003542508,,631678984.83,19209425.61
BEVSPICES,Cocoa,Not grown in Pakistan,2000,,0.001016224,1.2e-08,,919785.0,35.51
BEVSPICES,Cocoa,Not grown in Pakistan,2001,,0.001249789,0.0003,,1099793.0,216900.0
BEVSPICES,Cocoa,Not grown in Pakistan,2002,,0.001716366,,,1905608.0,
BEVSPICES,Cocoa,Not grown in Pakistan,2003,,0.0014922,0.0,,2619065.0,0.0
BEVSPICES,Cocoa,Not grown in Pakistan,2004,,0.00149426,5.9e-08,,2484205.0,515.0
BEVSPICES,Cocoa,Not grown in Pakistan,2005,,0.002277022,0.0,,3515806.0,0.0
BEVSPICES,Cocoa,Not grown in Pakistan,2006,,0.002232915,1.18e-06,,3080701.0,3034.0
BEVSPICES,Cocoa,Not grown in Pakistan,2007,,0.002905558,2.5259e-05,,4143610.0,68603.0
BEVSPICES,Cocoa,Not grown in Pakistan,2008,,0.002704239,1.0822e-05,,4753265.0,30151.0
BEVSPICES,Cocoa,Not grown in Pakistan,2009,,0.003489659,1.3783e-05,,7394225.0,30135.0
BEVSPICES,Cocoa,Not grown in Pakistan,2010,,0.003716631,0.0,,11101647.0,0.0
BEVSPICES,Cocoa,Not grown in Pakistan,2011,,0.00383927,1.969e-06,,14590814.0,6129.0
BEVSPICES,Cocoa,Not grown in Pakistan,2012,,0.003560938,0.0,,12473232.0,0.0
BEVSPICES,Cocoa,Not grown in Pakistan,2013,,0.005093257,5.9e-07,,15395838.0,1521.0
BEVSPICES,Cocoa,Not grown in Pakistan,2014,,0.011496979,1.11e-07,,23072608.0,517.0
BEVSPICES,Cocoa,Not grown in Pakistan,2015,,0.009213652,2.1938e-05,,21630392.0,87592.0
BEVSPICES,Cocoa,Not grown in Pakistan,2016,,0.007824255,8.0108e-05,,21879604.0,364570.0
BEVSPICES,Cocoa,Not grown in Pakistan,2017,,0.007379268,1.9e-07,,19056853.88,971.2
BEVSPICES,Cocoa,Not grown in Pakistan,2018,,0.010583157,6.71e-07,,24458232.31,2456.32
BEVSPICES,Cocoa,Not grown in Pakistan,2019,,0.011356719,7.467e-06,,25277066.56,19628.93
BEVSPICES,Cocoa,Not grown in Pakistan,2020,,0.010836985,1.696e-06,,24164771.68,5416.13
BEVSPICES,Cocoa,Not grown in Pakistan,2021,,0.012428394,3.4407e-05,,28202860.81,163894.27
BEVSPICES,Cocoa,Not grown in Pakistan,2022,,0.012061932,0.000412448,,29896691.63,1391689.85
BEVSPICES,Cocoa,Not grown in Pakistan,2023,,0.010186059,1.005e-06,,28252323.33,4520.42
BEVSPICES,Cocoa,Not grown in Pakistan,2024,,0.019414217,1.287e-06,,56593020.49,6645.94
BEVSPICES,Cocoa,Not grown in Pakistan,2025,,0.028088959,1.475e-06,,93542136.42,3071.59
BEVSPICES,Other spices,Coriander + Turmeric + Ginger,2000,0.045200000000000004,0.050749894,0.004403557,0.091546337,15433559.0,4944443.41
BEVSPICES,Other spices,Coriander + Turmeric + Ginger,2001,0.0421,0.039923605,0.004292094,0.077731511,10898351.0,3835233.17
BEVSPICES,Other spices,Coriander + Turmeric + Ginger,2002,0.0435,0.051599392,0.003674294,0.09142509800000001,13479576.88,2897163.39
BEVSPICES,Other spices,Coriander + Turmeric + Ginger,2003,0.0415,0.042635859,0.00310608,0.08102977900000001,14265057.0,3157259.0
BEVSPICES,Other spices,Coriander + Turmeric + Ginger,2004,0.041,0.051735068,0.003804465,0.088930603,20656775.0,3803751.0
BEVSPICES,Other spices,Coriander + Turmeric + Ginger,2005,0.0384,0.059145903,0.004099817,0.09344608599999998,31077002.0,4216878.0
BEVSPICES,Other spices,Coriander + Turmeric + Ginger,2006,0.039799999999999995,0.064452693,0.009721394,0.09453129900000001,29908726.0,8631838.0
BEVSPICES,Other spices,Coriander + Turmeric + Ginger,2007,0.04,0.076445107,0.004473422,0.11197168499999999,35352933.0,5773280.0
BEVSPICES,Other spices,Coriander + Turmeric + Ginger,2008,0.0394,0.104174238,0.003309151,0.14026508699999998,60238284.0,6004033.0
BEVSPICES,Other spices,Coriander + Turmeric + Ginger,2009,0.0466,0.080851278,0.005691206,0.121760072,43873327.0,8742907.0
BEVSPICES,Other spices,Coriander + Turmeric + Ginger,2010,0.0511,0.092609151,0.003791268,0.13991788300000002,69906653.0,8172862.0
BEVSPICES,Other spices,Coriander + Turmeric + Ginger,2011,0.0606,0.08131625,0.002419814,0.13949643600000003,69323324.0,6338576.0
BEVSPICES,Other spices,Coriander + Turmeric + Ginger,2012,0.0674,0.061491751,0.001540812,0.127350939,33238076.0,5969674.0
BEVSPICES,Other spices,Coriander + Turmeric + Ginger,2013,0.0663,0.073506984,0.004152378,0.13565460599999998,40501713.0,6775475.0
BEVSPICES,Other spices,Coriander + Turmeric + Ginger,2014,0.0694,0.099888148,0.002352037,0.166936111,65842064.0,4411038.0
BEVSPICES,Other spices,Coriander + Turmeric + Ginger,2015,0.0761,0.124952772,0.002874554,0.198178218,81442985.0,6796967.0
BEVSPICES,Other spices,Coriander + Turmeric + Ginger,2016,0.07429999999999999,0.096972676,0.00455149,0.166721186,68884482.0,7930014.0
BEVSPICES,Other spices,Coriander + Turmeric + Ginger,2017,0.076,0.096788902,0.005484639,0.16730426299999998,78634449.26,8142082.92
BEVSPICES,Other spices,Coriander + Turmeric + Ginger,2018,0.075,0.11323777,0.002059515,0.186178255,95733537.82,5042555.37
BEVSPICES,Other spices,Coriander + Turmeric + Ginger,2019,0.075932,0.109668374,0.002962733,0.18263764100000002,96816059.99,6060589.78
BEVSPICES,Other spices,Coriander + Turmeric + Ginger,2020,0.110822,0.12438975,0.000908688,0.234303062,119141019.27,2274818.69
BEVSPICES,Other spices,Coriander + Turmeric + Ginger,2021,0.107524,0.137973092,0.002698111,0.24279898099999997,138695644.67,5940004.96
BEVSPICES,Other spices,Coriander + Turmeric + Ginger,2022,0.113274,0.108462706,0.002314509,0.219422197,81929700.59,5402277.35
BEVSPICES,Other spices,Coriander + Turmeric + Ginger,2023,0.13536,0.0992317,0.006874348,0.227717352,64498713.11,12326184.53
BEVSPICES,Other spices,Coriander + Turmeric + Ginger,2024,0.194436,0.139226779,0.005497649,0.32816512999999997,96495858.46,9829246.32
BEVSPICES,Other spices,Coriander + Turmeric + Ginger,2025,,0.146176165,0.004414869,,100512878.66,7206061.43
FISH,Fish,Fish (Inland + Marine),2000,0.6147999999999999,8.7273e-05,0.066052383,0.5488348899999999,139817.99,111779332.05
FISH,Fish,Fish (Inland + Marine),2001,0.6296,0.000114783,0.064181915,0.565532868,278781.08,102395283.24
FISH,Fish,Fish (Inland + Marine),2002,0.6377999999999999,0.0002454,0.069488926,0.5685564739999999,586152.01,99280137.77
FISH,Fish,Fish (Inland + Marine),2003,0.5662,0.000975128,0.105982864,0.461192264,647291.0,137451479.0
FISH,Fish,Fish (Inland + Marine),2004,0.5735,0.000998164,0.104303635,0.47019452899999997,694897.0,137031266.0
FISH,Fish,Fish (Inland + Marine),2005,0.5806,0.00183232,0.110221699,0.472210621,1600345.0,146260151.0
FISH,Fish,Fish (Inland + Marine),2006,0.6049,0.001895035,0.118789301,0.48800573399999997,1585003.0,167286788.0
FISH,Fish,Fish (Inland + Marine),2007,0.64,0.00180339,0.116005383,0.525798007,1591737.0,160696226.0
FISH,Fish,Fish (Inland + Marine),2008,0.685,0.001279152,0.136358086,0.549921066,1227982.0,217282521.0
FISH,Fish,Fish (Inland + Marine),2009,0.6945,0.000573063,0.108269764,0.5868032990000001,833633.0,192448368.0
FISH,Fish,Fish (Inland + Marine),2010,0.7042,0.001205486,0.112041332,0.5933641540000001,2393291.0,229832798.0
FISH,Fish,Fish (Inland + Marine),2011,0.7123999999999999,0.001568242,0.115681788,0.598286454,3732392.0,258948359.0
FISH,Fish,Fish (Inland + Marine),2012,0.729,0.001516779,0.118418024,0.612098755,4218372.0,246059722.0
FISH,Fish,Fish (Inland + Marine),2013,0.735,0.004071475,0.137350236,0.6017212390000001,11330786.0,330182587.0
FISH,Fish,Fish (Inland + Marine),2014,0.747,0.004107575,0.146956668,0.604150907,14156811.0,351703193.0
FISH,Fish,Fish (Inland + Marine),2015,0.788,0.008470682,0.131063805,0.665406877,16072745.0,325117930.0
FISH,Fish,Fish (Inland + Marine),2016,0.797,0.008213799,0.132747944,0.672465855,16566883.0,334040414.0
FISH,Fish,Fish (Inland + Marine),2017,0.807,0.008621953,0.17700135,0.6386206030000001,21982143.08,405670577.41
FISH,Fish,Fish (Inland + Marine),2018,0.799,0.005331872,0.197294258,0.607037614,10222945.03,428610370.49
FISH,Fish,Fish (Inland + Marine),2019,0.8036,0.005435627,0.207669431,0.601366196,9515063.61,473249972.0
FISH,Fish,Fish (Inland + Marine),2020,0.81,0.004319753,0.172602722,0.641717031,6596143.55,367987971.63
FISH,Fish,Fish (Inland + Marine),2021,0.817,0.005417279,0.162538816,0.659878463,8807301.26,391480517.24
FISH,Fish,Fish (Inland + Marine),2022,0.831,0.004838709,0.175191648,0.660647061,7607362.59,433922994.73
FISH,Fish,Fish (Inland + Marine),2023,0.831,0.002607106,0.214803454,0.618803652,4926666.66,457647752.51
FISH,Fish,Fish (Inland + Marine),2024,,0.002594957,0.196939729,,5140693.91,401469579.28
FISH,Fish,Fish (Inland + Marine),2025,,0.004498539,0.211311584,,8769227.07,467749671.96
ANIMFAT,Butter / Ghee,Ghee + Butter,2000,,0.000149262,8.94e-07,,263845.0,2130.0
ANIMFAT,Butter / Ghee,Ghee + Butter,2001,,8.9446e-05,3.4486e-05,,210133.0,44740.0
ANIMFAT,Butter / Ghee,Ghee + Butter,2002,,0.000128902,3.2184e-05,,289498.0,30025.0
ANIMFAT,Butter / Ghee,Ghee + Butter,2003,,0.000138213,2.2015e-05,,262554.0,68254.0
ANIMFAT,Butter / Ghee,Ghee + Butter,2004,,0.000104585,2.0126e-05,,207938.0,51553.0
ANIMFAT,Butter / Ghee,Ghee + Butter,2005,,0.000137447,6.311e-06,,287194.0,10978.0
ANIMFAT,Butter / Ghee,Ghee + Butter,2006,,0.000115381,3.816e-05,,242952.0,32979.0
ANIMFAT,Butter / Ghee,Ghee + Butter,2007,,0.0002082,9.2724e-05,,404422.0,302178.0
ANIMFAT,Butter / Ghee,Ghee + Butter,2008,,6.6788e-05,0.000202748,,124125.0,782337.0
ANIMFAT,Butter / Ghee,Ghee + Butter,2009,,0.000167773,0.000130098,,452459.0,428136.0
ANIMFAT,Butter / Ghee,Ghee + Butter,2010,,0.00010084,0.000488157,,355264.0,1881864.0
ANIMFAT,Butter / Ghee,Ghee + Butter,2011,,8.9044e-05,0.000584696,,249064.0,2348693.0
ANIMFAT,Butter / Ghee,Ghee + Butter,2012,,0.000335954,0.000201566,,765158.0,796008.0
ANIMFAT,Butter / Ghee,Ghee + Butter,2013,,0.00067348,0.000146419,,1721328.0,516564.0
ANIMFAT,Butter / Ghee,Ghee + Butter,2014,,0.000164727,0.000284504,,410390.0,1356341.0
ANIMFAT,Butter / Ghee,Ghee + Butter,2015,,0.000223461,0.000162182,,695103.0,944581.0
ANIMFAT,Butter / Ghee,Ghee + Butter,2016,,0.001804546,7.1491e-05,,6478262.0,310572.0
ANIMFAT,Butter / Ghee,Ghee + Butter,2017,,0.001004407,4.1417e-05,,3237078.76,246871.77
ANIMFAT,Butter / Ghee,Ghee + Butter,2018,,0.00072549,6.4193e-05,,1978831.87,397485.02
ANIMFAT,Butter / Ghee,Ghee + Butter,2019,,0.000352609,8.008e-05,,1022813.34,394257.85
ANIMFAT,Butter / Ghee,Ghee + Butter,2020,,0.000260557,9.6106e-05,,977854.22,627207.89
ANIMFAT,Butter / Ghee,Ghee + Butter,2021,,0.000406597,0.000118673,,1072071.57,919559.0
ANIMFAT,Butter / Ghee,Ghee + Butter,2022,,0.00060843,0.000424258,,793456.48,1635950.63
ANIMFAT,Butter / Ghee,Ghee + Butter,2023,,0.004845455,0.000627961,,1002235.18,2873256.6
ANIMFAT,Butter / Ghee,Ghee + Butter,2024,,0.001965976,0.000585302,,616151.99,2744086.14
ANIMFAT,Butter / Ghee,Ghee + Butter,2025,,0.000633282,0.000538024,,617895.62,2805155.94
ANIMFAT,Cream,No local production data,2000,,,,,,
ANIMFAT,Cream,No local production data,2001,,,,,,
ANIMFAT,Cream,No local production data,2002,,,,,,
ANIMFAT,Cream,No local production data,2003,,0.0,0.0,,0.0,0.0
ANIMFAT,Cream,No local production data,2004,,0.0,0.0,,0.0,0.0
ANIMFAT,Cream,No local production data,2005,,0.0,0.0,,0.0,0.0
ANIMFAT,Cream,No local production data,2006,,0.0,0.0,,0.0,0.0
ANIMFAT,Cream,No local production data,2007,,0.0,0.0,,0.0,0.0
ANIMFAT,Cream,No local production data,2008,,0.0,0.0,,0.0,0.0
ANIMFAT,Cream,No local production data,2009,,0.0,0.0,,0.0,0.0
ANIMFAT,Cream,No local production data,2010,,0.0,0.0,,0.0,0.0
ANIMFAT,Cream,No local production data,2011,,0.0,0.0,,0.0,0.0
ANIMFAT,Cream,No local production data,2012,,3.098e-06,5e-07,,8432.0,5033.0
ANIMFAT,Cream,No local production data,2013,,2.88e-07,0.000118356,,1155.0,119321.0
ANIMFAT,Cream,No local production data,2014,,1.166e-06,1.821e-06,,2973.0,3855.0
ANIMFAT,Cream,No local production data,2015,,2.59e-07,0.0,,984.0,0.0
ANIMFAT,Cream,No local production data,2016,,7.2e-08,6.4626e-05,,487.0,127379.0
ANIMFAT,Cream,No local production data,2017,,0.0,0.00073475,,0.0,236928.18
ANIMFAT,Cream,No local production data,2018,,0.0,0.00014923,,0.0,121211.78
ANIMFAT,Cream,No local production data,2019,,0.0,6.1237e-05,,0.0,37408.55
ANIMFAT,Cream,No local production data,2020,,0.0,0.005246673,,0.0,1949920.72
ANIMFAT,Cream,No local production data,2021,,0.0,0.00222918,,0.0,787019.44
ANIMFAT,Cream,No local production data,2022,,0.0,4.09e-06,,0.0,1597.26
ANIMFAT,Cream,No local production data,2023,,0.0,0.0,,0.0,0.0
ANIMFAT,Cream,No local production data,2024,,0.0,0.0,,0.0,0.0
ANIMFAT,Cream,No local production data,2025,,2.2e-08,7e-09,,219.76,0.54
ANIMFAT,Raw animal fat,Raw animal fat,2000,,0.108535593,,,28146903.0,
ANIMFAT,Raw animal fat,Raw animal fat,2001,,0.075298806,3.254e-06,,17316270.0,2253.0
ANIMFAT,Raw animal fat,Raw animal fat,2002,,0.088481364,,,27107541.0,
ANIMFAT,Raw animal fat,Raw animal fat,2003,0.13290000000000002,0.116409679,0.0,0.249309679,48632591.0,0.0
ANIMFAT,Raw animal fat,Raw animal fat,2004,0.1363,0.138533827,0.0,0.27483382700000003,61779442.0,0.0
ANIMFAT,Raw animal fat,Raw animal fat,2005,0.2033,0.101360833,0.0,0.304660833,43308166.0,0.0
ANIMFAT,Raw animal fat,Raw animal fat,2006,0.2092,0.094070163,0.0,0.303270163,39537378.0,0.0
ANIMFAT,Raw animal fat,Raw animal fat,2007,0.21530000000000002,0.077702076,7e-06,0.292995076,42153989.0,29722.0
ANIMFAT,Raw animal fat,Raw animal fat,2008,0.2216,0.07466668,0.0,0.29626668,68679045.0,0.0
ANIMFAT,Raw animal fat,Raw animal fat,2009,0.2281,0.042835408,0.0,0.270935408,33442932.0,0.0
ANIMFAT,Raw animal fat,Raw animal fat,2010,0.2348,0.061632039,3.15e-05,0.296400539,46665005.0,63542.0
ANIMFAT,Raw animal fat,Raw animal fat,2011,,0.047322872,0.0,,43207268.0,0.0
ANIMFAT,Raw animal fat,Raw animal fat,2012,,0.03314903,0.0,,33650737.0,0.0
ANIMFAT,Raw animal fat,Raw animal fat,2013,,0.022637872,2.3566e-05,,18787942.0,46387.0
ANIMFAT,Raw animal fat,Raw animal fat,2014,,0.028423867,1.102e-06,,22114746.0,2613.0
ANIMFAT,Raw animal fat,Raw animal fat,2015,,0.027817709,3.1e-05,,18116072.0,11567.0
ANIMFAT,Raw animal fat,Raw animal fat,2016,,0.027494458,1.75e-06,,15574941.0,1709.0
ANIMFAT,Raw animal fat,Raw animal fat,2017,,0.032703917,0.000105322,,20931011.22,159477.23
ANIMFAT,Raw animal fat,Raw animal fat,2018,0.2958,0.027963145,2.7448e-05,0.32373569700000004,16676941.68,31266.86
ANIMFAT,Raw animal fat,Raw animal fat,2019,0.3045,0.011878183,9.699e-06,0.316368484,6869864.05,13593.77
ANIMFAT,Raw animal fat,Raw animal fat,2020,0.31360000000000005,0.002587335,0.0,0.31618733500000007,1744062.64,0.0
ANIMFAT,Raw animal fat,Raw animal fat,2021,0.32289999999999996,0.003250144,0.0,0.326150144,2490749.01,0.0
ANIMFAT,Raw animal fat,Raw animal fat,2022,0.3325,0.003792652,4.992e-06,0.33628766000000004,3582029.52,4495.19
ANIMFAT,Raw animal fat,Raw animal fat,2023,0.3358,0.002271498,1.813e-05,0.33805336799999997,1978687.91,19500.86
ANIMFAT,Raw animal fat,Raw animal fat,2024,,0.002802897,0.0,,2336591.57,0.0
ANIMFAT,Raw animal fat,Raw animal fat,2025,,0.00164164,2.451e-05,,1399338.89,73419.62
EGGS,Eggs,Eggs (Farming + Desi),2000,,4.3977e-05,0.000780283,,368610.0,475821.0
EGGS,Eggs,Eggs (Farming + Desi),2001,,3.7419e-05,0.000298676,,299764.0,372291.0
EGGS,Eggs,Eggs (Farming + Desi),2002,,1.8018e-05,0.000157559,,80847.0,316104.0
EGGS,Eggs,Eggs (Farming + Desi),2003,,8.7029e-05,0.001483393,,497632.0,1255352.0
EGGS,Eggs,Eggs (Farming + Desi),2004,0.400863,3.1735e-05,0.002191617,0.398703118,205267.0,1767603.0
EGGS,Eggs,Eggs (Farming + Desi),2005,0.456464,0.000731855,0.00143019,0.455765665,579162.0,1048200.0
EGGS,Eggs,Eggs (Farming + Desi),2006,0.479259,0.000180909,0.000546286,0.478893623,399286.0,376527.0
EGGS,Eggs,Eggs (Farming + Desi),2007,0.503417,0.00037164,0.0002898,0.50349884,1321866.0,203361.0
EGGS,Eggs,Eggs (Farming + Desi),2008,0.529126,0.000132392,5.4754e-05,0.529203638,540903.0,126661.0
EGGS,Eggs,Eggs (Farming + Desi),2009,0.556433,0.000951305,8.0282e-05,0.5573040229999999,3455811.0,227525.0
EGGS,Eggs,Eggs (Farming + Desi),2010,0.604279,0.000879808,0.001081144,0.604077664,3030059.0,2447115.0
EGGS,Eggs,Eggs (Farming + Desi),2011,,0.000667866,0.004234634,,2447566.0,5934934.0
EGGS,Eggs,Eggs (Farming + Desi),2012,,0.000313944,8.421e-06,,2023430.0,9600.0
EGGS,Eggs,Eggs (Farming + Desi),2013,,0.000356249,0.000912159,,913972.0,705205.0
EGGS,Eggs,Eggs (Farming + Desi),2014,,3.833e-06,0.003385787,,13869.0,2584691.0
EGGS,Eggs,Eggs (Farming + Desi),2015,,2.5835e-05,0.006382608,,95679.0,7450320.0
EGGS,Eggs,Eggs (Farming + Desi),2016,,4.2452e-05,0.005923505,,191218.0,5600606.0
EGGS,Eggs,Eggs (Farming + Desi),2017,,0.000128046,0.003507183,,289690.09,4433584.07
EGGS,Eggs,Eggs (Farming + Desi),2018,0.8954439999999999,0.000408291,0.005111981,0.8907403099999999,1565415.46,9135157.69
EGGS,Eggs,Eggs (Farming + Desi),2019,0.946251,0.00040971,0.007217186,0.939443524,1474342.34,14781213.77
EGGS,Eggs,Eggs (Farming + Desi),2020,0.946251,0.000603641,0.013877679,0.9329769619999999,1677521.91,10171305.29
EGGS,Eggs,Eggs (Farming + Desi),2021,1.000395,0.000184939,0.01054991,0.9900300289999998,1878064.43,13320771.12
EGGS,Eggs,Eggs (Farming + Desi),2022,1.1194929999999998,3.3246e-05,0.002558236,1.11696801,2163325.67,9959811.18
EGGS,Eggs,Eggs (Farming + Desi),2023,1.1849452,3.7407e-05,0.004469529,1.180513078,1226058.2,16350415.37
EGGS,Eggs,Eggs (Farming + Desi),2024,,0.000103161,0.004997735,,4239671.99,19960918.72
EGGS,Eggs,Eggs (Farming + Desi),2025,,0.000153726,0.006744905,,4773179.33,29999838.38
MILK,Milk,Milk (Cattle + Buffalo),2000,,0.052937574,4.812e-06,,7658424.44,3014.0
MILK,Milk,Milk (Cattle + Buffalo),2001,,0.013005426,0.000410415,,3015945.14,111119.0
MILK,Milk,Milk (Cattle + Buffalo),2002,,0.049755648,0.001136656,,9453291.04,298040.0
MILK,Milk,Milk (Cattle + Buffalo),2003,,0.056404509,0.011077328,,7334612.0,4000109.0
MILK,Milk,Milk (Cattle + Buffalo),2004,,0.033652843,0.01185211,,5634455.0,6163856.0
MILK,Milk,Milk (Cattle + Buffalo),2005,39.597,0.080089129,0.038564746,39.638524383000004,16108440.0,16468919.0
MILK,Milk,Milk (Cattle + Buffalo),2006,40.86,0.10494232,0.038441101,40.926501219,22142948.0,22969937.0
MILK,Milk,Milk (Cattle + Buffalo),2007,42.171,0.140282795,0.040896056,42.270386738999996,42015376.0,27337481.0
MILK,Milk,Milk (Cattle + Buffalo),2008,43.563,0.074378169,0.041638396,43.595739773,26039534.0,23151620.0
MILK,Milk,Milk (Cattle + Buffalo),2009,44.977,0.136096924,0.055479019,45.057617904999994,41866931.0,31237891.0
MILK,Milk,Milk (Cattle + Buffalo),2010,45.622,0.20860673,0.042395528,45.788211202,64404224.0,30663622.0
MILK,Milk,Milk (Cattle + Buffalo),2011,,0.294334385,0.072714934,,96163550.0,51633694.0
MILK,Milk,Milk (Cattle + Buffalo),2012,,0.333360392,0.078064808,,100297097.0,60838297.0
MILK,Milk,Milk (Cattle + Buffalo),2013,50.99,0.203153653,0.092135456,51.101018197,68366961.0,73298526.0
MILK,Milk,Milk (Cattle + Buffalo),2014,52.631,0.320557304,0.069557106,52.882000198,114787417.0,54781284.0
MILK,Milk,Milk (Cattle + Buffalo),2015,54.328,0.457032389,0.041650416,54.743381973,174953127.0,44017521.0
MILK,Milk,Milk (Cattle + Buffalo),2016,56.08,0.44353579,0.037019608,56.486516181999995,153038153.0,39604349.0
MILK,Milk,Milk (Cattle + Buffalo),2017,57.89,0.470051119,0.030160082,58.329891036999996,132871058.37,34014934.76
MILK,Milk,Milk (Cattle + Buffalo),2018,59.759,0.398157917,0.031349503,60.125808414,111460111.18,24737762.2
MILK,Milk,Milk (Cattle + Buffalo),2019,61.69,0.417645846,0.02013073,62.087515116,86935783.96,13524923.57
MILK,Milk,Milk (Cattle + Buffalo),2020,63.684,0.207834524,0.014649507,63.877185016999995,54302631.69,8707068.43
MILK,Milk,Milk (Cattle + Buffalo),2021,65.745,0.195541064,0.007945648,65.932595416,52866535.87,4975617.47
MILK,Milk,Milk (Cattle + Buffalo),2022,67.873,0.193123907,0.007881864,68.058242043,48457272.56,3862932.57
MILK,Milk,Milk (Cattle + Buffalo),2023,70.0714,0.109584047,0.017732922,70.163251125,34328073.22,10872392.77
MILK,Milk,Milk (Cattle + Buffalo),2024,,0.118439615,0.025530621,,34088783.36,17004622.32
MILK,Milk,Milk (Cattle + Buffalo),2025,,0.12220157,0.016092812,,35810282.35,10164336.49
POULTRY,Poultry meat,Poultry Meat,2000,,0.000544413,6.25e-07,,483360.0,897.0
POULTRY,Poultry meat,Poultry Meat,2001,,0.000125676,3.2693e-05,,106684.0,35336.0
POULTRY,Poultry meat,Poultry Meat,2002,,1.863e-05,,,14862.0,
POULTRY,Poultry meat,Poultry Meat,2003,,0.0,0.0,,0.0,0.0
POULTRY,Poultry meat,Poultry Meat,2004,0.384,1.045e-05,0.0,0.38401045,12384.0,0.0
POULTRY,Poultry meat,Poultry Meat,2005,0.512,0.0,0.0,0.512,0.0,0.0
POULTRY,Poultry meat,Poultry Meat,2006,0.554,0.0,0.0,0.554,0.0,0.0
POULTRY,Poultry meat,Poultry Meat,2007,0.601,1.85e-05,3.6e-07,0.60101814,39151.0,1328.0
POULTRY,Poultry meat,Poultry Meat,2008,0.651,0.0,5.04e-07,0.6509994960000001,0.0,1410.0
POULTRY,Poultry meat,Poultry Meat,2009,0.707,0.0,1e-07,0.7069999,0.0,392.0
POULTRY,Poultry meat,Poultry Meat,2010,0.767,2.5751e-05,0.001037294,0.7659884570000001,61782.0,1138737.0
POULTRY,Poultry meat,Poultry Meat,2011,,5.924e-06,0.001718,,14762.0,3084599.0
POULTRY,Poultry meat,Poultry Meat,2012,,8.9976e-05,0.001456233,,114423.0,2275211.0
POULTRY,Poultry meat,Poultry Meat,2013,,2.5509e-05,0.001973515,,65032.0,4535200.0
POULTRY,Poultry meat,Poultry Meat,2014,,2.0532e-05,0.003325014,,76131.0,3979873.0
POULTRY,Poultry meat,Poultry Meat,2015,,4.4101e-05,0.001732143,,124617.0,1644838.0
POULTRY,Poultry meat,Poultry Meat,2016,,2.3728e-05,0.001732241,,65966.0,1827539.0
POULTRY,Poultry meat,Poultry Meat,2017,,6.4481e-05,0.00338358,,122616.92,3733516.33
POULTRY,Poultry meat,Poultry Meat,2018,1.518,0.000318518,0.004500431,1.513818087,797410.67,4843004.41
POULTRY,Poultry meat,Poultry Meat,2019,1.657,4.2453e-05,0.003940116,1.653102337,90492.46,3327240.4
POULTRY,Poultry meat,Poultry Meat,2020,1.657,0.000107806,0.006145825,1.650961981,76788.36,2619477.77
POULTRY,Poultry meat,Poultry Meat,2021,1.809,0.000156705,0.005851986,1.803304719,100018.26,2056262.16
POULTRY,Poultry meat,Poultry Meat,2022,2.16,0.000213959,0.000588093,2.159625866,161720.23,275124.64
POULTRY,Poultry meat,Poultry Meat,2023,2.362,6.1618e-05,0.005358073,2.3567035450000002,41848.75,1795980.66
POULTRY,Poultry meat,Poultry Meat,2024,,0.000431802,0.005495739,,147791.45,1736820.22
POULTRY,Poultry meat,Poultry Meat,2025,,0.000388617,0.005238235,,151565.69,1594139.49
REDMEAT,Beef,Beef: Cattle + Buffalo,2000,,2.7349e-05,0.000344628,,96268.0,927313.0
REDMEAT,Beef,Beef: Cattle + Buffalo,2001,,6.11e-07,0.000495737,,1969.0,1009138.0
REDMEAT,Beef,Beef: Cattle + Buffalo,2002,,7.048e-06,0.000992694,,30273.0,1904232.0
REDMEAT,Beef,Beef: Cattle + Buffalo,2003,,1.8709e-05,0.007718808,,42886.0,10187657.0
REDMEAT,Beef,Beef: Cattle + Buffalo,2004,1.115,3.1485e-05,0.002515085,1.1125164,62150.0,4285980.0
REDMEAT,Beef,Beef: Cattle + Buffalo,2005,1.449,0.00174002,0.001420604,1.449319416,2140130.0,2333927.0
REDMEAT,Beef,Beef: Cattle + Buffalo,2006,1.498,0.007194924,0.003257167,1.501937757,9335631.0,6597184.0
REDMEAT,Beef,Beef: Cattle + Buffalo,2007,1.548,0.006361734,0.007787794,1.54657394,9130818.0,18513192.0
REDMEAT,Beef,Beef: Cattle + Buffalo,2008,1.601,0.002581323,0.010143517,1.593437806,4468291.0,23800861.0
REDMEAT,Beef,Beef: Cattle + Buffalo,2009,1.655,0.001745812,0.020205928,1.636539884,2989427.0,45406425.0
REDMEAT,Beef,Beef: Cattle + Buffalo,2010,1.711,0.001678207,0.030053795,1.6826244120000002,4378230.0,70189479.0
REDMEAT,Beef,Beef: Cattle + Buffalo,2011,,0.002255931,0.03086273,,7611923.0,82245372.0
REDMEAT,Beef,Beef: Cattle + Buffalo,2012,,0.000996401,0.037560119,,4605355.0,101718559.0
REDMEAT,Beef,Beef: Cattle + Buffalo,2013,,0.001205305,0.034910644,,7503929.0,99035621.0
REDMEAT,Beef,Beef: Cattle + Buffalo,2014,,0.000541813,0.034553958,,2286348.0,104754093.0
REDMEAT,Beef,Beef: Cattle + Buffalo,2015,,0.000231406,0.049480142,,1393285.0,170666693.0
REDMEAT,Beef,Beef: Cattle + Buffalo,2016,,0.000689682,0.0443936,,2777875.0,157146608.0
REDMEAT,Beef,Beef: Cattle + Buffalo,2017,,0.000527022,0.04048091,,2609692.25,158197559.2
REDMEAT,Beef,Beef: Cattle + Buffalo,2018,2.2271,0.000684198,0.043948954,2.183835244,3536395.56,173289236.25
REDMEAT,Beef,Beef: Cattle + Buffalo,2019,2.3032,0.000536939,0.054040882,2.249696057,1946660.15,206484610.58
REDMEAT,Beef,Beef: Cattle + Buffalo,2020,2.38023,0.000248049,0.058687486,2.321790563,1174003.55,207056952.58
REDMEAT,Beef,Beef: Cattle + Buffalo,2021,2.4603099999999998,0.000432076,0.056708451,2.404033625,2076297.95,237616024.91
REDMEAT,Beef,Beef: Cattle + Buffalo,2022,2.54339,0.000568858,0.069394707,2.474564151,2045538.23,312369337.88
REDMEAT,Beef,Beef: Cattle + Buffalo,2023,2.5481,0.000177818,0.092542273,2.455735545,988199.92,368072794.85
REDMEAT,Beef,Beef: Cattle + Buffalo,2024,,0.000274357,0.095357277,,1158693.29,396389297.18
REDMEAT,Beef,Beef: Cattle + Buffalo,2025,,0.000556237,0.088132731,,2171972.0,385350611.72
REDMEAT,Goat & Lamb,Mutton: Sheep + Goats,2000,,2.68e-07,0.002114903,,1027.0,5191235.0
REDMEAT,Goat & Lamb,Mutton: Sheep + Goats,2001,,,0.001496972,,,3533195.0
REDMEAT,Goat & Lamb,Mutton: Sheep + Goats,2002,,4.4e-07,0.001726418,,1361.0,3715637.02
REDMEAT,Goat & Lamb,Mutton: Sheep + Goats,2003,,5.928e-06,0.004765293,,7994.0,10722922.0
REDMEAT,Goat & Lamb,Mutton: Sheep + Goats,2004,0.739,9.3618e-05,0.004794349,0.734299269,93324.0,11891427.0
REDMEAT,Goat & Lamb,Mutton: Sheep + Goats,2005,0.554,0.000121481,0.005402921,0.5487185600000001,199091.0,14467506.0
REDMEAT,Goat & Lamb,Mutton: Sheep + Goats,2006,0.566,0.000172956,0.006299821,0.5598731349999999,333702.0,19225206.0
REDMEAT,Goat & Lamb,Mutton: Sheep + Goats,2007,0.578,0.000429387,0.006620026,0.5718093609999999,796858.0,22985304.0
REDMEAT,Goat & Lamb,Mutton: Sheep + Goats,2008,0.591,6.8567e-05,0.00673986,0.584328707,132912.0,25705680.0
REDMEAT,Goat & Lamb,Mutton: Sheep + Goats,2009,0.603,1.8006e-05,0.011360327,0.591657679,29560.0,39399014.0
REDMEAT,Goat & Lamb,Mutton: Sheep + Goats,2010,0.616,2.208e-06,0.013602218,0.6023999899999999,4271.0,52183205.0
REDMEAT,Goat & Lamb,Mutton: Sheep + Goats,2011,,0.000228953,0.016168166,,813940.0,70785703.0
REDMEAT,Goat & Lamb,Mutton: Sheep + Goats,2012,,1.026e-06,0.017502486,,5849.0,88306629.0
REDMEAT,Goat & Lamb,Mutton: Sheep + Goats,2013,,1.8143e-05,0.010764091,,94018.0,58122218.0
REDMEAT,Goat & Lamb,Mutton: Sheep + Goats,2014,,1.364e-05,0.011817751,,50506.0,59538461.0
REDMEAT,Goat & Lamb,Mutton: Sheep + Goats,2015,,3.5425e-05,0.01024054,,166011.0,58293106.0
REDMEAT,Goat & Lamb,Mutton: Sheep + Goats,2016,,1.6533e-05,0.007413448,,84306.0,44726034.0
REDMEAT,Goat & Lamb,Mutton: Sheep + Goats,2017,,0.000968558,0.002885285,,5483857.91,18145583.44
REDMEAT,Goat & Lamb,Mutton: Sheep + Goats,2018,0.732,0.001376634,0.003341738,0.7300348959999999,2578123.48,21139430.49
REDMEAT,Goat & Lamb,Mutton: Sheep + Goats,2019,0.748,4.3318e-05,0.005734633,0.742308685,72498.84,38304813.0
REDMEAT,Goat & Lamb,Mutton: Sheep + Goats,2020,0.765,1.6306e-05,0.006823465,0.7581928410000001,19901.77,44993753.36
REDMEAT,Goat & Lamb,Mutton: Sheep + Goats,2021,0.782,5.89e-07,0.004237901,0.777762688,1084.35,31470269.8
REDMEAT,Goat & Lamb,Mutton: Sheep + Goats,2022,0.799,0.0,0.003673678,0.7953263220000001,0.0,30353943.76
REDMEAT,Goat & Lamb,Mutton: Sheep + Goats,2023,0.8171,4.9404e-05,0.009463081,0.807686323,158596.89,75026788.59
REDMEAT,Goat & Lamb,Mutton: Sheep + Goats,2024,,0.0,0.010534212,,0.0,87056276.82
REDMEAT,Goat & Lamb,Mutton: Sheep + Goats,2025,,0.0001395,0.009357914,,2942495.77,79304349.18
PORK,Pork,Not applicable — prohibited,2000,,,,,,
PORK,Pork,Not applicable — prohibited,2001,,,,,,
PORK,Pork,Not applicable — prohibited,2002,,,,,,
PORK,Pork,Not applicable — prohibited,2003,,,,,,
PORK,Pork,Not applicable — prohibited,2004,,,,,,
PORK,Pork,Not applicable — prohibited,2005,,,,,,
PORK,Pork,Not applicable — prohibited,2006,,,,,,
PORK,Pork,Not applicable — prohibited,2007,,,,,,
PORK,Pork,Not applicable — prohibited,2008,,,,,,
PORK,Pork,Not applicable — prohibited,2009,,,,,,
PORK,Pork,Not applicable — prohibited,2010,,,,,,
PORK,Pork,Not applicable — prohibited,2011,,,,,,
PORK,Pork,Not applicable — prohibited,2012,,,,,,
PORK,Pork,Not applicable — prohibited,2013,,,,,,
PORK,Pork,Not applicable — prohibited,2014,,,,,,
PORK,Pork,Not applicable — prohibited,2015,,,,,,
PORK,Pork,Not applicable — prohibited,2016,,,,,,
PORK,Pork,Not applicable — prohibited,2017,,,,,,
PORK,Pork,Not applicable — prohibited,2018,,,,,,
PORK,Pork,Not applicable — prohibited,2019,,,,,,
PORK,Pork,Not applicable — prohibited,2020,,,,,,
PORK,Pork,Not applicable — prohibited,2021,,,,,,
PORK,Pork,Not applicable — prohibited,2022,,,,,,
PORK,Pork,Not applicable — prohibited,2023,,,,,,
PORK,Pork,Not applicable — prohibited,2024,,,,,,
PORK,Pork,Not applicable — prohibited,2025,,,,,,
OTHER,Offal,Not tracked in ASP or FVC,2000,,1.2e-05,0.000324624,,10409.0,185750.0
OTHER,Offal,Not tracked in ASP or FVC,2001,,1.62e-05,0.0010084,,13516.0,1118598.0
OTHER,Offal,Not tracked in ASP or FVC,2002,,8.64e-05,0.0006135,,71497.0,807933.0
OTHER,Offal,Not tracked in ASP or FVC,2003,,7.518e-06,0.000601239,,14128.0,292308.0
OTHER,Offal,Not tracked in ASP or FVC,2004,,2.3529e-05,0.000941789,,18709.0,387991.0
OTHER,Offal,Not tracked in ASP or FVC,2005,,0.0,0.000844398,,0.0,470596.0
OTHER,Offal,Not tracked in ASP or FVC,2006,,9.754e-06,0.000646566,,23692.0,348134.0
OTHER,Offal,Not tracked in ASP or FVC,2007,,2.6e-06,0.00037055,,8521.0,349633.0
OTHER,Offal,Not tracked in ASP or FVC,2008,,0.0,1.0625e-05,,0.0,41874.0
OTHER,Offal,Not tracked in ASP or FVC,2009,,0.0,7.1e-06,,0.0,15219.0
OTHER,Offal,Not tracked in ASP or FVC,2010,,3.827e-06,0.003983521,,8986.0,7208422.0
OTHER,Offal,Not tracked in ASP or FVC,2011,,0.0,0.010912913,,0.0,19755363.0
OTHER,Offal,Not tracked in ASP or FVC,2012,,0.000395358,0.00914915,,536082.0,17738347.0
OTHER,Offal,Not tracked in ASP or FVC,2013,,0.000735962,0.016132185,,1100425.0,29727842.0
OTHER,Offal,Not tracked in ASP or FVC,2014,,0.002616855,0.009666446,,2824335.0,21326117.0
OTHER,Offal,Not tracked in ASP or FVC,2015,,0.001939254,0.012516469,,2758829.0,22196551.0
OTHER,Offal,Not tracked in ASP or FVC,2016,,0.000676546,0.011581808,,1813941.0,23843711.0
OTHER,Offal,Not tracked in ASP or FVC,2017,,0.001174122,0.009595441,,3219775.05,23760149.41
OTHER,Offal,Not tracked in ASP or FVC,2018,,0.002879159,0.00680107,,6066357.56,15767197.41
OTHER,Offal,Not tracked in ASP or FVC,2019,,0.001176197,0.006503638,,2869414.87,16205560.54
OTHER,Offal,Not tracked in ASP or FVC,2020,,0.000166821,0.007958465,,123061.16,11638423.53
OTHER,Offal,Not tracked in ASP or FVC,2021,,0.001485331,0.007683327,,591558.05,15966176.03
OTHER,Offal,Not tracked in ASP or FVC,2022,,0.000574199,0.002119445,,232105.52,4037334.14
OTHER,Offal,Not tracked in ASP or FVC,2023,,0.000293988,0.006239722,,72205.98,14340066.18
OTHER,Offal,Not tracked in ASP or FVC,2024,,0.000223662,0.005020514,,30269.79,12762413.34
OTHER,Offal,Not tracked in ASP or FVC,2025,,0.000374344,0.004173529,,57550.11,9666681.95
ALCOHOL,Beer,Not applicable — prohibited,2000,,,,,,
ALCOHOL,Beer,Not applicable — prohibited,2001,,,,,,
ALCOHOL,Beer,Not applicable — prohibited,2002,,,,,,
ALCOHOL,Beer,Not applicable — prohibited,2003,,,,,,
ALCOHOL,Beer,Not applicable — prohibited,2004,,,,,,
ALCOHOL,Beer,Not applicable — prohibited,2005,,,,,,
ALCOHOL,Beer,Not applicable — prohibited,2006,,,,,,
ALCOHOL,Beer,Not applicable — prohibited,2007,,,,,,
ALCOHOL,Beer,Not applicable — prohibited,2008,,,,,,
ALCOHOL,Beer,Not applicable — prohibited,2009,,,,,,
ALCOHOL,Beer,Not applicable — prohibited,2010,,,,,,
ALCOHOL,Beer,Not applicable — prohibited,2011,,,,,,
ALCOHOL,Beer,Not applicable — prohibited,2012,,,,,,
ALCOHOL,Beer,Not applicable — prohibited,2013,,,,,,
ALCOHOL,Beer,Not applicable — prohibited,2014,,,,,,
ALCOHOL,Beer,Not applicable — prohibited,2015,,,,,,
ALCOHOL,Beer,Not applicable — prohibited,2016,,,,,,
ALCOHOL,Beer,Not applicable — prohibited,2017,,,,,,
ALCOHOL,Beer,Not applicable — prohibited,2018,,,,,,
ALCOHOL,Beer,Not applicable — prohibited,2019,,,,,,
ALCOHOL,Beer,Not applicable — prohibited,2020,,,,,,
ALCOHOL,Beer,Not applicable — prohibited,2021,,,,,,
ALCOHOL,Beer,Not applicable — prohibited,2022,,,,,,
ALCOHOL,Beer,Not applicable — prohibited,2023,,,,,,
ALCOHOL,Beer,Not applicable — prohibited,2024,,,,,,
ALCOHOL,Beer,Not applicable — prohibited,2025,,,,,,
ALCOHOL,Wine,Not applicable — prohibited,2000,,,,,,
ALCOHOL,Wine,Not applicable — prohibited,2001,,,,,,
ALCOHOL,Wine,Not applicable — prohibited,2002,,,,,,
ALCOHOL,Wine,Not applicable — prohibited,2003,,,,,,
ALCOHOL,Wine,Not applicable — prohibited,2004,,,,,,
ALCOHOL,Wine,Not applicable — prohibited,2005,,,,,,
ALCOHOL,Wine,Not applicable — prohibited,2006,,,,,,
ALCOHOL,Wine,Not applicable — prohibited,2007,,,,,,
ALCOHOL,Wine,Not applicable — prohibited,2008,,,,,,
ALCOHOL,Wine,Not applicable — prohibited,2009,,,,,,
ALCOHOL,Wine,Not applicable — prohibited,2010,,,,,,
ALCOHOL,Wine,Not applicable — prohibited,2011,,,,,,
ALCOHOL,Wine,Not applicable — prohibited,2012,,,,,,
ALCOHOL,Wine,Not applicable — prohibited,2013,,,,,,
ALCOHOL,Wine,Not applicable — prohibited,2014,,,,,,
ALCOHOL,Wine,Not applicable — prohibited,2015,,,,,,
ALCOHOL,Wine,Not applicable — prohibited,2016,,,,,,
ALCOHOL,Wine,Not applicable — prohibited,2017,,,,,,
ALCOHOL,Wine,Not applicable — prohibited,2018,,,,,,
ALCOHOL,Wine,Not applicable — prohibited,2019,,,,,,
ALCOHOL,Wine,Not applicable — prohibited,2020,,,,,,
ALCOHOL,Wine,Not applicable — prohibited,2021,,,,,,
ALCOHOL,Wine,Not applicable — prohibited,2022,,,,,,
ALCOHOL,Wine,Not applicable — prohibited,2023,,,,,,
ALCOHOL,Wine,Not applicable — prohibited,2024,,,,,,
ALCOHOL,Wine,Not applicable — prohibited,2025,,,,,,
ALCOHOL,Other alcoholic bev.,Not applicable — prohibited,2000,,,,,,
ALCOHOL,Other alcoholic bev.,Not applicable — prohibited,2001,,,,,,
ALCOHOL,Other alcoholic bev.,Not applicable — prohibited,2002,,,,,,
ALCOHOL,Other alcoholic bev.,Not applicable — prohibited,2003,,,,,,
ALCOHOL,Other alcoholic bev.,Not applicable — prohibited,2004,,,,,,
ALCOHOL,Other alcoholic bev.,Not applicable — prohibited,2005,,,,,,
ALCOHOL,Other alcoholic bev.,Not applicable — prohibited,2006,,,,,,
ALCOHOL,Other alcoholic bev.,Not applicable — prohibited,2007,,,,,,
ALCOHOL,Other alcoholic bev.,Not applicable — prohibited,2008,,,,,,
ALCOHOL,Other alcoholic bev.,Not applicable — prohibited,2009,,,,,,
ALCOHOL,Other alcoholic bev.,Not applicable — prohibited,2010,,,,,,
ALCOHOL,Other alcoholic bev.,Not applicable — prohibited,2011,,,,,,
ALCOHOL,Other alcoholic bev.,Not applicable — prohibited,2012,,,,,,
ALCOHOL,Other alcoholic bev.,Not applicable — prohibited,2013,,,,,,
ALCOHOL,Other alcoholic bev.,Not applicable — prohibited,2014,,,,,,
ALCOHOL,Other alcoholic bev.,Not applicable — prohibited,2015,,,,,,
ALCOHOL,Other alcoholic bev.,Not applicable — prohibited,2016,,,,,,
ALCOHOL,Other alcoholic bev.,Not applicable — prohibited,2017,,,,,,
ALCOHOL,Other alcoholic bev.,Not applicable — prohibited,2018,,,,,,
ALCOHOL,Other alcoholic bev.,Not applicable — prohibited,2019,,,,,,
ALCOHOL,Other alcoholic bev.,Not applicable — prohibited,2020,,,,,,
ALCOHOL,Other alcoholic bev.,Not applicable — prohibited,2021,,,,,,
ALCOHOL,Other alcoholic bev.,Not applicable — prohibited,2022,,,,,,
ALCOHOL,Other alcoholic bev.,Not applicable — prohibited,2023,,,,,,
ALCOHOL,Other alcoholic bev.,Not applicable — prohibited,2024,,,,,,
ALCOHOL,Other alcoholic bev.,Not applicable — prohibited,2025,,,,,,
