fable_number,fable_group,fable_commodity,year,flow,trade_value_usd,qty_million_tonnes,n_hs_codes_summed,qty_note
43,FRUVEG,Apple,2000,Export,593939.0,0.001750026,1,
43,FRUVEG,Apple,2000,Import,20669.0,6.7248e-05,1,
43,FRUVEG,Apple,2001,Export,389932.0,0.001060464,1,
43,FRUVEG,Apple,2001,Import,171378.0,0.000555296,1,
43,FRUVEG,Apple,2002,Export,343416.25,0.000822379,1,
43,FRUVEG,Apple,2002,Import,58041.0,0.000185148,1,
43,FRUVEG,Apple,2003,Export,41530.0,0.00012388,1,
43,FRUVEG,Apple,2003,Import,825291.0,0.004821622,1,
43,FRUVEG,Apple,2004,Export,59944.0,9.735e-05,1,
43,FRUVEG,Apple,2004,Import,735187.0,0.004478577,1,
43,FRUVEG,Apple,2005,Export,45022.0,0.000122794,1,
43,FRUVEG,Apple,2005,Import,1229738.0,0.006584245,1,
43,FRUVEG,Apple,2006,Export,196118.0,0.000462834,1,
43,FRUVEG,Apple,2006,Import,1143277.0,0.006027055,1,
43,FRUVEG,Apple,2007,Export,8268.0,1.8925e-05,1,
43,FRUVEG,Apple,2007,Import,2134917.0,0.012301045,1,
43,FRUVEG,Apple,2008,Export,535506.0,0.001456496,1,
43,FRUVEG,Apple,2008,Import,1755766.0,0.009208389,1,
43,FRUVEG,Apple,2009,Export,594480.0,0.001540106,1,
43,FRUVEG,Apple,2009,Import,2173563.0,0.011153951,1,
43,FRUVEG,Apple,2010,Export,595727.0,0.001682872,1,
43,FRUVEG,Apple,2010,Import,2615362.0,0.011964836,1,
43,FRUVEG,Apple,2011,Export,450988.0,0.00099592,1,
43,FRUVEG,Apple,2011,Import,3778104.0,0.016282129,1,
43,FRUVEG,Apple,2012,Export,865736.0,0.002164883,1,
43,FRUVEG,Apple,2012,Import,5739264.0,0.023916695,1,
43,FRUVEG,Apple,2013,Export,286582.0,0.000598644,1,
43,FRUVEG,Apple,2013,Import,9978921.0,0.035358995,1,
43,FRUVEG,Apple,2014,Export,405046.0,0.00080669,1,
43,FRUVEG,Apple,2014,Import,7169720.0,0.026276189,1,
43,FRUVEG,Apple,2015,Export,163100.0,0.000375536,1,
43,FRUVEG,Apple,2015,Import,16818552.0,0.05144685,1,
43,FRUVEG,Apple,2016,Export,360880.0,0.000766511,1,
43,FRUVEG,Apple,2016,Import,34361052.0,0.060078115,1,
43,FRUVEG,Apple,2017,Export,121594.81,0.000205844,1,
43,FRUVEG,Apple,2017,Import,53685248.45,0.116247631,1,
43,FRUVEG,Apple,2018,Export,235908.07,0.000349028,1,
43,FRUVEG,Apple,2018,Import,18671055.04,0.030640406,1,
43,FRUVEG,Apple,2019,Export,232656.0,0.000350477,1,
43,FRUVEG,Apple,2019,Import,43429258.36,0.0674489,1,
43,FRUVEG,Apple,2020,Export,230903.33,0.000527818,1,
43,FRUVEG,Apple,2020,Import,36459523.49,0.05148543,1,
43,FRUVEG,Apple,2021,Export,44245.51,7.3338e-05,1,
43,FRUVEG,Apple,2021,Import,14593445.19,0.028970137,1,
43,FRUVEG,Apple,2022,Export,85407.1,0.000127761,1,
43,FRUVEG,Apple,2022,Import,13169981.22,0.0287738,1,
43,FRUVEG,Apple,2023,Export,507493.73,0.000939988,1,
43,FRUVEG,Apple,2023,Import,10492975.97,0.024387821,1,
43,FRUVEG,Apple,2024,Export,697280.43,0.001282574,1,
43,FRUVEG,Apple,2024,Import,12045460.28,0.028068605,1,
43,FRUVEG,Apple,2025,Export,1191160.78,0.001641412,1,
43,FRUVEG,Apple,2025,Import,29844058.41,0.069572424,1,
44,FRUVEG,Banana,2000,Export,103242.0,0.00019037,1,
44,FRUVEG,Banana,2000,Import,,,0,
44,FRUVEG,Banana,2001,Export,102812.0,0.000157408,1,
44,FRUVEG,Banana,2001,Import,,,0,
44,FRUVEG,Banana,2002,Export,55910.04,0.000123051,1,
44,FRUVEG,Banana,2002,Import,,,0,
44,FRUVEG,Banana,2003,Export,1004273.0,0.009552036,2,
44,FRUVEG,Banana,2003,Import,0.0,0.0,2,
44,FRUVEG,Banana,2004,Export,682342.0,0.006051678,2,
44,FRUVEG,Banana,2004,Import,0.0,0.0,2,
44,FRUVEG,Banana,2005,Export,766573.0,0.006701017,2,
44,FRUVEG,Banana,2005,Import,0.0,0.0,2,
44,FRUVEG,Banana,2006,Export,1838411.0,0.011930361,2,
44,FRUVEG,Banana,2006,Import,0.0,0.0,2,
44,FRUVEG,Banana,2007,Export,1047295.0,0.00661849,2,
44,FRUVEG,Banana,2007,Import,16.0,2.7e-08,2,
44,FRUVEG,Banana,2008,Export,4716704.0,0.036515215,2,
44,FRUVEG,Banana,2008,Import,1146.0,2.774e-06,2,
44,FRUVEG,Banana,2009,Export,13077634.0,0.10611524,2,
44,FRUVEG,Banana,2009,Import,64.0,1e-07,2,
44,FRUVEG,Banana,2010,Export,15654374.0,0.05767591,2,
44,FRUVEG,Banana,2010,Import,308.0,1.405e-06,2,
44,FRUVEG,Banana,2011,Export,25392798.0,0.05878644,2,
44,FRUVEG,Banana,2011,Import,277.0,2.51e-07,2,
44,FRUVEG,Banana,2012,Export,12739476.0,0.029653888,2,
44,FRUVEG,Banana,2012,Import,853253.0,0.002858874,2,
44,FRUVEG,Banana,2013,Export,33018163.0,0.085371738,2,
44,FRUVEG,Banana,2013,Import,21791.0,4.3364e-05,2,
44,FRUVEG,Banana,2014,Export,18170728.0,0.043249017,2,
44,FRUVEG,Banana,2014,Import,1735864.0,0.001973274,2,
44,FRUVEG,Banana,2015,Export,20633845.0,0.053488298,2,
44,FRUVEG,Banana,2015,Import,39752.0,3.7501e-05,2,
44,FRUVEG,Banana,2016,Export,22567120.0,0.050258562,2,
44,FRUVEG,Banana,2016,Import,2891.0,2.45e-06,2,
44,FRUVEG,Banana,2017,Export,16873168.78,0.045932758,2,
44,FRUVEG,Banana,2017,Import,157.39,7.6e-08,2,
44,FRUVEG,Banana,2018,Export,21470396.14,0.065138911,2,
44,FRUVEG,Banana,2018,Import,258.23,2.13e-07,2,
44,FRUVEG,Banana,2019,Export,33011569.24,0.116264688,2,
44,FRUVEG,Banana,2019,Import,2637.92,1.38e-06,2,
44,FRUVEG,Banana,2020,Export,23898493.04,0.102387845,2,
44,FRUVEG,Banana,2020,Import,16349.68,1.3941e-05,2,
44,FRUVEG,Banana,2021,Export,12775812.59,0.05554792,2,
44,FRUVEG,Banana,2021,Import,34552.28,1.6201e-05,2,
44,FRUVEG,Banana,2022,Export,27036410.4,0.129790021,2,
44,FRUVEG,Banana,2022,Import,34562.5,2.5582e-05,2,
44,FRUVEG,Banana,2023,Export,24447863.34,0.140356083,2,
44,FRUVEG,Banana,2023,Import,40236.58,4.32e-06,2,
44,FRUVEG,Banana,2024,Export,13677762.45,0.077875912,2,
44,FRUVEG,Banana,2024,Import,30764.73,3.86e-06,2,
44,FRUVEG,Banana,2025,Export,16012491.08,0.092272567,2,
44,FRUVEG,Banana,2025,Import,56897.07,6.586e-06,2,
6,CEREALS,Barley,2000,Export,190667.0,0.0003,1,
6,CEREALS,Barley,2000,Import,69022.0,0.000518985,2,
6,CEREALS,Barley,2001,Export,167661.0,0.000752834,1,
6,CEREALS,Barley,2001,Import,36590.0,0.000192295,2,
6,CEREALS,Barley,2002,Export,7533.0,0.00010506,1,
6,CEREALS,Barley,2002,Import,80415.0,0.00040764,1,
6,CEREALS,Barley,2003,Export,229571.0,0.001778,4,
6,CEREALS,Barley,2003,Import,37754.0,0.000224,4,
6,CEREALS,Barley,2004,Export,208006.0,0.001595,4,
6,CEREALS,Barley,2004,Import,74331.0,0.000348304,4,
6,CEREALS,Barley,2005,Export,11222.0,5.5e-05,4,
6,CEREALS,Barley,2005,Import,741480.0,0.00322845,4,
6,CEREALS,Barley,2006,Export,157563.0,0.000647,4,
6,CEREALS,Barley,2006,Import,236587.0,0.001045,4,
6,CEREALS,Barley,2007,Export,1260209.0,0.006707,4,
6,CEREALS,Barley,2007,Import,326842.0,0.001352,4,
6,CEREALS,Barley,2008,Export,323069.0,0.003151695,4,
6,CEREALS,Barley,2008,Import,554465.0,0.001728,4,
6,CEREALS,Barley,2009,Export,0.0,0.0,4,
6,CEREALS,Barley,2009,Import,1544181.0,0.006518,4,
6,CEREALS,Barley,2010,Export,42629.0,0.00025,4,
6,CEREALS,Barley,2010,Import,1328198.0,0.005371222,4,
6,CEREALS,Barley,2011,Export,598520.0,0.002785,4,
6,CEREALS,Barley,2011,Import,792066.0,0.00183829,4,
6,CEREALS,Barley,2012,Export,0.0,0.0,4,
6,CEREALS,Barley,2012,Import,883998.0,0.003377322,4,
6,CEREALS,Barley,2013,Export,66233.0,0.000353,4,
6,CEREALS,Barley,2013,Import,621358.0,0.001578,4,
6,CEREALS,Barley,2014,Export,281231.0,0.002156,4,
6,CEREALS,Barley,2014,Import,764192.0,0.001968433,4,
6,CEREALS,Barley,2015,Export,66983.0,0.000333659,4,
6,CEREALS,Barley,2015,Import,3301898.0,0.011999252,4,
6,CEREALS,Barley,2016,Export,6193.0,2.2e-05,4,
6,CEREALS,Barley,2016,Import,12272640.0,0.044310609,4,
6,CEREALS,Barley,2017,Export,2574.32,5e-06,4,
6,CEREALS,Barley,2017,Import,2111883.81,0.009030202,4,
6,CEREALS,Barley,2018,Export,0.0,0.0,4,
6,CEREALS,Barley,2018,Import,4728769.74,0.018081142,4,
6,CEREALS,Barley,2019,Export,1236.89,1e-06,4,
6,CEREALS,Barley,2019,Import,3217199.32,0.01047126,4,
6,CEREALS,Barley,2020,Export,77955.33,0.0003517,4,
6,CEREALS,Barley,2020,Import,1951089.13,0.006452048,4,
6,CEREALS,Barley,2021,Export,225249.59,0.001692,4,
6,CEREALS,Barley,2021,Import,2096563.01,0.005445567,4,
6,CEREALS,Barley,2022,Export,16077.47,0.000182,4,
6,CEREALS,Barley,2022,Import,3263911.54,0.006811062,4,
6,CEREALS,Barley,2023,Export,217.6,2e-06,4,
6,CEREALS,Barley,2023,Import,3710199.23,0.009248023,4,
6,CEREALS,Barley,2024,Export,109.81,1e-06,4,
6,CEREALS,Barley,2024,Import,4056470.98,0.013435264,4,
6,CEREALS,Barley,2025,Export,0.0,0.0,4,
6,CEREALS,Barley,2025,Import,3252759.36,0.006829564,4,
70,REDMEAT,Beef,2000,Export,927313.0,0.000344628,5,"tonnage includes live-animal head-count code(s) 010290, converted at FAO's average carcass weight per animal (reported in 'u', not kg)"
70,REDMEAT,Beef,2000,Import,96268.0,2.7349e-05,2,
70,REDMEAT,Beef,2001,Export,1009138.0,0.000495737,4,
70,REDMEAT,Beef,2001,Import,1969.0,6.11e-07,1,
70,REDMEAT,Beef,2002,Export,1904232.0,0.000992694,4,
70,REDMEAT,Beef,2002,Import,30273.0,7.048e-06,2,
70,REDMEAT,Beef,2003,Export,10187657.0,0.007718808,6,"tonnage includes live-animal head-count code(s) 010229, 010290, converted at FAO's average carcass weight per animal (reported in 'u', not kg)"
70,REDMEAT,Beef,2003,Import,42886.0,1.8709e-05,6,"tonnage includes live-animal head-count code(s) 010229, converted at FAO's average carcass weight per animal (reported in 'u', not kg)"
70,REDMEAT,Beef,2004,Export,4285980.0,0.002515085,6,"tonnage includes live-animal head-count code(s) 010229, 010290, converted at FAO's average carcass weight per animal (reported in 'u', not kg)"
70,REDMEAT,Beef,2004,Import,62150.0,3.1485e-05,6,"tonnage includes live-animal head-count code(s) 010229, 010290, converted at FAO's average carcass weight per animal (reported in 'u', not kg)"
70,REDMEAT,Beef,2005,Export,2333927.0,0.001420604,6,"tonnage includes live-animal head-count code(s) 010229, 010290, converted at FAO's average carcass weight per animal (reported in 'u', not kg)"
70,REDMEAT,Beef,2005,Import,2140130.0,0.00174002,6,"tonnage includes live-animal head-count code(s) 010229, converted at FAO's average carcass weight per animal (reported in 'u', not kg)"
70,REDMEAT,Beef,2006,Export,6597184.0,0.003257167,6,"tonnage includes live-animal head-count code(s) 010229, 010290, converted at FAO's average carcass weight per animal (reported in 'u', not kg)"
70,REDMEAT,Beef,2006,Import,9335631.0,0.007194924,6,"tonnage includes live-animal head-count code(s) 010229, converted at FAO's average carcass weight per animal (reported in 'u', not kg)"
70,REDMEAT,Beef,2007,Export,18513192.0,0.007787794,6,"tonnage includes live-animal head-count code(s) 010229, converted at FAO's average carcass weight per animal (reported in 'u', not kg)"
70,REDMEAT,Beef,2007,Import,9130818.0,0.006361734,6,"tonnage includes live-animal head-count code(s) 010229, 010290, converted at FAO's average carcass weight per animal (reported in 'u', not kg)"
70,REDMEAT,Beef,2008,Export,23800861.0,0.010143517,6,"tonnage includes live-animal head-count code(s) 010229, converted at FAO's average carcass weight per animal (reported in 'u', not kg)"
70,REDMEAT,Beef,2008,Import,4468291.0,0.002581323,6,"tonnage includes live-animal head-count code(s) 010229, 010290, converted at FAO's average carcass weight per animal (reported in 'u', not kg)"
70,REDMEAT,Beef,2009,Export,45406425.0,0.020205928,6,"tonnage includes live-animal head-count code(s) 010229, 010290, converted at FAO's average carcass weight per animal (reported in 'u', not kg)"
70,REDMEAT,Beef,2009,Import,2989427.0,0.001745812,6,"tonnage includes live-animal head-count code(s) 010229, 010290, converted at FAO's average carcass weight per animal (reported in 'u', not kg)"
70,REDMEAT,Beef,2010,Export,70189479.0,0.030053795,6,"tonnage includes live-animal head-count code(s) 010229, 010290, converted at FAO's average carcass weight per animal (reported in 'u', not kg)"
70,REDMEAT,Beef,2010,Import,4378230.0,0.001678207,6,"tonnage includes live-animal head-count code(s) 010229, 010290, converted at FAO's average carcass weight per animal (reported in 'u', not kg)"
70,REDMEAT,Beef,2011,Export,82245372.0,0.03086273,6,"tonnage includes live-animal head-count code(s) 010229, 010290, converted at FAO's average carcass weight per animal (reported in 'u', not kg)"
70,REDMEAT,Beef,2011,Import,7611923.0,0.002255931,6,"tonnage includes live-animal head-count code(s) 010229, 010290, converted at FAO's average carcass weight per animal (reported in 'u', not kg)"
70,REDMEAT,Beef,2012,Export,101718559.0,0.037560119,6,"tonnage includes live-animal head-count code(s) 010229, 010290, converted at FAO's average carcass weight per animal (reported in 'u', not kg)"
70,REDMEAT,Beef,2012,Import,4605355.0,0.000996401,6,"tonnage includes live-animal head-count code(s) 010229, 010290, converted at FAO's average carcass weight per animal (reported in 'u', not kg)"
70,REDMEAT,Beef,2013,Export,99035621.0,0.034910644,6,"tonnage includes live-animal head-count code(s) 010229, 010290, converted at FAO's average carcass weight per animal (reported in 'u', not kg)"
70,REDMEAT,Beef,2013,Import,7503929.0,0.001205305,6,"tonnage includes live-animal head-count code(s) 010229, converted at FAO's average carcass weight per animal (reported in 'u', not kg)"
70,REDMEAT,Beef,2014,Export,104754093.0,0.034553958,6,"tonnage includes live-animal head-count code(s) 010229, converted at FAO's average carcass weight per animal (reported in 'u', not kg)"
70,REDMEAT,Beef,2014,Import,2286348.0,0.000541813,6,"tonnage includes live-animal head-count code(s) 010229, converted at FAO's average carcass weight per animal (reported in 'u', not kg)"
70,REDMEAT,Beef,2015,Export,170666693.0,0.049480142,6,"tonnage includes live-animal head-count code(s) 010229, converted at FAO's average carcass weight per animal (reported in 'u', not kg)"
70,REDMEAT,Beef,2015,Import,1393285.0,0.000231406,6,"tonnage includes live-animal head-count code(s) 010229, converted at FAO's average carcass weight per animal (reported in 'u', not kg)"
70,REDMEAT,Beef,2016,Export,157146608.0,0.0443936,6,"tonnage includes live-animal head-count code(s) 010229, converted at FAO's average carcass weight per animal (reported in 'u', not kg)"
70,REDMEAT,Beef,2016,Import,2777875.0,0.000689682,6,"tonnage includes live-animal head-count code(s) 010229, 010290, converted at FAO's average carcass weight per animal (reported in 'u', not kg)"
70,REDMEAT,Beef,2017,Export,158197559.2,0.04048091,6,"tonnage includes live-animal head-count code(s) 010229, converted at FAO's average carcass weight per animal (reported in 'u', not kg)"
70,REDMEAT,Beef,2017,Import,2609692.25,0.000527022,6,"tonnage includes live-animal head-count code(s) 010229, 010290, converted at FAO's average carcass weight per animal (reported in 'u', not kg)"
70,REDMEAT,Beef,2018,Export,173289236.25,0.043948954,6,"tonnage includes live-animal head-count code(s) 010229, 010290, converted at FAO's average carcass weight per animal (reported in 'u', not kg)"
70,REDMEAT,Beef,2018,Import,3536395.56,0.000684198,6,"tonnage includes live-animal head-count code(s) 010229, converted at FAO's average carcass weight per animal (reported in 'u', not kg)"
70,REDMEAT,Beef,2019,Export,206484610.58,0.054040882,6,"tonnage includes live-animal head-count code(s) 010229, converted at FAO's average carcass weight per animal (reported in 'u', not kg)"
70,REDMEAT,Beef,2019,Import,1946660.15,0.000536939,6,"tonnage includes live-animal head-count code(s) 010229, converted at FAO's average carcass weight per animal (reported in 'u', not kg)"
70,REDMEAT,Beef,2020,Export,207056952.58,0.058687486,6,"tonnage includes live-animal head-count code(s) 010229, converted at FAO's average carcass weight per animal (reported in 'u', not kg)"
70,REDMEAT,Beef,2020,Import,1174003.55,0.000248049,6,"tonnage includes live-animal head-count code(s) 010229, converted at FAO's average carcass weight per animal (reported in 'u', not kg)"
70,REDMEAT,Beef,2021,Export,237616024.91,0.056708451,6,"tonnage includes live-animal head-count code(s) 010229, converted at FAO's average carcass weight per animal (reported in 'u', not kg)"
70,REDMEAT,Beef,2021,Import,2076297.95,0.000432076,6,"tonnage includes live-animal head-count code(s) 010229, converted at FAO's average carcass weight per animal (reported in 'u', not kg)"
70,REDMEAT,Beef,2022,Export,312369337.88,0.069394707,6,"tonnage includes live-animal head-count code(s) 010229, converted at FAO's average carcass weight per animal (reported in 'u', not kg)"
70,REDMEAT,Beef,2022,Import,2045538.23,0.000568858,6,"tonnage includes live-animal head-count code(s) 010229, converted at FAO's average carcass weight per animal (reported in 'u', not kg)"
70,REDMEAT,Beef,2023,Export,368072794.85,0.092542273,6,"tonnage includes live-animal head-count code(s) 010229, converted at FAO's average carcass weight per animal (reported in 'u', not kg)"
70,REDMEAT,Beef,2023,Import,988199.92,0.000177818,6,"tonnage includes live-animal head-count code(s) 010229, converted at FAO's average carcass weight per animal (reported in 'u', not kg)"
70,REDMEAT,Beef,2024,Export,396389297.18,0.095357277,5,"tonnage includes live-animal head-count code(s) 010229, converted at FAO's average carcass weight per animal (reported in 'u', not kg)"
70,REDMEAT,Beef,2024,Import,1158693.29,0.000274357,6,"tonnage includes live-animal head-count code(s) 010229, 010290, converted at FAO's average carcass weight per animal (reported in 'u', not kg)"
70,REDMEAT,Beef,2025,Export,385350611.72,0.088132731,6,"tonnage includes live-animal head-count code(s) 010229, converted at FAO's average carcass weight per animal (reported in 'u', not kg)"
70,REDMEAT,Beef,2025,Import,2171972.0,0.000556237,6,"tonnage includes live-animal head-count code(s) 010229, converted at FAO's average carcass weight per animal (reported in 'u', not kg)"
64,ANIMFAT,Butter / Ghee,2000,Export,2130.0,8.94e-07,2,
64,ANIMFAT,Butter / Ghee,2000,Import,263845.0,0.000149262,3,
64,ANIMFAT,Butter / Ghee,2001,Export,44740.0,3.4486e-05,2,
64,ANIMFAT,Butter / Ghee,2001,Import,210133.0,8.9446e-05,2,
64,ANIMFAT,Butter / Ghee,2002,Export,30025.0,3.2184e-05,3,
64,ANIMFAT,Butter / Ghee,2002,Import,289498.0,0.000128902,3,
64,ANIMFAT,Butter / Ghee,2003,Export,68254.0,2.2015e-05,3,
64,ANIMFAT,Butter / Ghee,2003,Import,262554.0,0.000138213,3,
64,ANIMFAT,Butter / Ghee,2004,Export,51553.0,2.0126e-05,3,
64,ANIMFAT,Butter / Ghee,2004,Import,207938.0,0.000104585,3,
64,ANIMFAT,Butter / Ghee,2005,Export,10978.0,6.311e-06,3,
64,ANIMFAT,Butter / Ghee,2005,Import,287194.0,0.000137447,3,
64,ANIMFAT,Butter / Ghee,2006,Export,32979.0,3.816e-05,3,
64,ANIMFAT,Butter / Ghee,2006,Import,242952.0,0.000115381,3,
64,ANIMFAT,Butter / Ghee,2007,Export,302178.0,9.2724e-05,3,
64,ANIMFAT,Butter / Ghee,2007,Import,404422.0,0.0002082,3,
64,ANIMFAT,Butter / Ghee,2008,Export,782337.0,0.000202748,3,
64,ANIMFAT,Butter / Ghee,2008,Import,124125.0,6.6788e-05,3,
64,ANIMFAT,Butter / Ghee,2009,Export,428136.0,0.000130098,3,
64,ANIMFAT,Butter / Ghee,2009,Import,452459.0,0.000167773,3,
64,ANIMFAT,Butter / Ghee,2010,Export,1881864.0,0.000488157,3,
64,ANIMFAT,Butter / Ghee,2010,Import,355264.0,0.00010084,3,
64,ANIMFAT,Butter / Ghee,2011,Export,2348693.0,0.000584696,3,
64,ANIMFAT,Butter / Ghee,2011,Import,249064.0,8.9044e-05,3,
64,ANIMFAT,Butter / Ghee,2012,Export,796008.0,0.000201566,3,
64,ANIMFAT,Butter / Ghee,2012,Import,765158.0,0.000335954,3,
64,ANIMFAT,Butter / Ghee,2013,Export,516564.0,0.000146419,3,
64,ANIMFAT,Butter / Ghee,2013,Import,1721328.0,0.00067348,3,
64,ANIMFAT,Butter / Ghee,2014,Export,1356341.0,0.000284504,3,
64,ANIMFAT,Butter / Ghee,2014,Import,410390.0,0.000164727,3,
64,ANIMFAT,Butter / Ghee,2015,Export,944581.0,0.000162182,3,
64,ANIMFAT,Butter / Ghee,2015,Import,695103.0,0.000223461,3,
64,ANIMFAT,Butter / Ghee,2016,Export,310572.0,7.1491e-05,3,
64,ANIMFAT,Butter / Ghee,2016,Import,6478262.0,0.001804546,3,
64,ANIMFAT,Butter / Ghee,2017,Export,246871.77,4.1417e-05,3,
64,ANIMFAT,Butter / Ghee,2017,Import,3237078.76,0.001004407,3,
64,ANIMFAT,Butter / Ghee,2018,Export,397485.02,6.4193e-05,3,
64,ANIMFAT,Butter / Ghee,2018,Import,1978831.87,0.00072549,3,
64,ANIMFAT,Butter / Ghee,2019,Export,394257.85,8.008e-05,3,
64,ANIMFAT,Butter / Ghee,2019,Import,1022813.34,0.000352609,3,
64,ANIMFAT,Butter / Ghee,2020,Export,627207.89,9.6106e-05,3,
64,ANIMFAT,Butter / Ghee,2020,Import,977854.22,0.000260557,3,
64,ANIMFAT,Butter / Ghee,2021,Export,919559.0,0.000118673,3,
64,ANIMFAT,Butter / Ghee,2021,Import,1072071.57,0.000406597,3,
64,ANIMFAT,Butter / Ghee,2022,Export,1635950.63,0.000424258,3,
64,ANIMFAT,Butter / Ghee,2022,Import,793456.48,0.00060843,3,
64,ANIMFAT,Butter / Ghee,2023,Export,2873256.6,0.000627961,3,
64,ANIMFAT,Butter / Ghee,2023,Import,1002235.18,0.004845455,3,
64,ANIMFAT,Butter / Ghee,2024,Export,2744086.14,0.000585302,3,
64,ANIMFAT,Butter / Ghee,2024,Import,616151.99,0.001965976,3,
64,ANIMFAT,Butter / Ghee,2025,Export,2805155.94,0.000538024,3,
64,ANIMFAT,Butter / Ghee,2025,Import,617895.62,0.000633282,3,
61,BEVSPICES,Cocoa,2000,Export,35.51,1.2e-08,1,
61,BEVSPICES,Cocoa,2000,Import,919785.0,0.001016224,4,
61,BEVSPICES,Cocoa,2001,Export,216900.0,0.0003,1,
61,BEVSPICES,Cocoa,2001,Import,1099793.0,0.001249789,5,
61,BEVSPICES,Cocoa,2002,Export,,,0,
61,BEVSPICES,Cocoa,2002,Import,1905608.0,0.001716366,5,
61,BEVSPICES,Cocoa,2003,Export,0.0,0.0,5,
61,BEVSPICES,Cocoa,2003,Import,2619065.0,0.0014922,5,
61,BEVSPICES,Cocoa,2004,Export,515.0,5.9e-08,5,
61,BEVSPICES,Cocoa,2004,Import,2484205.0,0.00149426,5,
61,BEVSPICES,Cocoa,2005,Export,0.0,0.0,5,
61,BEVSPICES,Cocoa,2005,Import,3515806.0,0.002277022,5,
61,BEVSPICES,Cocoa,2006,Export,3034.0,1.18e-06,5,
61,BEVSPICES,Cocoa,2006,Import,3080701.0,0.002232915,5,
61,BEVSPICES,Cocoa,2007,Export,68603.0,2.5259e-05,5,
61,BEVSPICES,Cocoa,2007,Import,4143610.0,0.002905558,5,
61,BEVSPICES,Cocoa,2008,Export,30151.0,1.0822e-05,5,
61,BEVSPICES,Cocoa,2008,Import,4753265.0,0.002704239,5,
61,BEVSPICES,Cocoa,2009,Export,30135.0,1.3783e-05,5,
61,BEVSPICES,Cocoa,2009,Import,7394225.0,0.003489659,5,
61,BEVSPICES,Cocoa,2010,Export,0.0,0.0,5,
61,BEVSPICES,Cocoa,2010,Import,11101647.0,0.003716631,5,
61,BEVSPICES,Cocoa,2011,Export,6129.0,1.969e-06,5,
61,BEVSPICES,Cocoa,2011,Import,14590814.0,0.00383927,5,
61,BEVSPICES,Cocoa,2012,Export,0.0,0.0,5,
61,BEVSPICES,Cocoa,2012,Import,12473232.0,0.003560938,5,
61,BEVSPICES,Cocoa,2013,Export,1521.0,5.9e-07,5,
61,BEVSPICES,Cocoa,2013,Import,15395838.0,0.005093257,5,
61,BEVSPICES,Cocoa,2014,Export,517.0,1.11e-07,5,
61,BEVSPICES,Cocoa,2014,Import,23072608.0,0.011496979,5,
61,BEVSPICES,Cocoa,2015,Export,87592.0,2.1938e-05,5,
61,BEVSPICES,Cocoa,2015,Import,21630392.0,0.009213652,5,
61,BEVSPICES,Cocoa,2016,Export,364570.0,8.0108e-05,5,
61,BEVSPICES,Cocoa,2016,Import,21879604.0,0.007824255,5,
61,BEVSPICES,Cocoa,2017,Export,971.2,1.9e-07,5,
61,BEVSPICES,Cocoa,2017,Import,19056853.88,0.007379268,5,
61,BEVSPICES,Cocoa,2018,Export,2456.32,6.71e-07,5,
61,BEVSPICES,Cocoa,2018,Import,24458232.31,0.010583157,5,
61,BEVSPICES,Cocoa,2019,Export,19628.93,7.467e-06,5,
61,BEVSPICES,Cocoa,2019,Import,25277066.56,0.011356719,5,
61,BEVSPICES,Cocoa,2020,Export,5416.13,1.696e-06,5,
61,BEVSPICES,Cocoa,2020,Import,24164771.68,0.010836985,5,
61,BEVSPICES,Cocoa,2021,Export,163894.27,3.4407e-05,5,
61,BEVSPICES,Cocoa,2021,Import,28202860.81,0.012428394,5,
61,BEVSPICES,Cocoa,2022,Export,1391689.85,0.000412448,5,
61,BEVSPICES,Cocoa,2022,Import,29896691.63,0.012061932,5,
61,BEVSPICES,Cocoa,2023,Export,4520.42,1.005e-06,5,
61,BEVSPICES,Cocoa,2023,Import,28252323.33,0.010186059,5,
61,BEVSPICES,Cocoa,2024,Export,6645.94,1.287e-06,5,
61,BEVSPICES,Cocoa,2024,Import,56593020.49,0.019414217,5,
61,BEVSPICES,Cocoa,2025,Export,3071.59,1.475e-06,5,
61,BEVSPICES,Cocoa,2025,Import,93542136.42,0.028088959,5,
45,FRUVEG,Coconut,2000,Export,,,0,
45,FRUVEG,Coconut,2000,Import,2255624.0,0.003359699,1,
45,FRUVEG,Coconut,2001,Export,8972.0,1.2247e-05,1,
45,FRUVEG,Coconut,2001,Import,1645306.0,0.002868886,1,
45,FRUVEG,Coconut,2002,Export,12061.95,2.1788e-05,1,
45,FRUVEG,Coconut,2002,Import,2676730.0,0.003739483,1,
45,FRUVEG,Coconut,2003,Export,0.0,0.0,2,
45,FRUVEG,Coconut,2003,Import,3366482.0,0.004572117,2,
45,FRUVEG,Coconut,2004,Export,0.0,0.0,2,
45,FRUVEG,Coconut,2004,Import,3336349.0,0.00467739,2,
45,FRUVEG,Coconut,2005,Export,0.0,0.0,2,
45,FRUVEG,Coconut,2005,Import,4756708.0,0.005766026,2,
45,FRUVEG,Coconut,2006,Export,994.0,5e-07,2,
45,FRUVEG,Coconut,2006,Import,5330645.0,0.006351305,2,
45,FRUVEG,Coconut,2007,Export,2373.0,3.12e-06,2,
45,FRUVEG,Coconut,2007,Import,5606703.0,0.00701823,2,
45,FRUVEG,Coconut,2008,Export,17975.0,2.875e-06,2,
45,FRUVEG,Coconut,2008,Import,5351965.0,0.00650642,2,
45,FRUVEG,Coconut,2009,Export,5131.0,2.025e-06,2,
45,FRUVEG,Coconut,2009,Import,7406315.0,0.009220281,2,
45,FRUVEG,Coconut,2010,Export,5120.0,4.005e-06,2,
45,FRUVEG,Coconut,2010,Import,5376594.0,0.006888801,2,
45,FRUVEG,Coconut,2011,Export,14269.0,9.759e-06,2,
45,FRUVEG,Coconut,2011,Import,5080024.0,0.006829494,2,
45,FRUVEG,Coconut,2012,Export,28609.0,1.4399e-05,2,
45,FRUVEG,Coconut,2012,Import,4976079.0,0.006619336,2,
45,FRUVEG,Coconut,2013,Export,18298.0,1.0015e-05,2,
45,FRUVEG,Coconut,2013,Import,4899918.0,0.006191018,2,
45,FRUVEG,Coconut,2014,Export,6255.0,3.722e-06,2,
45,FRUVEG,Coconut,2014,Import,10560133.0,0.008552131,2,
45,FRUVEG,Coconut,2015,Export,8804.0,5.086e-06,2,
45,FRUVEG,Coconut,2015,Import,13104558.0,0.008451599,2,
45,FRUVEG,Coconut,2016,Export,26151.0,1.3057e-05,2,
45,FRUVEG,Coconut,2016,Import,9334299.0,0.007237745,2,
45,FRUVEG,Coconut,2017,Export,16510.42,4.586e-06,2,
45,FRUVEG,Coconut,2017,Import,9398539.6,0.006452207,2,
45,FRUVEG,Coconut,2018,Export,35664.87,1.2845e-05,2,
45,FRUVEG,Coconut,2018,Import,9779281.73,0.006996923,2,
45,FRUVEG,Coconut,2019,Export,27307.64,9.368e-06,2,
45,FRUVEG,Coconut,2019,Import,11095654.41,0.009465474,2,
45,FRUVEG,Coconut,2020,Export,15675.09,4.271e-06,2,
45,FRUVEG,Coconut,2020,Import,9595865.0,0.012175738,2,
45,FRUVEG,Coconut,2021,Export,23852.51,6.774e-06,2,
45,FRUVEG,Coconut,2021,Import,10595467.28,0.016853067,2,
45,FRUVEG,Coconut,2022,Export,20439.69,5.658e-06,2,
45,FRUVEG,Coconut,2022,Import,9313191.97,0.012627717,2,
45,FRUVEG,Coconut,2023,Export,23319.37,6.76e-06,2,
45,FRUVEG,Coconut,2023,Import,7896055.04,0.012127303,2,
45,FRUVEG,Coconut,2024,Export,17755.01,4.664e-06,2,
45,FRUVEG,Coconut,2024,Import,9448318.03,0.015809397,2,
45,FRUVEG,Coconut,2025,Export,15797.27,7.246e-06,2,
45,FRUVEG,Coconut,2025,Import,9748831.23,0.014397304,2,
25,OLSOIL,Coconut oil,2000,Export,20631.0,2.5662e-05,1,
25,OLSOIL,Coconut oil,2000,Import,4301121.0,0.009419571,2,
25,OLSOIL,Coconut oil,2001,Export,216647.0,0.000378001,1,
25,OLSOIL,Coconut oil,2001,Import,5028754.0,0.016922983,2,
25,OLSOIL,Coconut oil,2002,Export,1648.0,6.71e-07,1,
25,OLSOIL,Coconut oil,2002,Import,4555056.95,0.013001446,2,
25,OLSOIL,Coconut oil,2003,Export,0.0,0.0,2,
25,OLSOIL,Coconut oil,2003,Import,3758770.0,0.006403626,2,
25,OLSOIL,Coconut oil,2004,Export,0.0,0.0,2,
25,OLSOIL,Coconut oil,2004,Import,3455500.0,0.005426961,2,
25,OLSOIL,Coconut oil,2005,Export,0.0,0.0,2,
25,OLSOIL,Coconut oil,2005,Import,5202817.0,0.006479881,2,
25,OLSOIL,Coconut oil,2006,Export,4223.0,3.393e-06,2,
25,OLSOIL,Coconut oil,2006,Import,5747974.0,0.007613031,2,
25,OLSOIL,Coconut oil,2007,Export,3195.0,1.927e-06,2,
25,OLSOIL,Coconut oil,2007,Import,9852782.0,0.010718308,2,
25,OLSOIL,Coconut oil,2008,Export,0.0,0.0,2,
25,OLSOIL,Coconut oil,2008,Import,10486617.0,0.008228911,2,
25,OLSOIL,Coconut oil,2009,Export,8908.0,4.537e-06,2,
25,OLSOIL,Coconut oil,2009,Import,8587007.0,0.009094317,2,
25,OLSOIL,Coconut oil,2010,Export,10777.0,3.948e-06,2,
25,OLSOIL,Coconut oil,2010,Import,10211367.0,0.009808196,2,
25,OLSOIL,Coconut oil,2011,Export,1535.0,8e-07,2,
25,OLSOIL,Coconut oil,2011,Import,13774229.0,0.00792825,2,
25,OLSOIL,Coconut oil,2012,Export,2798.0,1.048e-06,2,
25,OLSOIL,Coconut oil,2012,Import,8976256.0,0.006701566,2,
25,OLSOIL,Coconut oil,2013,Export,14524.0,2.957e-06,2,
25,OLSOIL,Coconut oil,2013,Import,6115230.0,0.005734658,2,
25,OLSOIL,Coconut oil,2014,Export,10703.0,3.914e-06,2,
25,OLSOIL,Coconut oil,2014,Import,7754077.0,0.005631155,2,
25,OLSOIL,Coconut oil,2015,Export,0.0,0.0,2,
25,OLSOIL,Coconut oil,2015,Import,7405526.0,0.005741045,2,
25,OLSOIL,Coconut oil,2016,Export,2239.0,6.68e-07,2,
25,OLSOIL,Coconut oil,2016,Import,8700990.0,0.006670535,2,
25,OLSOIL,Coconut oil,2017,Export,102792.21,3.8152e-05,2,
25,OLSOIL,Coconut oil,2017,Import,9161586.96,0.005938131,2,
25,OLSOIL,Coconut oil,2018,Export,279.84,8e-08,2,
25,OLSOIL,Coconut oil,2018,Import,8121577.61,0.006753668,2,
25,OLSOIL,Coconut oil,2019,Export,2754.65,4.95e-07,2,
25,OLSOIL,Coconut oil,2019,Import,6022077.66,0.006455498,2,
25,OLSOIL,Coconut oil,2020,Export,73860.21,4.176e-05,2,
25,OLSOIL,Coconut oil,2020,Import,4403382.67,0.004650961,2,
25,OLSOIL,Coconut oil,2021,Export,54397.71,3.0123e-05,2,
25,OLSOIL,Coconut oil,2021,Import,5895662.36,0.005151142,2,
25,OLSOIL,Coconut oil,2022,Export,10427.87,6.174e-06,2,
25,OLSOIL,Coconut oil,2022,Import,9976981.91,0.007420586,2,
25,OLSOIL,Coconut oil,2023,Export,27812.57,1.9662e-05,2,
25,OLSOIL,Coconut oil,2023,Import,5257866.02,0.005004786,2,
25,OLSOIL,Coconut oil,2024,Export,141240.81,5.6992e-05,2,
25,OLSOIL,Coconut oil,2024,Import,7901574.82,0.006621274,2,
25,OLSOIL,Coconut oil,2025,Export,824002.13,0.000289399,2,
25,OLSOIL,Coconut oil,2025,Import,7165052.27,0.005418107,2,
3,CEREALS,Corn / Maize,2000,Export,206831.0,0.000145609,3,
3,CEREALS,Corn / Maize,2000,Import,7200580.66,0.005466212,3,
3,CEREALS,Corn / Maize,2001,Export,4649.0,3.956e-06,2,
3,CEREALS,Corn / Maize,2001,Import,4043316.08,0.002557833,2,
3,CEREALS,Corn / Maize,2002,Export,15971.0,3.6203e-05,2,
3,CEREALS,Corn / Maize,2002,Import,7093418.46,0.005325542,2,
3,CEREALS,Corn / Maize,2003,Export,257802.0,0.00060032,3,
3,CEREALS,Corn / Maize,2003,Import,10961989.0,0.039811,3,
3,CEREALS,Corn / Maize,2004,Export,137157.0,0.0005268,3,
3,CEREALS,Corn / Maize,2004,Import,11065925.0,0.040105119,3,
3,CEREALS,Corn / Maize,2005,Export,390915.0,0.0014336,3,
3,CEREALS,Corn / Maize,2005,Import,20646208.0,0.028204489,3,
3,CEREALS,Corn / Maize,2006,Export,1149563.0,0.004689688,3,
3,CEREALS,Corn / Maize,2006,Import,20404116.0,0.006819198,3,
3,CEREALS,Corn / Maize,2007,Export,384110.0,0.000974299,3,
3,CEREALS,Corn / Maize,2007,Import,19306146.0,0.008367484,3,
3,CEREALS,Corn / Maize,2008,Export,20979843.0,0.07113972,3,
3,CEREALS,Corn / Maize,2008,Import,63790438.0,0.15098152,3,
3,CEREALS,Corn / Maize,2009,Export,47050253.0,0.2401248,3,
3,CEREALS,Corn / Maize,2009,Import,33400250.0,0.02919656,3,
3,CEREALS,Corn / Maize,2010,Export,2300150.0,0.01148424,3,
3,CEREALS,Corn / Maize,2010,Import,20163148.0,0.009008983,3,
3,CEREALS,Corn / Maize,2011,Export,71843954.0,0.256206125,3,
3,CEREALS,Corn / Maize,2011,Import,35911232.0,0.01339504,3,
3,CEREALS,Corn / Maize,2012,Export,99675864.0,0.366490847,3,
3,CEREALS,Corn / Maize,2012,Import,42109594.0,0.01777548,3,
3,CEREALS,Corn / Maize,2013,Export,32514408.0,0.13883952,3,
3,CEREALS,Corn / Maize,2013,Import,61648703.0,0.02437012,3,
3,CEREALS,Corn / Maize,2014,Export,4809914.0,0.0160092,3,
3,CEREALS,Corn / Maize,2014,Import,66201415.0,0.02327804,3,
3,CEREALS,Corn / Maize,2015,Export,12117733.0,0.063386658,3,
3,CEREALS,Corn / Maize,2015,Import,53271112.0,0.02398676,3,
3,CEREALS,Corn / Maize,2016,Export,12504739.0,0.06109144,3,
3,CEREALS,Corn / Maize,2016,Import,48475588.0,0.06445256,3,
3,CEREALS,Corn / Maize,2017,Export,6665974.76,0.02891376,3,
3,CEREALS,Corn / Maize,2017,Import,55386225.29,0.0351234,3,
3,CEREALS,Corn / Maize,2018,Export,1722295.71,0.00848784,3,
3,CEREALS,Corn / Maize,2018,Import,81181333.49,0.02833876,3,
3,CEREALS,Corn / Maize,2019,Export,29985896.33,0.13661076,3,
3,CEREALS,Corn / Maize,2019,Import,52007272.07,0.020250481,3,
3,CEREALS,Corn / Maize,2020,Export,13157482.76,0.07044328,3,
3,CEREALS,Corn / Maize,2020,Import,56664594.92,0.025219379,3,
3,CEREALS,Corn / Maize,2021,Export,107170046.84,0.355189694,2,
3,CEREALS,Corn / Maize,2021,Import,72823911.87,0.028980501,3,
3,CEREALS,Corn / Maize,2022,Export,260757779.63,0.79224424,2,
3,CEREALS,Corn / Maize,2022,Import,87627692.88,0.034592,3,
3,CEREALS,Corn / Maize,2023,Export,346669321.01,1.506464155,3,
3,CEREALS,Corn / Maize,2023,Import,71826035.91,0.003799,2,
3,CEREALS,Corn / Maize,2024,Export,291110181.23,1.23511204,3,
3,CEREALS,Corn / Maize,2024,Import,68316006.07,0.028434066,2,
3,CEREALS,Corn / Maize,2025,Export,110496702.51,0.44355332,2,
3,CEREALS,Corn / Maize,2025,Import,73921857.9,0.029951,3,
18,OLSOIL,Cotton (seed),2000,Export,,,0,
18,OLSOIL,Cotton (seed),2000,Import,,,0,
18,OLSOIL,Cotton (seed),2001,Export,,,0,
18,OLSOIL,Cotton (seed),2001,Import,,,0,
18,OLSOIL,Cotton (seed),2002,Export,,,0,
18,OLSOIL,Cotton (seed),2002,Import,,,0,
18,OLSOIL,Cotton (seed),2003,Export,0.0,0.0,2,
18,OLSOIL,Cotton (seed),2003,Import,0.0,0.0,2,
18,OLSOIL,Cotton (seed),2004,Export,0.0,0.0,2,
18,OLSOIL,Cotton (seed),2004,Import,0.0,0.0,2,
18,OLSOIL,Cotton (seed),2005,Export,0.0,0.0,2,
18,OLSOIL,Cotton (seed),2005,Import,0.0,0.0,2,
18,OLSOIL,Cotton (seed),2006,Export,0.0,0.0,2,
18,OLSOIL,Cotton (seed),2006,Import,0.0,0.0,2,
18,OLSOIL,Cotton (seed),2007,Export,0.0,0.0,2,
18,OLSOIL,Cotton (seed),2007,Import,0.0,0.0,2,
18,OLSOIL,Cotton (seed),2008,Export,0.0,0.0,2,
18,OLSOIL,Cotton (seed),2008,Import,0.0,0.0,2,
18,OLSOIL,Cotton (seed),2009,Export,0.0,0.0,2,
18,OLSOIL,Cotton (seed),2009,Import,0.0,0.0,2,
18,OLSOIL,Cotton (seed),2010,Export,0.0,0.0,2,
18,OLSOIL,Cotton (seed),2010,Import,0.0,0.0,2,
18,OLSOIL,Cotton (seed),2011,Export,0.0,0.0,2,
18,OLSOIL,Cotton (seed),2011,Import,0.0,0.0,2,
18,OLSOIL,Cotton (seed),2012,Export,5407.0,1.957e-05,2,
18,OLSOIL,Cotton (seed),2012,Import,0.0,0.0,2,
18,OLSOIL,Cotton (seed),2013,Export,2202998.0,0.004682139,2,
18,OLSOIL,Cotton (seed),2013,Import,749.0,5.93e-07,2,
18,OLSOIL,Cotton (seed),2014,Export,1366956.0,0.003960217,2,
18,OLSOIL,Cotton (seed),2014,Import,240501.0,7.7951e-05,2,
18,OLSOIL,Cotton (seed),2015,Export,68297.0,0.000115221,2,
18,OLSOIL,Cotton (seed),2015,Import,104.0,1.07e-07,2,
18,OLSOIL,Cotton (seed),2016,Export,7484.0,1.7124e-05,2,
18,OLSOIL,Cotton (seed),2016,Import,29437.0,0.000145,2,
18,OLSOIL,Cotton (seed),2017,Export,2736.71,6.759e-06,2,
18,OLSOIL,Cotton (seed),2017,Import,7641.4,5.266e-06,2,
18,OLSOIL,Cotton (seed),2018,Export,20488.35,6.218e-06,2,
18,OLSOIL,Cotton (seed),2018,Import,0.0,0.0,2,
18,OLSOIL,Cotton (seed),2019,Export,33751.54,1.3632e-05,2,
18,OLSOIL,Cotton (seed),2019,Import,0.0,0.0,2,
18,OLSOIL,Cotton (seed),2020,Export,11385.93,4.701e-06,2,
18,OLSOIL,Cotton (seed),2020,Import,0.0,0.0,2,
18,OLSOIL,Cotton (seed),2021,Export,9848.67,5.1e-06,2,
18,OLSOIL,Cotton (seed),2021,Import,771.68,8e-08,2,
18,OLSOIL,Cotton (seed),2022,Export,91854.9,0.000344185,2,
18,OLSOIL,Cotton (seed),2022,Import,0.0,0.0,2,
18,OLSOIL,Cotton (seed),2023,Export,42572.06,8.048e-06,2,
18,OLSOIL,Cotton (seed),2023,Import,0.0,0.0,2,
18,OLSOIL,Cotton (seed),2024,Export,19865.68,6.09e-07,2,
18,OLSOIL,Cotton (seed),2024,Import,0.0,0.0,2,
18,OLSOIL,Cotton (seed),2025,Export,16696.89,5.47e-07,2,
18,OLSOIL,Cotton (seed),2025,Import,0.0,0.0,2,
29,OLSCAKE,Cotton cake,2000,Export,,,0,
29,OLSCAKE,Cotton cake,2000,Import,,,0,
29,OLSCAKE,Cotton cake,2001,Export,4670.0,4.48e-05,1,
29,OLSCAKE,Cotton cake,2001,Import,,,0,
29,OLSCAKE,Cotton cake,2002,Export,,,0,
29,OLSCAKE,Cotton cake,2002,Import,,,0,
29,OLSCAKE,Cotton cake,2003,Export,37633.0,0.00040979,1,
29,OLSCAKE,Cotton cake,2003,Import,2650.0,3e-05,1,
29,OLSCAKE,Cotton cake,2004,Export,108155.0,0.000741685,1,
29,OLSCAKE,Cotton cake,2004,Import,0.0,0.0,1,
29,OLSCAKE,Cotton cake,2005,Export,23032.0,0.000216,1,
29,OLSCAKE,Cotton cake,2005,Import,2060.0,2.295e-05,1,
29,OLSCAKE,Cotton cake,2006,Export,40649.0,0.000271308,1,
29,OLSCAKE,Cotton cake,2006,Import,78816.0,0.000686705,1,
29,OLSCAKE,Cotton cake,2007,Export,36659.0,0.000289,1,
29,OLSCAKE,Cotton cake,2007,Import,0.0,0.0,1,
29,OLSCAKE,Cotton cake,2008,Export,24219.0,7.8e-05,1,
29,OLSCAKE,Cotton cake,2008,Import,551.0,3.8e-06,1,
29,OLSCAKE,Cotton cake,2009,Export,29.0,2e-07,1,
29,OLSCAKE,Cotton cake,2009,Import,85766.0,0.000698912,1,
29,OLSCAKE,Cotton cake,2010,Export,316716.0,0.00114911,1,
29,OLSCAKE,Cotton cake,2010,Import,16411.0,0.00017476,1,
29,OLSCAKE,Cotton cake,2011,Export,4596893.0,0.013934274,1,
29,OLSCAKE,Cotton cake,2011,Import,0.0,0.0,1,
29,OLSCAKE,Cotton cake,2012,Export,65007.0,0.000362709,1,
29,OLSCAKE,Cotton cake,2012,Import,0.0,0.0,1,
29,OLSCAKE,Cotton cake,2013,Export,164748.0,0.000518989,1,
29,OLSCAKE,Cotton cake,2013,Import,149874.0,0.00113208,1,
29,OLSCAKE,Cotton cake,2014,Export,145420.0,0.000229643,1,
29,OLSCAKE,Cotton cake,2014,Import,0.0,0.0,1,
29,OLSCAKE,Cotton cake,2015,Export,0.0,0.0,1,
29,OLSCAKE,Cotton cake,2015,Import,0.0,0.0,1,
29,OLSCAKE,Cotton cake,2016,Export,8667.0,6.5e-05,1,
29,OLSCAKE,Cotton cake,2016,Import,3811.0,6.886e-06,1,
29,OLSCAKE,Cotton cake,2017,Export,7100.59,2.5e-05,1,
29,OLSCAKE,Cotton cake,2017,Import,1704.97,4.5e-06,1,
29,OLSCAKE,Cotton cake,2018,Export,0.0,0.0,1,
29,OLSCAKE,Cotton cake,2018,Import,0.0,0.0,1,
29,OLSCAKE,Cotton cake,2019,Export,0.0,0.0,1,
29,OLSCAKE,Cotton cake,2019,Import,7118.91,5.82e-05,1,
29,OLSCAKE,Cotton cake,2020,Export,73697.97,0.000304516,1,
29,OLSCAKE,Cotton cake,2020,Import,0.0,0.0,1,
29,OLSCAKE,Cotton cake,2021,Export,543230.32,0.00153258,1,
29,OLSCAKE,Cotton cake,2021,Import,0.0,0.0,1,
29,OLSCAKE,Cotton cake,2022,Export,0.0,0.0,1,
29,OLSCAKE,Cotton cake,2022,Import,0.0,0.0,1,
29,OLSCAKE,Cotton cake,2023,Export,0.0,0.0,1,
29,OLSCAKE,Cotton cake,2023,Import,0.0,0.0,1,
29,OLSCAKE,Cotton cake,2024,Export,0.0,0.0,1,
29,OLSCAKE,Cotton cake,2024,Import,19556.31,5.6165e-05,1,
29,OLSCAKE,Cotton cake,2025,Export,90261.42,0.00019745,1,
29,OLSCAKE,Cotton cake,2025,Import,0.0,0.0,1,
13,FIBERINDUS,Cotton lint,2000,Export,151256696.31,0.138008667,2,
13,FIBERINDUS,Cotton lint,2000,Import,50055160.95,0.047190037,2,
13,FIBERINDUS,Cotton lint,2001,Export,120479806.69,0.103260009,2,
13,FIBERINDUS,Cotton lint,2001,Import,162902777.81,0.123075621,2,
13,FIBERINDUS,Cotton lint,2002,Export,67717815.72,0.074150606,2,
13,FIBERINDUS,Cotton lint,2002,Import,304804387.21,0.200951883,2,
13,FIBERINDUS,Cotton lint,2003,Export,50840687.0,0.0455,2,
13,FIBERINDUS,Cotton lint,2003,Import,293135536.0,0.204305,2,
13,FIBERINDUS,Cotton lint,2004,Export,49836084.0,0.04002,2,
13,FIBERINDUS,Cotton lint,2004,Import,522782246.0,0.384998,2,
13,FIBERINDUS,Cotton lint,2005,Export,88074382.0,0.092311,2,
13,FIBERINDUS,Cotton lint,2005,Import,482433113.0,0.361881,2,
13,FIBERINDUS,Cotton lint,2006,Export,68991552.0,0.113610447,2,
13,FIBERINDUS,Cotton lint,2006,Import,400444910.0,0.351664,2,
13,FIBERINDUS,Cotton lint,2007,Export,63710986.0,0.061703014,2,
13,FIBERINDUS,Cotton lint,2007,Import,885007131.0,0.629494735,2,
13,FIBERINDUS,Cotton lint,2008,Export,135053930.0,0.110533,2,
13,FIBERINDUS,Cotton lint,2008,Import,1164529420.0,0.774325992,2,
13,FIBERINDUS,Cotton lint,2009,Export,190127974.0,0.164893633,2,
13,FIBERINDUS,Cotton lint,2009,Import,480417704.0,0.316184062,2,
13,FIBERINDUS,Cotton lint,2010,Export,248873484.0,0.141711196,2,
13,FIBERINDUS,Cotton lint,2010,Import,762068780.0,0.37887,2,
13,FIBERINDUS,Cotton lint,2011,Export,380262298.0,0.158004075,2,
13,FIBERINDUS,Cotton lint,2011,Import,824819787.0,0.248726181,2,
13,FIBERINDUS,Cotton lint,2012,Export,377425021.0,0.224861,2,
13,FIBERINDUS,Cotton lint,2012,Import,565050885.0,0.242769,2,
13,FIBERINDUS,Cotton lint,2013,Export,232946883.0,0.136176,2,
13,FIBERINDUS,Cotton lint,2013,Import,757341297.0,0.3758,2,
13,FIBERINDUS,Cotton lint,2014,Export,191337931.0,0.11582,2,
13,FIBERINDUS,Cotton lint,2014,Import,521701731.0,0.238132,2,
13,FIBERINDUS,Cotton lint,2015,Export,105847595.0,0.070277,2,
13,FIBERINDUS,Cotton lint,2015,Import,543806345.0,0.275415,2,
13,FIBERINDUS,Cotton lint,2016,Export,41158430.0,0.024606,2,
13,FIBERINDUS,Cotton lint,2016,Import,580551937.0,0.334557123,2,
13,FIBERINDUS,Cotton lint,2017,Export,60979014.78,0.036931,2,
13,FIBERINDUS,Cotton lint,2017,Import,761457517.33,0.479611757,2,
13,FIBERINDUS,Cotton lint,2018,Export,19484182.76,0.011854,2,
13,FIBERINDUS,Cotton lint,2018,Import,1048971317.05,0.606328357,2,
13,FIBERINDUS,Cotton lint,2019,Export,22360820.14,0.016028,2,
13,FIBERINDUS,Cotton lint,2019,Import,708510584.64,0.400034379,2,
13,FIBERINDUS,Cotton lint,2020,Export,2238437.02,0.001775,1,
13,FIBERINDUS,Cotton lint,2020,Import,1315557450.27,0.818826746,2,
13,FIBERINDUS,Cotton lint,2021,Export,3819795.38,0.002056,2,
13,FIBERINDUS,Cotton lint,2021,Import,1766994686.5,0.903459,1,
13,FIBERINDUS,Cotton lint,2022,Export,17188182.15,0.012709,2,
13,FIBERINDUS,Cotton lint,2022,Import,1937503915.29,0.783103,2,
13,FIBERINDUS,Cotton lint,2023,Export,57139748.3,0.03236,2,
13,FIBERINDUS,Cotton lint,2023,Import,913223092.04,0.414413174,2,
13,FIBERINDUS,Cotton lint,2024,Export,3559471.87,0.001988,2,
13,FIBERINDUS,Cotton lint,2024,Import,743930058.38,0.372059466,2,
13,FIBERINDUS,Cotton lint,2025,Export,2859927.75,0.001651,2,
13,FIBERINDUS,Cotton lint,2025,Import,1498632676.39,0.83327,2,
65,ANIMFAT,Cream,2000,Export,,,0,
65,ANIMFAT,Cream,2000,Import,,,0,
65,ANIMFAT,Cream,2001,Export,,,0,
65,ANIMFAT,Cream,2001,Import,,,0,
65,ANIMFAT,Cream,2002,Export,,,0,
65,ANIMFAT,Cream,2002,Import,,,0,
65,ANIMFAT,Cream,2003,Export,0.0,0.0,1,
65,ANIMFAT,Cream,2003,Import,0.0,0.0,1,
65,ANIMFAT,Cream,2004,Export,0.0,0.0,1,
65,ANIMFAT,Cream,2004,Import,0.0,0.0,1,
65,ANIMFAT,Cream,2005,Export,0.0,0.0,1,
65,ANIMFAT,Cream,2005,Import,0.0,0.0,1,
65,ANIMFAT,Cream,2006,Export,0.0,0.0,1,
65,ANIMFAT,Cream,2006,Import,0.0,0.0,1,
65,ANIMFAT,Cream,2007,Export,0.0,0.0,1,
65,ANIMFAT,Cream,2007,Import,0.0,0.0,1,
65,ANIMFAT,Cream,2008,Export,0.0,0.0,1,
65,ANIMFAT,Cream,2008,Import,0.0,0.0,1,
65,ANIMFAT,Cream,2009,Export,0.0,0.0,1,
65,ANIMFAT,Cream,2009,Import,0.0,0.0,1,
65,ANIMFAT,Cream,2010,Export,0.0,0.0,1,
65,ANIMFAT,Cream,2010,Import,0.0,0.0,1,
65,ANIMFAT,Cream,2011,Export,0.0,0.0,1,
65,ANIMFAT,Cream,2011,Import,0.0,0.0,1,
65,ANIMFAT,Cream,2012,Export,5033.0,5e-07,1,
65,ANIMFAT,Cream,2012,Import,8432.0,3.098e-06,1,
65,ANIMFAT,Cream,2013,Export,119321.0,0.000118356,1,
65,ANIMFAT,Cream,2013,Import,1155.0,2.88e-07,1,
65,ANIMFAT,Cream,2014,Export,3855.0,1.821e-06,1,
65,ANIMFAT,Cream,2014,Import,2973.0,1.166e-06,1,
65,ANIMFAT,Cream,2015,Export,0.0,0.0,1,
65,ANIMFAT,Cream,2015,Import,984.0,2.59e-07,1,
65,ANIMFAT,Cream,2016,Export,127379.0,6.4626e-05,1,
65,ANIMFAT,Cream,2016,Import,487.0,7.2e-08,1,
65,ANIMFAT,Cream,2017,Export,236928.18,0.00073475,1,
65,ANIMFAT,Cream,2017,Import,0.0,0.0,1,
65,ANIMFAT,Cream,2018,Export,121211.78,0.00014923,1,
65,ANIMFAT,Cream,2018,Import,0.0,0.0,1,
65,ANIMFAT,Cream,2019,Export,37408.55,6.1237e-05,1,
65,ANIMFAT,Cream,2019,Import,0.0,0.0,1,
65,ANIMFAT,Cream,2020,Export,1949920.72,0.005246673,1,
65,ANIMFAT,Cream,2020,Import,0.0,0.0,1,
65,ANIMFAT,Cream,2021,Export,787019.44,0.00222918,1,
65,ANIMFAT,Cream,2021,Import,0.0,0.0,1,
65,ANIMFAT,Cream,2022,Export,1597.26,4.09e-06,1,
65,ANIMFAT,Cream,2022,Import,0.0,0.0,1,
65,ANIMFAT,Cream,2023,Export,0.0,0.0,1,
65,ANIMFAT,Cream,2023,Import,0.0,0.0,1,
65,ANIMFAT,Cream,2024,Export,0.0,0.0,1,
65,ANIMFAT,Cream,2024,Import,0.0,0.0,1,
65,ANIMFAT,Cream,2025,Export,0.54,7e-09,1,
65,ANIMFAT,Cream,2025,Import,219.76,2.2e-08,1,
46,FRUVEG,Date,2000,Export,30199349.07,0.078165923,1,
46,FRUVEG,Date,2000,Import,2997347.0,0.013659317,1,
46,FRUVEG,Date,2001,Export,25828051.7,0.071759514,1,
46,FRUVEG,Date,2001,Import,4146224.0,0.021523324,1,
46,FRUVEG,Date,2002,Export,13964520.53,0.033346925,1,
46,FRUVEG,Date,2002,Import,2572894.0,0.013910977,1,
46,FRUVEG,Date,2003,Export,24952038.0,0.071977975,1,
46,FRUVEG,Date,2003,Import,7817187.0,0.043409472,1,
46,FRUVEG,Date,2004,Export,22473422.0,0.065428734,1,
46,FRUVEG,Date,2004,Import,9495633.0,0.051091595,1,
46,FRUVEG,Date,2005,Export,30386607.0,0.085334125,1,
46,FRUVEG,Date,2005,Import,7085632.0,0.041196069,1,
46,FRUVEG,Date,2006,Export,37655272.0,0.102842545,1,
46,FRUVEG,Date,2006,Import,3123517.0,0.016179929,1,
46,FRUVEG,Date,2007,Export,38691617.0,0.098153904,1,
46,FRUVEG,Date,2007,Import,4228617.0,0.012839181,1,
46,FRUVEG,Date,2008,Export,39799724.0,0.095699735,1,
46,FRUVEG,Date,2008,Import,3306663.0,0.009429261,1,
46,FRUVEG,Date,2009,Export,50370770.0,0.124804284,1,
46,FRUVEG,Date,2009,Import,1670364.0,0.004044142,1,
46,FRUVEG,Date,2010,Export,52410778.0,0.114944906,1,
46,FRUVEG,Date,2010,Import,2442604.0,0.004545819,1,
46,FRUVEG,Date,2011,Export,64082048.0,0.113358027,1,
46,FRUVEG,Date,2011,Import,6997428.0,0.013206063,1,
46,FRUVEG,Date,2012,Export,80838141.0,0.16402256,1,
46,FRUVEG,Date,2012,Import,3520092.0,0.006184667,1,
46,FRUVEG,Date,2013,Export,85723404.0,0.169159259,1,
46,FRUVEG,Date,2013,Import,1871309.0,0.003315065,1,
46,FRUVEG,Date,2014,Export,79975937.0,0.11804388,1,
46,FRUVEG,Date,2014,Import,2685837.0,0.004722765,1,
46,FRUVEG,Date,2015,Export,83214254.0,0.131169034,1,
46,FRUVEG,Date,2015,Import,4727730.0,0.007982705,1,
46,FRUVEG,Date,2016,Export,102596397.0,0.163177344,1,
46,FRUVEG,Date,2016,Import,6748001.0,0.005598603,1,
46,FRUVEG,Date,2017,Export,107487785.62,0.17512978,1,
46,FRUVEG,Date,2017,Import,8952204.7,0.006813266,1,
46,FRUVEG,Date,2018,Export,112731281.53,0.136482287,1,
46,FRUVEG,Date,2018,Import,13010649.47,0.010043378,1,
46,FRUVEG,Date,2019,Export,71594113.15,0.095304896,1,
46,FRUVEG,Date,2019,Import,8713915.29,0.006447562,1,
46,FRUVEG,Date,2020,Export,60264287.81,0.11607429,1,
46,FRUVEG,Date,2020,Import,11824372.66,0.02703279,1,
46,FRUVEG,Date,2021,Export,51957613.76,0.121244459,1,
46,FRUVEG,Date,2021,Import,14050287.38,0.066212091,1,
46,FRUVEG,Date,2022,Export,42054228.39,0.106988751,1,
46,FRUVEG,Date,2022,Import,11897709.08,0.064135609,1,
46,FRUVEG,Date,2023,Export,46932291.07,0.120626482,1,
46,FRUVEG,Date,2023,Import,15970992.52,0.0565228,1,
46,FRUVEG,Date,2024,Export,50176618.58,0.124650909,1,
46,FRUVEG,Date,2024,Import,21690200.02,0.096361115,1,
46,FRUVEG,Date,2025,Export,54368903.57,0.135401388,1,
46,FRUVEG,Date,2025,Import,27989591.44,0.108730456,1,
67,EGGS,Eggs,2000,Export,475821.0,0.000780283,1,
67,EGGS,Eggs,2000,Import,368610.0,4.3977e-05,1,
67,EGGS,Eggs,2001,Export,372291.0,0.000298676,1,
67,EGGS,Eggs,2001,Import,299764.0,3.7419e-05,1,
67,EGGS,Eggs,2002,Export,316104.0,0.000157559,1,
67,EGGS,Eggs,2002,Import,80847.0,1.8018e-05,1,
67,EGGS,Eggs,2003,Export,1255352.0,0.001483393,4,
67,EGGS,Eggs,2003,Import,497632.0,8.7029e-05,4,
67,EGGS,Eggs,2004,Export,1767603.0,0.002191617,4,
67,EGGS,Eggs,2004,Import,205267.0,3.1735e-05,4,
67,EGGS,Eggs,2005,Export,1048200.0,0.00143019,4,
67,EGGS,Eggs,2005,Import,579162.0,0.000731855,4,
67,EGGS,Eggs,2006,Export,376527.0,0.000546286,4,
67,EGGS,Eggs,2006,Import,399286.0,0.000180909,4,
67,EGGS,Eggs,2007,Export,203361.0,0.0002898,4,
67,EGGS,Eggs,2007,Import,1321866.0,0.00037164,4,
67,EGGS,Eggs,2008,Export,126661.0,5.4754e-05,4,
67,EGGS,Eggs,2008,Import,540903.0,0.000132392,4,
67,EGGS,Eggs,2009,Export,227525.0,8.0282e-05,4,
67,EGGS,Eggs,2009,Import,3455811.0,0.000951305,4,
67,EGGS,Eggs,2010,Export,2447115.0,0.001081144,4,
67,EGGS,Eggs,2010,Import,3030059.0,0.000879808,4,
67,EGGS,Eggs,2011,Export,5934934.0,0.004234634,4,
67,EGGS,Eggs,2011,Import,2447566.0,0.000667866,4,
67,EGGS,Eggs,2012,Export,9600.0,8.421e-06,4,
67,EGGS,Eggs,2012,Import,2023430.0,0.000313944,4,
67,EGGS,Eggs,2013,Export,705205.0,0.000912159,4,
67,EGGS,Eggs,2013,Import,913972.0,0.000356249,4,
67,EGGS,Eggs,2014,Export,2584691.0,0.003385787,4,
67,EGGS,Eggs,2014,Import,13869.0,3.833e-06,4,
67,EGGS,Eggs,2015,Export,7450320.0,0.006382608,4,
67,EGGS,Eggs,2015,Import,95679.0,2.5835e-05,4,
67,EGGS,Eggs,2016,Export,5600606.0,0.005923505,4,
67,EGGS,Eggs,2016,Import,191218.0,4.2452e-05,4,
67,EGGS,Eggs,2017,Export,4433584.07,0.003507183,4,
67,EGGS,Eggs,2017,Import,289690.09,0.000128046,4,
67,EGGS,Eggs,2018,Export,9135157.69,0.005111981,4,
67,EGGS,Eggs,2018,Import,1565415.46,0.000408291,4,
67,EGGS,Eggs,2019,Export,14781213.77,0.007217186,4,
67,EGGS,Eggs,2019,Import,1474342.34,0.00040971,4,
67,EGGS,Eggs,2020,Export,10171305.29,0.013877679,4,
67,EGGS,Eggs,2020,Import,1677521.91,0.000603641,4,
67,EGGS,Eggs,2021,Export,13320771.12,0.01054991,4,
67,EGGS,Eggs,2021,Import,1878064.43,0.000184939,4,
67,EGGS,Eggs,2022,Export,9959811.18,0.002558236,4,
67,EGGS,Eggs,2022,Import,2163325.67,3.3246e-05,4,
67,EGGS,Eggs,2023,Export,16350415.37,0.004469529,4,
67,EGGS,Eggs,2023,Import,1226058.2,3.7407e-05,4,
67,EGGS,Eggs,2024,Export,19960918.72,0.004997735,4,
67,EGGS,Eggs,2024,Import,4239671.99,0.000103161,4,
67,EGGS,Eggs,2025,Export,29999838.38,0.006744905,4,
67,EGGS,Eggs,2025,Import,4773179.33,0.000153726,4,
63,FISH,Fish,2000,Export,111779332.05,0.066052383,39,
63,FISH,Fish,2000,Import,139817.99,8.7273e-05,13,
63,FISH,Fish,2001,Export,102395283.24,0.064181915,41,
63,FISH,Fish,2001,Import,278781.08,0.000114783,13,
63,FISH,Fish,2002,Export,99280137.77,0.069488926,48,
63,FISH,Fish,2002,Import,586152.01,0.0002454,17,
63,FISH,Fish,2003,Export,137451479.0,0.105982864,263,
63,FISH,Fish,2003,Import,647291.0,0.000975128,263,
63,FISH,Fish,2004,Export,137031266.0,0.104303635,263,
63,FISH,Fish,2004,Import,694897.0,0.000998164,263,
63,FISH,Fish,2005,Export,146260151.0,0.110221699,263,
63,FISH,Fish,2005,Import,1600345.0,0.00183232,263,
63,FISH,Fish,2006,Export,167286788.0,0.118789301,263,
63,FISH,Fish,2006,Import,1585003.0,0.001895035,263,
63,FISH,Fish,2007,Export,160696226.0,0.116005383,263,
63,FISH,Fish,2007,Import,1591737.0,0.00180339,263,
63,FISH,Fish,2008,Export,217282521.0,0.136358086,263,
63,FISH,Fish,2008,Import,1227982.0,0.001279152,263,
63,FISH,Fish,2009,Export,192448368.0,0.108269764,263,
63,FISH,Fish,2009,Import,833633.0,0.000573063,263,
63,FISH,Fish,2010,Export,229832798.0,0.112041332,263,
63,FISH,Fish,2010,Import,2393291.0,0.001205486,263,
63,FISH,Fish,2011,Export,258948359.0,0.115681788,263,
63,FISH,Fish,2011,Import,3732392.0,0.001568242,263,
63,FISH,Fish,2012,Export,246059722.0,0.118418024,263,
63,FISH,Fish,2012,Import,4218372.0,0.001516779,263,
63,FISH,Fish,2013,Export,330182587.0,0.137350236,263,
63,FISH,Fish,2013,Import,11330786.0,0.004071475,263,
63,FISH,Fish,2014,Export,351703193.0,0.146956668,263,
63,FISH,Fish,2014,Import,14156811.0,0.004107575,263,
63,FISH,Fish,2015,Export,325117930.0,0.131063805,263,
63,FISH,Fish,2015,Import,16072745.0,0.008470682,263,
63,FISH,Fish,2016,Export,334040414.0,0.132747944,263,
63,FISH,Fish,2016,Import,16566883.0,0.008213799,263,
63,FISH,Fish,2017,Export,405670577.41,0.17700135,263,
63,FISH,Fish,2017,Import,21982143.08,0.008621953,262,
63,FISH,Fish,2018,Export,428610370.49,0.197294258,263,
63,FISH,Fish,2018,Import,10222945.03,0.005331872,263,
63,FISH,Fish,2019,Export,473249972.0,0.207669431,263,
63,FISH,Fish,2019,Import,9515063.61,0.005435627,263,
63,FISH,Fish,2020,Export,367987971.63,0.172602722,263,
63,FISH,Fish,2020,Import,6596143.55,0.004319753,263,
63,FISH,Fish,2021,Export,391480517.24,0.162538816,263,
63,FISH,Fish,2021,Import,8807301.26,0.005417279,263,
63,FISH,Fish,2022,Export,433922994.73,0.175191648,263,
63,FISH,Fish,2022,Import,7607362.59,0.004838709,263,
63,FISH,Fish,2023,Export,457647752.51,0.214803454,263,
63,FISH,Fish,2023,Import,4926666.66,0.002607106,263,
63,FISH,Fish,2024,Export,401469579.28,0.196939729,263,
63,FISH,Fish,2024,Import,5140693.91,0.002594957,263,
63,FISH,Fish,2025,Export,467749671.96,0.211311584,263,
63,FISH,Fish,2025,Import,8769227.07,0.004498539,263,
71,REDMEAT,Goat & Lamb,2000,Export,5191235.0,0.002114903,7,
71,REDMEAT,Goat & Lamb,2000,Import,1027.0,2.68e-07,1,
71,REDMEAT,Goat & Lamb,2001,Export,3533195.0,0.001496972,8,
71,REDMEAT,Goat & Lamb,2001,Import,,,0,
71,REDMEAT,Goat & Lamb,2002,Export,3715637.02,0.001726418,9,"tonnage includes live-animal head-count code(s) 010420, converted at FAO's average carcass weight per animal (reported in 'u', not kg)"
71,REDMEAT,Goat & Lamb,2002,Import,1361.0,4.4e-07,1,
71,REDMEAT,Goat & Lamb,2003,Export,10722922.0,0.004765293,11,"tonnage includes live-animal head-count code(s) 010410, 010420, converted at FAO's average carcass weight per animal (reported in 'u', not kg)"
71,REDMEAT,Goat & Lamb,2003,Import,7994.0,5.928e-06,11,"tonnage includes live-animal head-count code(s) 010410, 010420, converted at FAO's average carcass weight per animal (reported in 'u', not kg)"
71,REDMEAT,Goat & Lamb,2004,Export,11891427.0,0.004794349,11,"tonnage includes live-animal head-count code(s) 010410, 010420, converted at FAO's average carcass weight per animal (reported in 'u', not kg)"
71,REDMEAT,Goat & Lamb,2004,Import,93324.0,9.3618e-05,11,"tonnage includes live-animal head-count code(s) 010410, 010420, converted at FAO's average carcass weight per animal (reported in 'u', not kg)"
71,REDMEAT,Goat & Lamb,2005,Export,14467506.0,0.005402921,11,"tonnage includes live-animal head-count code(s) 010410, 010420, converted at FAO's average carcass weight per animal (reported in 'u', not kg)"
71,REDMEAT,Goat & Lamb,2005,Import,199091.0,0.000121481,11,"tonnage includes live-animal head-count code(s) 010410, 010420, converted at FAO's average carcass weight per animal (reported in 'u', not kg)"
71,REDMEAT,Goat & Lamb,2006,Export,19225206.0,0.006299821,11,"tonnage includes live-animal head-count code(s) 010410, 010420, converted at FAO's average carcass weight per animal (reported in 'u', not kg)"
71,REDMEAT,Goat & Lamb,2006,Import,333702.0,0.000172956,11,"tonnage includes live-animal head-count code(s) 010410, 010420, converted at FAO's average carcass weight per animal (reported in 'u', not kg)"
71,REDMEAT,Goat & Lamb,2007,Export,22985304.0,0.006620026,11,"tonnage includes live-animal head-count code(s) 010410, 010420, converted at FAO's average carcass weight per animal (reported in 'u', not kg)"
71,REDMEAT,Goat & Lamb,2007,Import,796858.0,0.000429387,11,"tonnage includes live-animal head-count code(s) 010410, 010420, converted at FAO's average carcass weight per animal (reported in 'u', not kg)"
71,REDMEAT,Goat & Lamb,2008,Export,25705680.0,0.00673986,11,"tonnage includes live-animal head-count code(s) 010410, 010420, converted at FAO's average carcass weight per animal (reported in 'u', not kg)"
71,REDMEAT,Goat & Lamb,2008,Import,132912.0,6.8567e-05,11,"tonnage includes live-animal head-count code(s) 010410, 010420, converted at FAO's average carcass weight per animal (reported in 'u', not kg)"
71,REDMEAT,Goat & Lamb,2009,Export,39399014.0,0.011360327,11,"tonnage includes live-animal head-count code(s) 010410, 010420, converted at FAO's average carcass weight per animal (reported in 'u', not kg)"
71,REDMEAT,Goat & Lamb,2009,Import,29560.0,1.8006e-05,11,"tonnage includes live-animal head-count code(s) 010410, 010420, converted at FAO's average carcass weight per animal (reported in 'u', not kg)"
71,REDMEAT,Goat & Lamb,2010,Export,52183205.0,0.013602218,11,"tonnage includes live-animal head-count code(s) 010410, 010420, converted at FAO's average carcass weight per animal (reported in 'u', not kg)"
71,REDMEAT,Goat & Lamb,2010,Import,4271.0,2.208e-06,11,"tonnage includes live-animal head-count code(s) 010410, 010420, converted at FAO's average carcass weight per animal (reported in 'u', not kg)"
71,REDMEAT,Goat & Lamb,2011,Export,70785703.0,0.016168166,11,"tonnage includes live-animal head-count code(s) 010410, 010420, converted at FAO's average carcass weight per animal (reported in 'u', not kg)"
71,REDMEAT,Goat & Lamb,2011,Import,813940.0,0.000228953,11,"tonnage includes live-animal head-count code(s) 010410, 010420, converted at FAO's average carcass weight per animal (reported in 'u', not kg)"
71,REDMEAT,Goat & Lamb,2012,Export,88306629.0,0.017502486,11,"tonnage includes live-animal head-count code(s) 010410, 010420, converted at FAO's average carcass weight per animal (reported in 'u', not kg)"
71,REDMEAT,Goat & Lamb,2012,Import,5849.0,1.026e-06,11,"tonnage includes live-animal head-count code(s) 010410, 010420, converted at FAO's average carcass weight per animal (reported in 'u', not kg)"
71,REDMEAT,Goat & Lamb,2013,Export,58122218.0,0.010764091,11,"tonnage includes live-animal head-count code(s) 010410, 010420, converted at FAO's average carcass weight per animal (reported in 'u', not kg)"
71,REDMEAT,Goat & Lamb,2013,Import,94018.0,1.8143e-05,11,"tonnage includes live-animal head-count code(s) 010410, 010420, converted at FAO's average carcass weight per animal (reported in 'u', not kg)"
71,REDMEAT,Goat & Lamb,2014,Export,59538461.0,0.011817751,11,"tonnage includes live-animal head-count code(s) 010410, 010420, converted at FAO's average carcass weight per animal (reported in 'u', not kg)"
71,REDMEAT,Goat & Lamb,2014,Import,50506.0,1.364e-05,11,"tonnage includes live-animal head-count code(s) 010410, 010420, converted at FAO's average carcass weight per animal (reported in 'u', not kg)"
71,REDMEAT,Goat & Lamb,2015,Export,58293106.0,0.01024054,11,"tonnage includes live-animal head-count code(s) 010410, 010420, converted at FAO's average carcass weight per animal (reported in 'u', not kg)"
71,REDMEAT,Goat & Lamb,2015,Import,166011.0,3.5425e-05,11,"tonnage includes live-animal head-count code(s) 010410, 010420, converted at FAO's average carcass weight per animal (reported in 'u', not kg)"
71,REDMEAT,Goat & Lamb,2016,Export,44726034.0,0.007413448,11,"tonnage includes live-animal head-count code(s) 010410, 010420, converted at FAO's average carcass weight per animal (reported in 'u', not kg)"
71,REDMEAT,Goat & Lamb,2016,Import,84306.0,1.6533e-05,11,"tonnage includes live-animal head-count code(s) 010410, 010420, converted at FAO's average carcass weight per animal (reported in 'u', not kg)"
71,REDMEAT,Goat & Lamb,2017,Export,18145583.44,0.002885285,11,"tonnage includes live-animal head-count code(s) 010410, 010420, converted at FAO's average carcass weight per animal (reported in 'u', not kg)"
71,REDMEAT,Goat & Lamb,2017,Import,5483857.91,0.000968558,11,"tonnage includes live-animal head-count code(s) 010410, 010420, converted at FAO's average carcass weight per animal (reported in 'u', not kg)"
71,REDMEAT,Goat & Lamb,2018,Export,21139430.49,0.003341738,11,"tonnage includes live-animal head-count code(s) 010410, 010420, converted at FAO's average carcass weight per animal (reported in 'u', not kg)"
71,REDMEAT,Goat & Lamb,2018,Import,2578123.48,0.001376634,11,"tonnage includes live-animal head-count code(s) 010410, 010420, converted at FAO's average carcass weight per animal (reported in 'u', not kg)"
71,REDMEAT,Goat & Lamb,2019,Export,38304813.0,0.005734633,11,"tonnage includes live-animal head-count code(s) 010410, 010420, converted at FAO's average carcass weight per animal (reported in 'u', not kg)"
71,REDMEAT,Goat & Lamb,2019,Import,72498.84,4.3318e-05,11,"tonnage includes live-animal head-count code(s) 010410, 010420, converted at FAO's average carcass weight per animal (reported in 'u', not kg)"
71,REDMEAT,Goat & Lamb,2020,Export,44993753.36,0.006823465,11,"tonnage includes live-animal head-count code(s) 010410, 010420, converted at FAO's average carcass weight per animal (reported in 'u', not kg)"
71,REDMEAT,Goat & Lamb,2020,Import,19901.77,1.6306e-05,11,"tonnage includes live-animal head-count code(s) 010410, 010420, converted at FAO's average carcass weight per animal (reported in 'u', not kg)"
71,REDMEAT,Goat & Lamb,2021,Export,31470269.8,0.004237901,11,"tonnage includes live-animal head-count code(s) 010410, 010420, converted at FAO's average carcass weight per animal (reported in 'u', not kg)"
71,REDMEAT,Goat & Lamb,2021,Import,1084.35,5.89e-07,11,"tonnage includes live-animal head-count code(s) 010410, 010420, converted at FAO's average carcass weight per animal (reported in 'u', not kg)"
71,REDMEAT,Goat & Lamb,2022,Export,30353943.76,0.003673678,11,"tonnage includes live-animal head-count code(s) 010410, 010420, converted at FAO's average carcass weight per animal (reported in 'u', not kg)"
71,REDMEAT,Goat & Lamb,2022,Import,0.0,0.0,11,"tonnage includes live-animal head-count code(s) 010410, 010420, converted at FAO's average carcass weight per animal (reported in 'u', not kg)"
71,REDMEAT,Goat & Lamb,2023,Export,75026788.59,0.009463081,11,"tonnage includes live-animal head-count code(s) 010410, 010420, converted at FAO's average carcass weight per animal (reported in 'u', not kg)"
71,REDMEAT,Goat & Lamb,2023,Import,158596.89,4.9404e-05,11,"tonnage includes live-animal head-count code(s) 010410, 010420, converted at FAO's average carcass weight per animal (reported in 'u', not kg)"
71,REDMEAT,Goat & Lamb,2024,Export,87056276.82,0.010534212,11,"tonnage includes live-animal head-count code(s) 010410, 010420, converted at FAO's average carcass weight per animal (reported in 'u', not kg)"
71,REDMEAT,Goat & Lamb,2024,Import,0.0,0.0,11,"tonnage includes live-animal head-count code(s) 010410, 010420, converted at FAO's average carcass weight per animal (reported in 'u', not kg)"
71,REDMEAT,Goat & Lamb,2025,Export,79304349.18,0.009357914,11,"tonnage includes live-animal head-count code(s) 010410, 010420, converted at FAO's average carcass weight per animal (reported in 'u', not kg)"
71,REDMEAT,Goat & Lamb,2025,Import,2942495.77,0.0001395,11,"tonnage includes live-animal head-count code(s) 010410, 010420, converted at FAO's average carcass weight per animal (reported in 'u', not kg)"
33,PULSES,Gram / Chickpea,2000,Export,857382.94,0.001732024,1,
33,PULSES,Gram / Chickpea,2000,Import,40360733.0,0.130452417,1,
33,PULSES,Gram / Chickpea,2001,Export,686120.0,0.00196888,1,
33,PULSES,Gram / Chickpea,2001,Import,37441709.23,0.107755304,1,
33,PULSES,Gram / Chickpea,2002,Export,74404.25,0.000135967,1,
33,PULSES,Gram / Chickpea,2002,Import,62602391.09,0.180306154,1,
33,PULSES,Gram / Chickpea,2003,Export,7453028.0,0.024672421,1,
33,PULSES,Gram / Chickpea,2003,Import,22770662.0,0.065633479,1,
33,PULSES,Gram / Chickpea,2004,Export,5225825.0,0.01753506,1,
33,PULSES,Gram / Chickpea,2004,Import,23776285.0,0.069316535,1,
33,PULSES,Gram / Chickpea,2005,Export,33416123.0,0.092822503,1,
33,PULSES,Gram / Chickpea,2005,Import,43088071.0,0.11229268,1,
33,PULSES,Gram / Chickpea,2006,Export,1126545.0,0.001988694,1,
33,PULSES,Gram / Chickpea,2006,Import,68159306.0,0.111521404,1,
33,PULSES,Gram / Chickpea,2007,Export,980676.0,0.002297414,1,
33,PULSES,Gram / Chickpea,2007,Import,92689176.0,0.141929827,1,
33,PULSES,Gram / Chickpea,2008,Export,1164817.0,0.001089714,1,
33,PULSES,Gram / Chickpea,2008,Import,46806746.0,0.067986225,1,
33,PULSES,Gram / Chickpea,2009,Export,7909.0,3.35e-07,1,
33,PULSES,Gram / Chickpea,2009,Import,106645785.0,0.198910055,1,
33,PULSES,Gram / Chickpea,2010,Export,141.0,3.17e-07,1,
33,PULSES,Gram / Chickpea,2010,Import,148198188.0,0.225755787,1,
33,PULSES,Gram / Chickpea,2011,Export,167323.0,0.000166091,1,
33,PULSES,Gram / Chickpea,2011,Import,184321891.0,0.27965028,1,
33,PULSES,Gram / Chickpea,2012,Export,5964.0,4.441e-06,1,
33,PULSES,Gram / Chickpea,2012,Import,166719183.0,0.215017341,1,
33,PULSES,Gram / Chickpea,2013,Export,659.0,6.65e-07,1,
33,PULSES,Gram / Chickpea,2013,Import,39600012.0,0.060987986,1,
33,PULSES,Gram / Chickpea,2014,Export,58.0,5.6e-08,1,
33,PULSES,Gram / Chickpea,2014,Import,36603127.0,0.060087912,1,
33,PULSES,Gram / Chickpea,2015,Export,0.0,0.0,1,
33,PULSES,Gram / Chickpea,2015,Import,34609057.0,0.054241896,1,
33,PULSES,Gram / Chickpea,2016,Export,1956.0,2e-06,1,
33,PULSES,Gram / Chickpea,2016,Import,116072725.0,0.12984363,1,
33,PULSES,Gram / Chickpea,2017,Export,0.0,0.0,1,
33,PULSES,Gram / Chickpea,2017,Import,448285761.61,0.495992205,1,
33,PULSES,Gram / Chickpea,2018,Export,0.0,0.0,1,
33,PULSES,Gram / Chickpea,2018,Import,334452787.3,0.500367393,1,
33,PULSES,Gram / Chickpea,2019,Export,0.0,0.0,1,
33,PULSES,Gram / Chickpea,2019,Import,213000122.74,0.410083812,1,
33,PULSES,Gram / Chickpea,2020,Export,251.44,2.93e-07,1,
33,PULSES,Gram / Chickpea,2020,Import,100939489.03,0.212992027,1,
33,PULSES,Gram / Chickpea,2021,Export,58993.09,6.2691e-05,1,
33,PULSES,Gram / Chickpea,2021,Import,42463322.97,0.068039617,1,
33,PULSES,Gram / Chickpea,2022,Export,73154.15,7.5841e-05,1,
33,PULSES,Gram / Chickpea,2022,Import,284012421.15,0.37954665,1,
33,PULSES,Gram / Chickpea,2023,Export,91092.36,9.7397e-05,1,
33,PULSES,Gram / Chickpea,2023,Import,488683482.01,0.751093026,1,
33,PULSES,Gram / Chickpea,2024,Export,155811.17,0.00017307,1,
33,PULSES,Gram / Chickpea,2024,Import,297468004.45,0.408968452,1,
33,PULSES,Gram / Chickpea,2025,Export,0.0,0.0,1,
33,PULSES,Gram / Chickpea,2025,Import,512290577.1,0.742862668,1,
47,FRUVEG,Grape,2000,Export,2446380.38,0.005973635,2,
47,FRUVEG,Grape,2000,Import,2550555.0,0.017136895,2,
47,FRUVEG,Grape,2001,Export,2624513.08,0.006528039,2,
47,FRUVEG,Grape,2001,Import,3770719.0,0.023963124,2,
47,FRUVEG,Grape,2002,Export,2599861.82,0.007148586,2,
47,FRUVEG,Grape,2002,Import,3020298.0,0.015862804,2,
47,FRUVEG,Grape,2003,Export,1182993.0,0.003136682,2,
47,FRUVEG,Grape,2003,Import,5504146.0,0.005447698,2,
47,FRUVEG,Grape,2004,Export,551242.0,0.001474198,2,
47,FRUVEG,Grape,2004,Import,6466157.0,0.068390721,2,
47,FRUVEG,Grape,2005,Export,451435.0,0.000842835,2,
47,FRUVEG,Grape,2005,Import,4816140.0,0.049895811,2,
47,FRUVEG,Grape,2006,Export,383853.0,0.000776654,2,
47,FRUVEG,Grape,2006,Import,9564999.0,0.064431014,2,
47,FRUVEG,Grape,2007,Export,647363.0,0.00111528,2,
47,FRUVEG,Grape,2007,Import,12237372.0,0.010227412,2,
47,FRUVEG,Grape,2008,Export,394263.0,0.000613731,2,
47,FRUVEG,Grape,2008,Import,10252188.0,0.006200686,2,
47,FRUVEG,Grape,2009,Export,519103.0,0.000750983,2,
47,FRUVEG,Grape,2009,Import,11877635.0,0.066201955,2,
47,FRUVEG,Grape,2010,Export,298966.0,0.000414904,2,
47,FRUVEG,Grape,2010,Import,5580007.0,0.025144166,2,
47,FRUVEG,Grape,2011,Export,220765.0,0.000305667,2,
47,FRUVEG,Grape,2011,Import,12615499.0,0.050507094,2,
47,FRUVEG,Grape,2012,Export,148712.0,0.000164833,2,
47,FRUVEG,Grape,2012,Import,16462524.0,0.046455329,2,
47,FRUVEG,Grape,2013,Export,112666.0,0.000114017,2,
47,FRUVEG,Grape,2013,Import,17119935.0,0.028422482,2,
47,FRUVEG,Grape,2014,Export,1765193.0,0.003735645,2,
47,FRUVEG,Grape,2014,Import,50246649.0,0.050326692,2,
47,FRUVEG,Grape,2015,Export,821937.0,0.002039135,2,
47,FRUVEG,Grape,2015,Import,89046648.0,0.124390751,2,
47,FRUVEG,Grape,2016,Export,42401.0,4.3362e-05,2,
47,FRUVEG,Grape,2016,Import,77019421.0,0.067541841,2,
47,FRUVEG,Grape,2017,Export,156424.2,0.000241866,2,
47,FRUVEG,Grape,2017,Import,64024747.74,0.110737315,2,
47,FRUVEG,Grape,2018,Export,27419.43,2.7861e-05,2,
47,FRUVEG,Grape,2018,Import,107158675.61,0.183197412,2,
47,FRUVEG,Grape,2019,Export,23697.35,5.001e-05,2,
47,FRUVEG,Grape,2019,Import,84605465.5,0.10391923,2,
47,FRUVEG,Grape,2020,Export,71884.25,0.000108381,2,
47,FRUVEG,Grape,2020,Import,65205963.66,0.098331891,2,
47,FRUVEG,Grape,2021,Export,52774.35,4.7425e-05,2,
47,FRUVEG,Grape,2021,Import,71050591.99,0.218297465,2,
47,FRUVEG,Grape,2022,Export,31253.49,4.3558e-05,2,
47,FRUVEG,Grape,2022,Import,61393260.99,0.147413896,2,
47,FRUVEG,Grape,2023,Export,32750.91,7.1697e-05,2,
47,FRUVEG,Grape,2023,Import,63774453.91,0.197558776,2,
47,FRUVEG,Grape,2024,Export,38464.17,3.6957e-05,2,
47,FRUVEG,Grape,2024,Import,57635333.92,0.202680869,2,
47,FRUVEG,Grape,2025,Export,210821.95,0.000376633,2,
47,FRUVEG,Grape,2025,Import,69790775.78,0.22111556,2,
48,FRUVEG,Grapefruit,2000,Export,2755.0,7.993e-06,1,
48,FRUVEG,Grapefruit,2000,Import,,,0,
48,FRUVEG,Grapefruit,2001,Export,516.0,7.8e-08,1,
48,FRUVEG,Grapefruit,2001,Import,,,0,
48,FRUVEG,Grapefruit,2002,Export,1943.0,4.541e-06,1,
48,FRUVEG,Grapefruit,2002,Import,,,0,
48,FRUVEG,Grapefruit,2003,Export,45040.0,0.0001998,1,
48,FRUVEG,Grapefruit,2003,Import,0.0,0.0,1,
48,FRUVEG,Grapefruit,2004,Export,0.0,0.0,1,
48,FRUVEG,Grapefruit,2004,Import,0.0,0.0,1,
48,FRUVEG,Grapefruit,2005,Export,0.0,0.0,1,
48,FRUVEG,Grapefruit,2005,Import,0.0,0.0,1,
48,FRUVEG,Grapefruit,2006,Export,31509.0,0.000109367,1,
48,FRUVEG,Grapefruit,2006,Import,0.0,0.0,1,
48,FRUVEG,Grapefruit,2007,Export,0.0,0.0,1,
48,FRUVEG,Grapefruit,2007,Import,749.0,1.005e-06,1,
48,FRUVEG,Grapefruit,2008,Export,594.0,1.75e-06,1,
48,FRUVEG,Grapefruit,2008,Import,0.0,0.0,1,
48,FRUVEG,Grapefruit,2009,Export,15398.0,2.715e-05,1,
48,FRUVEG,Grapefruit,2009,Import,1799.0,2.75e-06,1,
48,FRUVEG,Grapefruit,2010,Export,0.0,0.0,1,
48,FRUVEG,Grapefruit,2010,Import,6387.0,2.555e-05,1,
48,FRUVEG,Grapefruit,2011,Export,2134.0,5.016e-06,1,
48,FRUVEG,Grapefruit,2011,Import,7211.0,6.068e-06,1,
48,FRUVEG,Grapefruit,2012,Export,25037.0,5.78e-05,1,
48,FRUVEG,Grapefruit,2012,Import,120.0,1.51e-07,1,
48,FRUVEG,Grapefruit,2013,Export,68.0,5e-08,1,
48,FRUVEG,Grapefruit,2013,Import,5731.0,4.753e-06,1,
48,FRUVEG,Grapefruit,2014,Export,15358.0,1.3e-05,1,
48,FRUVEG,Grapefruit,2014,Import,13938.0,2.2409e-05,1,
48,FRUVEG,Grapefruit,2015,Export,51.0,3.3e-08,1,
48,FRUVEG,Grapefruit,2015,Import,17628.0,2.63e-05,1,
48,FRUVEG,Grapefruit,2016,Export,0.0,0.0,1,
48,FRUVEG,Grapefruit,2016,Import,39296.0,7.7926e-05,1,
48,FRUVEG,Grapefruit,2017,Export,0.0,0.0,1,
48,FRUVEG,Grapefruit,2017,Import,2796.11,1.921e-06,1,
48,FRUVEG,Grapefruit,2018,Export,0.0,0.0,1,
48,FRUVEG,Grapefruit,2018,Import,0.0,0.0,1,
48,FRUVEG,Grapefruit,2019,Export,5831.39,1e-05,1,
48,FRUVEG,Grapefruit,2019,Import,0.0,0.0,1,
48,FRUVEG,Grapefruit,2020,Export,0.0,0.0,1,
48,FRUVEG,Grapefruit,2020,Import,0.0,0.0,1,
48,FRUVEG,Grapefruit,2021,Export,0.0,0.0,1,
48,FRUVEG,Grapefruit,2021,Import,3551.25,2.4e-05,1,
48,FRUVEG,Grapefruit,2022,Export,0.0,0.0,1,
48,FRUVEG,Grapefruit,2022,Import,0.0,0.0,1,
48,FRUVEG,Grapefruit,2023,Export,0.0,0.0,1,
48,FRUVEG,Grapefruit,2023,Import,0.0,0.0,1,
48,FRUVEG,Grapefruit,2024,Export,0.0,0.0,1,
48,FRUVEG,Grapefruit,2024,Import,0.0,0.0,1,
48,FRUVEG,Grapefruit,2025,Export,2687.19,5.198e-06,1,
48,FRUVEG,Grapefruit,2025,Import,0.0,0.0,1,
26b,OLSOIL,Groundnut,2000,Export,107638.0,0.000283455,2,
26b,OLSOIL,Groundnut,2000,Import,209298.0,0.000578575,2,
26b,OLSOIL,Groundnut,2001,Export,24022.0,3.1286e-05,2,
26b,OLSOIL,Groundnut,2001,Import,189370.0,0.000537325,2,
26b,OLSOIL,Groundnut,2002,Export,13134.0,1.522e-05,2,
26b,OLSOIL,Groundnut,2002,Import,365332.0,0.001053498,2,
26b,OLSOIL,Groundnut,2003,Export,146731.0,0.000257542,4,
26b,OLSOIL,Groundnut,2003,Import,1149550.0,0.003198117,4,
26b,OLSOIL,Groundnut,2004,Export,327590.0,0.000791313,4,
26b,OLSOIL,Groundnut,2004,Import,734528.0,0.002327475,4,
26b,OLSOIL,Groundnut,2005,Export,676988.0,0.001542421,4,
26b,OLSOIL,Groundnut,2005,Import,3259125.0,0.008225031,4,
26b,OLSOIL,Groundnut,2006,Export,913213.0,0.002230411,4,
26b,OLSOIL,Groundnut,2006,Import,3397717.0,0.008434317,4,
26b,OLSOIL,Groundnut,2007,Export,106613.0,0.000337443,4,
26b,OLSOIL,Groundnut,2007,Import,4971565.0,0.012961475,4,
26b,OLSOIL,Groundnut,2008,Export,706260.0,0.00150143,4,
26b,OLSOIL,Groundnut,2008,Import,3295400.0,0.008507543,4,
26b,OLSOIL,Groundnut,2009,Export,161344.0,0.000214376,4,
26b,OLSOIL,Groundnut,2009,Import,7051197.0,0.020922879,4,
26b,OLSOIL,Groundnut,2010,Export,177225.0,0.000208133,4,
26b,OLSOIL,Groundnut,2010,Import,9082604.0,0.031676052,4,
26b,OLSOIL,Groundnut,2011,Export,1111367.0,0.001896458,4,
26b,OLSOIL,Groundnut,2011,Import,7105072.0,0.023003143,4,
26b,OLSOIL,Groundnut,2012,Export,491996.0,0.00095986,4,
26b,OLSOIL,Groundnut,2012,Import,4310352.0,0.00790587,4,
26b,OLSOIL,Groundnut,2013,Export,364134.0,0.000486622,4,
26b,OLSOIL,Groundnut,2013,Import,6709658.0,0.015982324,4,
26b,OLSOIL,Groundnut,2014,Export,277451.0,0.000394788,4,
26b,OLSOIL,Groundnut,2014,Import,13600112.0,0.034249322,4,
26b,OLSOIL,Groundnut,2015,Export,91516.0,0.000137836,4,
26b,OLSOIL,Groundnut,2015,Import,18017414.0,0.054817074,4,
26b,OLSOIL,Groundnut,2016,Export,312261.0,0.000350397,4,
26b,OLSOIL,Groundnut,2016,Import,20325523.0,0.052341214,4,
26b,OLSOIL,Groundnut,2017,Export,231120.15,0.000311,4,
26b,OLSOIL,Groundnut,2017,Import,34751308.27,0.062273164,4,
26b,OLSOIL,Groundnut,2018,Export,0.0,0.0,4,
26b,OLSOIL,Groundnut,2018,Import,7978263.76,0.010571448,4,
26b,OLSOIL,Groundnut,2019,Export,259.24,1.1e-07,4,
26b,OLSOIL,Groundnut,2019,Import,4186446.82,0.004332712,4,
26b,OLSOIL,Groundnut,2020,Export,27007.45,7.0638e-05,4,
26b,OLSOIL,Groundnut,2020,Import,8373808.45,0.00930073,4,
26b,OLSOIL,Groundnut,2021,Export,259821.32,0.000810297,4,
26b,OLSOIL,Groundnut,2021,Import,6678592.66,0.006414392,4,
26b,OLSOIL,Groundnut,2022,Export,28190.6,3.5232e-05,4,
26b,OLSOIL,Groundnut,2022,Import,13561134.21,0.014765453,4,
26b,OLSOIL,Groundnut,2023,Export,34252.7,2.0059e-05,4,
26b,OLSOIL,Groundnut,2023,Import,19861382.87,0.019587213,4,
26b,OLSOIL,Groundnut,2024,Export,5535.08,2.841e-06,4,
26b,OLSOIL,Groundnut,2024,Import,20416905.29,0.022518526,4,
26b,OLSOIL,Groundnut,2025,Export,10482.74,5.245e-06,4,
26b,OLSOIL,Groundnut,2025,Import,25129553.78,0.029423561,4,
30,OLSCAKE,Groundnut cake,2000,Export,,,0,
30,OLSCAKE,Groundnut cake,2000,Import,,,0,
30,OLSCAKE,Groundnut cake,2001,Export,,,0,
30,OLSCAKE,Groundnut cake,2001,Import,,,0,
30,OLSCAKE,Groundnut cake,2002,Export,,,0,
30,OLSCAKE,Groundnut cake,2002,Import,,,0,
30,OLSCAKE,Groundnut cake,2003,Export,28144.0,0.000102,1,
30,OLSCAKE,Groundnut cake,2003,Import,0.0,0.0,1,
30,OLSCAKE,Groundnut cake,2004,Export,0.0,0.0,1,
30,OLSCAKE,Groundnut cake,2004,Import,0.0,0.0,1,
30,OLSCAKE,Groundnut cake,2005,Export,0.0,0.0,1,
30,OLSCAKE,Groundnut cake,2005,Import,0.0,0.0,1,
30,OLSCAKE,Groundnut cake,2006,Export,0.0,0.0,1,
30,OLSCAKE,Groundnut cake,2006,Import,0.0,0.0,1,
30,OLSCAKE,Groundnut cake,2007,Export,0.0,0.0,1,
30,OLSCAKE,Groundnut cake,2007,Import,0.0,0.0,1,
30,OLSCAKE,Groundnut cake,2008,Export,23859.0,0.000115664,1,
30,OLSCAKE,Groundnut cake,2008,Import,0.0,0.0,1,
30,OLSCAKE,Groundnut cake,2009,Export,441.0,7e-06,1,
30,OLSCAKE,Groundnut cake,2009,Import,0.0,0.0,1,
30,OLSCAKE,Groundnut cake,2010,Export,4254.0,1.6e-05,1,
30,OLSCAKE,Groundnut cake,2010,Import,661.0,1.4e-06,1,
30,OLSCAKE,Groundnut cake,2011,Export,806.0,4e-06,1,
30,OLSCAKE,Groundnut cake,2011,Import,0.0,0.0,1,
30,OLSCAKE,Groundnut cake,2012,Export,9176.0,8.3221e-05,1,
30,OLSCAKE,Groundnut cake,2012,Import,0.0,0.0,1,
30,OLSCAKE,Groundnut cake,2013,Export,582160.0,0.001640132,1,
30,OLSCAKE,Groundnut cake,2013,Import,0.0,0.0,1,
30,OLSCAKE,Groundnut cake,2014,Export,10940.0,5.4e-05,1,
30,OLSCAKE,Groundnut cake,2014,Import,0.0,0.0,1,
30,OLSCAKE,Groundnut cake,2015,Export,23230.0,0.00011665,1,
30,OLSCAKE,Groundnut cake,2015,Import,0.0,0.0,1,
30,OLSCAKE,Groundnut cake,2016,Export,13443.0,4.1858e-05,1,
30,OLSCAKE,Groundnut cake,2016,Import,0.0,0.0,1,
30,OLSCAKE,Groundnut cake,2017,Export,2846.23,1.5e-05,1,
30,OLSCAKE,Groundnut cake,2017,Import,0.0,0.0,1,
30,OLSCAKE,Groundnut cake,2018,Export,0.0,0.0,1,
30,OLSCAKE,Groundnut cake,2018,Import,0.0,0.0,1,
30,OLSCAKE,Groundnut cake,2019,Export,2828.98,1.7e-05,1,
30,OLSCAKE,Groundnut cake,2019,Import,0.0,0.0,1,
30,OLSCAKE,Groundnut cake,2020,Export,0.0,0.0,1,
30,OLSCAKE,Groundnut cake,2020,Import,0.0,0.0,1,
30,OLSCAKE,Groundnut cake,2021,Export,0.0,0.0,1,
30,OLSCAKE,Groundnut cake,2021,Import,0.0,0.0,1,
30,OLSCAKE,Groundnut cake,2022,Export,0.0,0.0,1,
30,OLSCAKE,Groundnut cake,2022,Import,0.0,0.0,1,
30,OLSCAKE,Groundnut cake,2023,Export,0.0,0.0,1,
30,OLSCAKE,Groundnut cake,2023,Import,0.0,0.0,1,
30,OLSCAKE,Groundnut cake,2024,Export,0.0,0.0,1,
30,OLSCAKE,Groundnut cake,2024,Import,0.0,0.0,1,
30,OLSCAKE,Groundnut cake,2025,Export,0.0,0.0,1,
30,OLSCAKE,Groundnut cake,2025,Import,0.0,0.0,1,
26,OLSOIL,Groundnut oil,2000,Export,11570.0,2.86e-06,1,
26,OLSOIL,Groundnut oil,2000,Import,,,0,
26,OLSOIL,Groundnut oil,2001,Export,5678.0,1.831e-06,1,
26,OLSOIL,Groundnut oil,2001,Import,86413.0,1.387e-05,2,
26,OLSOIL,Groundnut oil,2002,Export,1479.0,1.171e-06,1,
26,OLSOIL,Groundnut oil,2002,Import,78418.0,8.409e-06,1,
26,OLSOIL,Groundnut oil,2003,Export,0.0,0.0,2,
26,OLSOIL,Groundnut oil,2003,Import,3238.0,5.6e-06,2,
26,OLSOIL,Groundnut oil,2004,Export,0.0,0.0,2,
26,OLSOIL,Groundnut oil,2004,Import,0.0,0.0,2,
26,OLSOIL,Groundnut oil,2005,Export,0.0,0.0,2,
26,OLSOIL,Groundnut oil,2005,Import,47983.0,4.688e-05,2,
26,OLSOIL,Groundnut oil,2006,Export,0.0,0.0,2,
26,OLSOIL,Groundnut oil,2006,Import,33051.0,3.1649e-05,2,
26,OLSOIL,Groundnut oil,2007,Export,0.0,0.0,2,
26,OLSOIL,Groundnut oil,2007,Import,59987.0,4.8912e-05,2,
26,OLSOIL,Groundnut oil,2008,Export,3387.0,1.18e-06,2,
26,OLSOIL,Groundnut oil,2008,Import,57444.0,3.8982e-05,2,
26,OLSOIL,Groundnut oil,2009,Export,0.0,0.0,2,
26,OLSOIL,Groundnut oil,2009,Import,117391.0,5.9379e-05,2,
26,OLSOIL,Groundnut oil,2010,Export,8792.0,3.022e-06,2,
26,OLSOIL,Groundnut oil,2010,Import,87662.0,4.5534e-05,2,
26,OLSOIL,Groundnut oil,2011,Export,8016.0,7.1e-07,2,
26,OLSOIL,Groundnut oil,2011,Import,144584.0,4.5274e-05,2,
26,OLSOIL,Groundnut oil,2012,Export,28803.0,8.277e-06,2,
26,OLSOIL,Groundnut oil,2012,Import,102615.0,2.4346e-05,2,
26,OLSOIL,Groundnut oil,2013,Export,25610.0,8.392e-06,2,
26,OLSOIL,Groundnut oil,2013,Import,109215.0,3.1988e-05,2,
26,OLSOIL,Groundnut oil,2014,Export,32771.0,8.261e-06,2,
26,OLSOIL,Groundnut oil,2014,Import,63148.0,1.7048e-05,2,
26,OLSOIL,Groundnut oil,2015,Export,20263.0,7.016e-06,2,
26,OLSOIL,Groundnut oil,2015,Import,89214.0,2.1727e-05,2,
26,OLSOIL,Groundnut oil,2016,Export,20883.0,5.535e-06,2,
26,OLSOIL,Groundnut oil,2016,Import,85031.0,2.4799e-05,2,
26,OLSOIL,Groundnut oil,2017,Export,6443.5,1.45e-06,2,
26,OLSOIL,Groundnut oil,2017,Import,31490.3,9.786e-06,2,
26,OLSOIL,Groundnut oil,2018,Export,56558.22,3.368e-05,2,
26,OLSOIL,Groundnut oil,2018,Import,25305.48,7.195e-06,2,
26,OLSOIL,Groundnut oil,2019,Export,17983.39,3.821e-06,2,
26,OLSOIL,Groundnut oil,2019,Import,25542.21,5.133e-06,2,
26,OLSOIL,Groundnut oil,2020,Export,65039.14,1.9992e-05,2,
26,OLSOIL,Groundnut oil,2020,Import,19623.09,9.644e-06,2,
26,OLSOIL,Groundnut oil,2021,Export,20074.76,2.082e-06,2,
26,OLSOIL,Groundnut oil,2021,Import,33138.21,6.964e-06,2,
26,OLSOIL,Groundnut oil,2022,Export,0.0,0.0,2,
26,OLSOIL,Groundnut oil,2022,Import,17166.71,4.666e-06,2,
26,OLSOIL,Groundnut oil,2023,Export,0.0,0.0,2,
26,OLSOIL,Groundnut oil,2023,Import,28888.72,1.352e-06,2,
26,OLSOIL,Groundnut oil,2024,Export,25916.66,1.671e-06,2,
26,OLSOIL,Groundnut oil,2024,Import,6792.59,5.08e-07,2,
26,OLSOIL,Groundnut oil,2025,Export,23540.97,1.33e-06,2,
26,OLSOIL,Groundnut oil,2025,Import,27478.65,1.807e-06,2,
37,PULSES,Guar gum,2000,Export,26617337.82,0.0484168,1,"tonnage is raw gum weight, NOT seed-equivalent (factor 1.00, no sourced seed->gum extraction rate) — #37 understates seed drawdown"
37,PULSES,Guar gum,2000,Import,583722.32,0.00138789,1,"tonnage is raw gum weight, NOT seed-equivalent (factor 1.00, no sourced seed->gum extraction rate) — #37 understates seed drawdown"
37,PULSES,Guar gum,2001,Export,18782476.41,0.048967344,1,"tonnage is raw gum weight, NOT seed-equivalent (factor 1.00, no sourced seed->gum extraction rate) — #37 understates seed drawdown"
37,PULSES,Guar gum,2001,Import,372729.6,0.000777616,1,"tonnage is raw gum weight, NOT seed-equivalent (factor 1.00, no sourced seed->gum extraction rate) — #37 understates seed drawdown"
37,PULSES,Guar gum,2002,Export,14837128.86,0.043520963,1,"tonnage is raw gum weight, NOT seed-equivalent (factor 1.00, no sourced seed->gum extraction rate) — #37 understates seed drawdown"
37,PULSES,Guar gum,2002,Import,79358.86,5.3834e-05,1,"tonnage is raw gum weight, NOT seed-equivalent (factor 1.00, no sourced seed->gum extraction rate) — #37 understates seed drawdown"
37,PULSES,Guar gum,2003,Export,260483.0,0.0006075,1,"tonnage is raw gum weight, NOT seed-equivalent (factor 1.00, no sourced seed->gum extraction rate) — #37 understates seed drawdown"
37,PULSES,Guar gum,2003,Import,106719.0,3.9589e-05,1,"tonnage is raw gum weight, NOT seed-equivalent (factor 1.00, no sourced seed->gum extraction rate) — #37 understates seed drawdown"
37,PULSES,Guar gum,2004,Export,518589.0,0.001179424,1,"tonnage is raw gum weight, NOT seed-equivalent (factor 1.00, no sourced seed->gum extraction rate) — #37 understates seed drawdown"
37,PULSES,Guar gum,2004,Import,312225.0,0.000129251,1,"tonnage is raw gum weight, NOT seed-equivalent (factor 1.00, no sourced seed->gum extraction rate) — #37 understates seed drawdown"
37,PULSES,Guar gum,2005,Export,0.0,0.0,1,"tonnage is raw gum weight, NOT seed-equivalent (factor 1.00, no sourced seed->gum extraction rate) — #37 understates seed drawdown"
37,PULSES,Guar gum,2005,Import,197386.0,6.6713e-05,1,"tonnage is raw gum weight, NOT seed-equivalent (factor 1.00, no sourced seed->gum extraction rate) — #37 understates seed drawdown"
37,PULSES,Guar gum,2006,Export,18607654.0,0.053831202,1,"tonnage is raw gum weight, NOT seed-equivalent (factor 1.00, no sourced seed->gum extraction rate) — #37 understates seed drawdown"
37,PULSES,Guar gum,2006,Import,397689.0,0.000156913,1,"tonnage is raw gum weight, NOT seed-equivalent (factor 1.00, no sourced seed->gum extraction rate) — #37 understates seed drawdown"
37,PULSES,Guar gum,2007,Export,27383983.0,0.079121503,1,"tonnage is raw gum weight, NOT seed-equivalent (factor 1.00, no sourced seed->gum extraction rate) — #37 understates seed drawdown"
37,PULSES,Guar gum,2007,Import,347507.0,0.00011346,1,"tonnage is raw gum weight, NOT seed-equivalent (factor 1.00, no sourced seed->gum extraction rate) — #37 understates seed drawdown"
37,PULSES,Guar gum,2008,Export,38044265.0,0.111837149,1,"tonnage is raw gum weight, NOT seed-equivalent (factor 1.00, no sourced seed->gum extraction rate) — #37 understates seed drawdown"
37,PULSES,Guar gum,2008,Import,675162.0,0.000207518,1,"tonnage is raw gum weight, NOT seed-equivalent (factor 1.00, no sourced seed->gum extraction rate) — #37 understates seed drawdown"
37,PULSES,Guar gum,2009,Export,21675651.0,0.072386241,1,"tonnage is raw gum weight, NOT seed-equivalent (factor 1.00, no sourced seed->gum extraction rate) — #37 understates seed drawdown"
37,PULSES,Guar gum,2009,Import,1524628.0,0.000543906,1,"tonnage is raw gum weight, NOT seed-equivalent (factor 1.00, no sourced seed->gum extraction rate) — #37 understates seed drawdown"
37,PULSES,Guar gum,2010,Export,29731628.0,0.076425321,1,"tonnage is raw gum weight, NOT seed-equivalent (factor 1.00, no sourced seed->gum extraction rate) — #37 understates seed drawdown"
37,PULSES,Guar gum,2010,Import,3290760.0,0.000979776,1,"tonnage is raw gum weight, NOT seed-equivalent (factor 1.00, no sourced seed->gum extraction rate) — #37 understates seed drawdown"
37,PULSES,Guar gum,2011,Export,75373749.0,0.1090135,1,"tonnage is raw gum weight, NOT seed-equivalent (factor 1.00, no sourced seed->gum extraction rate) — #37 understates seed drawdown"
37,PULSES,Guar gum,2011,Import,2591615.0,0.000797554,1,"tonnage is raw gum weight, NOT seed-equivalent (factor 1.00, no sourced seed->gum extraction rate) — #37 understates seed drawdown"
37,PULSES,Guar gum,2012,Export,185759184.0,0.112325938,1,"tonnage is raw gum weight, NOT seed-equivalent (factor 1.00, no sourced seed->gum extraction rate) — #37 understates seed drawdown"
37,PULSES,Guar gum,2012,Import,3984965.0,0.001938883,1,"tonnage is raw gum weight, NOT seed-equivalent (factor 1.00, no sourced seed->gum extraction rate) — #37 understates seed drawdown"
37,PULSES,Guar gum,2013,Export,119232742.0,0.088605056,1,"tonnage is raw gum weight, NOT seed-equivalent (factor 1.00, no sourced seed->gum extraction rate) — #37 understates seed drawdown"
37,PULSES,Guar gum,2013,Import,1265858.0,0.000481827,1,"tonnage is raw gum weight, NOT seed-equivalent (factor 1.00, no sourced seed->gum extraction rate) — #37 understates seed drawdown"
37,PULSES,Guar gum,2014,Export,72011013.0,0.110143392,1,"tonnage is raw gum weight, NOT seed-equivalent (factor 1.00, no sourced seed->gum extraction rate) — #37 understates seed drawdown"
37,PULSES,Guar gum,2014,Import,1071395.0,0.00059685,1,"tonnage is raw gum weight, NOT seed-equivalent (factor 1.00, no sourced seed->gum extraction rate) — #37 understates seed drawdown"
37,PULSES,Guar gum,2015,Export,39288890.0,0.071190339,1,"tonnage is raw gum weight, NOT seed-equivalent (factor 1.00, no sourced seed->gum extraction rate) — #37 understates seed drawdown"
37,PULSES,Guar gum,2015,Import,1452698.0,0.000836156,1,"tonnage is raw gum weight, NOT seed-equivalent (factor 1.00, no sourced seed->gum extraction rate) — #37 understates seed drawdown"
37,PULSES,Guar gum,2016,Export,23090084.0,0.064693986,1,"tonnage is raw gum weight, NOT seed-equivalent (factor 1.00, no sourced seed->gum extraction rate) — #37 understates seed drawdown"
37,PULSES,Guar gum,2016,Import,1842494.0,0.001129216,1,"tonnage is raw gum weight, NOT seed-equivalent (factor 1.00, no sourced seed->gum extraction rate) — #37 understates seed drawdown"
37,PULSES,Guar gum,2017,Export,36896301.08,0.097157072,1,"tonnage is raw gum weight, NOT seed-equivalent (factor 1.00, no sourced seed->gum extraction rate) — #37 understates seed drawdown"
37,PULSES,Guar gum,2017,Import,2995389.48,0.001095727,1,"tonnage is raw gum weight, NOT seed-equivalent (factor 1.00, no sourced seed->gum extraction rate) — #37 understates seed drawdown"
37,PULSES,Guar gum,2018,Export,39615354.59,0.085930796,1,"tonnage is raw gum weight, NOT seed-equivalent (factor 1.00, no sourced seed->gum extraction rate) — #37 understates seed drawdown"
37,PULSES,Guar gum,2018,Import,3587425.73,0.001293415,1,"tonnage is raw gum weight, NOT seed-equivalent (factor 1.00, no sourced seed->gum extraction rate) — #37 understates seed drawdown"
37,PULSES,Guar gum,2019,Export,37700703.27,0.092954809,1,"tonnage is raw gum weight, NOT seed-equivalent (factor 1.00, no sourced seed->gum extraction rate) — #37 understates seed drawdown"
37,PULSES,Guar gum,2019,Import,3175304.27,0.001520619,1,"tonnage is raw gum weight, NOT seed-equivalent (factor 1.00, no sourced seed->gum extraction rate) — #37 understates seed drawdown"
37,PULSES,Guar gum,2020,Export,38312818.33,0.116801423,1,"tonnage is raw gum weight, NOT seed-equivalent (factor 1.00, no sourced seed->gum extraction rate) — #37 understates seed drawdown"
37,PULSES,Guar gum,2020,Import,1719331.69,0.000595687,1,"tonnage is raw gum weight, NOT seed-equivalent (factor 1.00, no sourced seed->gum extraction rate) — #37 understates seed drawdown"
37,PULSES,Guar gum,2021,Export,39151595.48,0.102805267,1,"tonnage is raw gum weight, NOT seed-equivalent (factor 1.00, no sourced seed->gum extraction rate) — #37 understates seed drawdown"
37,PULSES,Guar gum,2021,Import,3511444.19,0.001223346,1,"tonnage is raw gum weight, NOT seed-equivalent (factor 1.00, no sourced seed->gum extraction rate) — #37 understates seed drawdown"
37,PULSES,Guar gum,2022,Export,51516415.84,0.09978485,1,"tonnage is raw gum weight, NOT seed-equivalent (factor 1.00, no sourced seed->gum extraction rate) — #37 understates seed drawdown"
37,PULSES,Guar gum,2022,Import,3291803.82,0.001368674,1,"tonnage is raw gum weight, NOT seed-equivalent (factor 1.00, no sourced seed->gum extraction rate) — #37 understates seed drawdown"
37,PULSES,Guar gum,2023,Export,53611468.54,0.11830169,1,"tonnage is raw gum weight, NOT seed-equivalent (factor 1.00, no sourced seed->gum extraction rate) — #37 understates seed drawdown"
37,PULSES,Guar gum,2023,Import,2788597.93,0.00197882,1,"tonnage is raw gum weight, NOT seed-equivalent (factor 1.00, no sourced seed->gum extraction rate) — #37 understates seed drawdown"
37,PULSES,Guar gum,2024,Export,39978246.09,0.08249609,1,"tonnage is raw gum weight, NOT seed-equivalent (factor 1.00, no sourced seed->gum extraction rate) — #37 understates seed drawdown"
37,PULSES,Guar gum,2024,Import,1681174.16,0.001013824,1,"tonnage is raw gum weight, NOT seed-equivalent (factor 1.00, no sourced seed->gum extraction rate) — #37 understates seed drawdown"
37,PULSES,Guar gum,2025,Export,27620234.31,0.052847103,1,"tonnage is raw gum weight, NOT seed-equivalent (factor 1.00, no sourced seed->gum extraction rate) — #37 understates seed drawdown"
37,PULSES,Guar gum,2025,Import,2097611.59,0.001324341,1,"tonnage is raw gum weight, NOT seed-equivalent (factor 1.00, no sourced seed->gum extraction rate) — #37 understates seed drawdown"
37,PULSES,Guarseed,2000,Export,169513.0,0.000210601,1,
37,PULSES,Guarseed,2000,Import,186710.0,0.000227359,1,
37,PULSES,Guarseed,2001,Export,89728.0,3.4245e-05,1,
37,PULSES,Guarseed,2001,Import,18749.0,1.6261e-05,1,
37,PULSES,Guarseed,2002,Export,70066.0,2.6317e-05,1,
37,PULSES,Guarseed,2002,Import,44166.0,1.9959e-05,1,
37,PULSES,Guarseed,2003,Export,255388.0,0.000433795,1,
37,PULSES,Guarseed,2003,Import,117322.0,0.001530746,1,
37,PULSES,Guarseed,2004,Export,536075.0,0.001030029,1,
37,PULSES,Guarseed,2004,Import,127609.0,0.00151368,1,
37,PULSES,Guarseed,2005,Export,488680.0,0.000800212,1,
37,PULSES,Guarseed,2005,Import,8538.0,5.7496e-05,1,
37,PULSES,Guarseed,2006,Export,521620.0,0.000623294,1,
37,PULSES,Guarseed,2006,Import,27469.0,8.3223e-05,1,
37,PULSES,Guarseed,2007,Export,651398.0,0.001179399,1,
37,PULSES,Guarseed,2007,Import,142358.0,0.000175179,1,
37,PULSES,Guarseed,2008,Export,791618.0,0.000597453,1,
37,PULSES,Guarseed,2008,Import,409103.0,0.000331531,1,
37,PULSES,Guarseed,2009,Export,720921.0,0.000549613,1,
37,PULSES,Guarseed,2009,Import,505983.0,0.000769693,1,
37,PULSES,Guarseed,2010,Export,738215.0,0.000584567,1,
37,PULSES,Guarseed,2010,Import,12993.0,1.2408e-05,1,
37,PULSES,Guarseed,2011,Export,3783248.0,0.00417459,1,
37,PULSES,Guarseed,2011,Import,149169.0,9.7102e-05,1,
37,PULSES,Guarseed,2012,Export,1133947.0,0.001368999,1,
37,PULSES,Guarseed,2012,Import,174539.0,9.3112e-05,1,
37,PULSES,Guarseed,2013,Export,810381.0,0.000802156,1,
37,PULSES,Guarseed,2013,Import,282832.0,0.000175729,1,
37,PULSES,Guarseed,2014,Export,1046990.0,0.000588629,1,
37,PULSES,Guarseed,2014,Import,865839.0,0.000462747,1,
37,PULSES,Guarseed,2015,Export,1345644.0,0.00066148,1,
37,PULSES,Guarseed,2015,Import,686566.0,0.000276807,1,
37,PULSES,Guarseed,2016,Export,2622544.0,0.002044702,1,
37,PULSES,Guarseed,2016,Import,482322.0,0.000568671,1,
37,PULSES,Guarseed,2017,Export,543331.69,0.000438105,1,
37,PULSES,Guarseed,2017,Import,33123.66,2.6489e-05,1,
37,PULSES,Guarseed,2018,Export,690376.3,0.000613029,1,
37,PULSES,Guarseed,2018,Import,89.52,7.1e-08,1,
37,PULSES,Guarseed,2019,Export,639577.28,0.000621641,1,
37,PULSES,Guarseed,2019,Import,15.43,5.4e-08,1,
37,PULSES,Guarseed,2020,Export,523232.58,0.00040425,1,
37,PULSES,Guarseed,2020,Import,32009.45,3.2212e-05,1,
37,PULSES,Guarseed,2021,Export,637730.46,0.000583964,1,
37,PULSES,Guarseed,2021,Import,18621.96,2.35e-05,1,
37,PULSES,Guarseed,2022,Export,866723.38,0.000435133,1,
37,PULSES,Guarseed,2022,Import,11720.41,2.3576e-05,1,
37,PULSES,Guarseed,2023,Export,564304.8,0.000341869,1,
37,PULSES,Guarseed,2023,Import,21163.9,3.5635e-05,1,
37,PULSES,Guarseed,2024,Export,612438.46,0.00042267,1,
37,PULSES,Guarseed,2024,Import,27749.21,5.7785e-05,1,
37,PULSES,Guarseed,2025,Export,1061534.45,0.001491232,1,
37,PULSES,Guarseed,2025,Import,111268.43,0.00026299,1,
14,FIBERINDUS,Jute,2000,Export,204341.64,0.000325995,2,
14,FIBERINDUS,Jute,2000,Import,25373751.0,0.115393,1,
14,FIBERINDUS,Jute,2001,Export,44340.0,3.6101e-05,2,
14,FIBERINDUS,Jute,2001,Import,17057437.0,0.064630456,2,
14,FIBERINDUS,Jute,2002,Export,3942.0,2.812e-06,1,
14,FIBERINDUS,Jute,2002,Import,23280279.0,0.088725473,2,
14,FIBERINDUS,Jute,2003,Export,770605.0,0.002273212,2,
14,FIBERINDUS,Jute,2003,Import,28644393.0,0.122531,2,
14,FIBERINDUS,Jute,2004,Export,1343665.0,0.003058,2,
14,FIBERINDUS,Jute,2004,Import,30532997.0,0.129449,2,
14,FIBERINDUS,Jute,2005,Export,1630197.0,0.003602,2,
14,FIBERINDUS,Jute,2005,Import,38804723.0,0.123674,2,
14,FIBERINDUS,Jute,2006,Export,1213756.0,0.002807,2,
14,FIBERINDUS,Jute,2006,Import,46155130.0,0.115809795,2,
14,FIBERINDUS,Jute,2007,Export,888378.0,0.001645,2,
14,FIBERINDUS,Jute,2007,Import,46344134.0,0.12318,2,
14,FIBERINDUS,Jute,2008,Export,58601.0,0.000113,2,
14,FIBERINDUS,Jute,2008,Import,59037712.0,0.143643,2,
14,FIBERINDUS,Jute,2009,Export,9588.0,6e-06,2,
14,FIBERINDUS,Jute,2009,Import,53813498.0,0.113696,2,
14,FIBERINDUS,Jute,2010,Export,39032.0,0.015894,2,
14,FIBERINDUS,Jute,2010,Import,67808248.0,0.089297943,2,
14,FIBERINDUS,Jute,2011,Export,118969.0,0.009888,2,
14,FIBERINDUS,Jute,2011,Import,69551494.0,0.096605687,2,
14,FIBERINDUS,Jute,2012,Export,135641.0,0.000145,2,
14,FIBERINDUS,Jute,2012,Import,47349089.0,0.093906029,2,
14,FIBERINDUS,Jute,2013,Export,20035.0,5.2e-05,2,
14,FIBERINDUS,Jute,2013,Import,43545869.0,0.084858,2,
14,FIBERINDUS,Jute,2014,Export,12413.0,1.4e-05,2,
14,FIBERINDUS,Jute,2014,Import,39807456.0,0.073595,2,
14,FIBERINDUS,Jute,2015,Export,0.0,0.0,2,
14,FIBERINDUS,Jute,2015,Import,40763121.0,0.06662,2,
14,FIBERINDUS,Jute,2016,Export,17673.0,6.8e-05,2,
14,FIBERINDUS,Jute,2016,Import,33688422.0,0.047104,2,
14,FIBERINDUS,Jute,2017,Export,12086.42,0.000258,2,
14,FIBERINDUS,Jute,2017,Import,49061675.2,0.078314,2,
14,FIBERINDUS,Jute,2018,Export,0.0,0.0,2,
14,FIBERINDUS,Jute,2018,Import,48413681.34,0.090650431,2,
14,FIBERINDUS,Jute,2019,Export,318.11,0.0002,2,
14,FIBERINDUS,Jute,2019,Import,23664514.51,0.044361,2,
14,FIBERINDUS,Jute,2020,Export,1449.65,2.2e-05,2,
14,FIBERINDUS,Jute,2020,Import,46910085.23,0.067307224,2,
14,FIBERINDUS,Jute,2021,Export,3231.44,3e-06,1,
14,FIBERINDUS,Jute,2021,Import,63019220.95,0.062248,2,
14,FIBERINDUS,Jute,2022,Export,4779.85,6e-06,2,
14,FIBERINDUS,Jute,2022,Import,57061019.08,0.058324,2,
14,FIBERINDUS,Jute,2023,Export,3815.09,0.00047,2,
14,FIBERINDUS,Jute,2023,Import,40107825.22,0.052362,2,
14,FIBERINDUS,Jute,2024,Export,6895.03,7e-06,2,
14,FIBERINDUS,Jute,2024,Import,22343748.0,0.031169,2,
14,FIBERINDUS,Jute,2025,Export,227.39,2e-06,2,
14,FIBERINDUS,Jute,2025,Import,10289947.43,0.012637,2,
49,FRUVEG,Lemon,2000,Export,,,0,
49,FRUVEG,Lemon,2000,Import,,,0,
49,FRUVEG,Lemon,2001,Export,,,0,
49,FRUVEG,Lemon,2001,Import,,,0,
49,FRUVEG,Lemon,2002,Export,4325.5,2.3009e-05,1,
49,FRUVEG,Lemon,2002,Import,26638.0,7.7656e-05,1,
49,FRUVEG,Lemon,2003,Export,0.0,0.0,1,
49,FRUVEG,Lemon,2003,Import,0.0,0.0,1,
49,FRUVEG,Lemon,2004,Export,0.0,0.0,1,
49,FRUVEG,Lemon,2004,Import,0.0,0.0,1,
49,FRUVEG,Lemon,2005,Export,11055.0,3.0263e-05,1,
49,FRUVEG,Lemon,2005,Import,0.0,0.0,1,
49,FRUVEG,Lemon,2006,Export,47667.0,0.00014001,1,
49,FRUVEG,Lemon,2006,Import,40.0,7.8e-08,1,
49,FRUVEG,Lemon,2007,Export,31965.0,7.8638e-05,1,
49,FRUVEG,Lemon,2007,Import,6211.0,1.4005e-05,1,
49,FRUVEG,Lemon,2008,Export,9547.0,2.0556e-05,1,
49,FRUVEG,Lemon,2008,Import,5949.0,1.3e-05,1,
49,FRUVEG,Lemon,2009,Export,1920.0,6.152e-06,1,
49,FRUVEG,Lemon,2009,Import,4601.0,7.798e-06,1,
49,FRUVEG,Lemon,2010,Export,0.0,0.0,1,
49,FRUVEG,Lemon,2010,Import,206.0,2.4e-07,1,
49,FRUVEG,Lemon,2011,Export,105456.0,0.000112312,1,
49,FRUVEG,Lemon,2011,Import,3140.0,5.261e-06,1,
49,FRUVEG,Lemon,2012,Export,248049.0,0.000238148,1,
49,FRUVEG,Lemon,2012,Import,2355.0,2.082e-06,1,
49,FRUVEG,Lemon,2013,Export,7191.0,5.959e-06,1,
49,FRUVEG,Lemon,2013,Import,9721.0,1.226e-05,1,
49,FRUVEG,Lemon,2014,Export,0.0,0.0,1,
49,FRUVEG,Lemon,2014,Import,5303.0,5.813e-06,1,
49,FRUVEG,Lemon,2015,Export,96.0,1.4e-07,1,
49,FRUVEG,Lemon,2015,Import,15443.0,3.0487e-05,1,
49,FRUVEG,Lemon,2016,Export,14188.0,3.415e-05,1,
49,FRUVEG,Lemon,2016,Import,20646.0,3.0088e-05,1,
49,FRUVEG,Lemon,2017,Export,310065.38,0.000331543,1,
49,FRUVEG,Lemon,2017,Import,1686.98,8.7e-07,1,
49,FRUVEG,Lemon,2018,Export,167323.85,0.000241015,1,
49,FRUVEG,Lemon,2018,Import,0.0,0.0,1,
49,FRUVEG,Lemon,2019,Export,194170.2,0.000302701,1,
49,FRUVEG,Lemon,2019,Import,10924.66,2.501e-05,1,
49,FRUVEG,Lemon,2020,Export,974310.8,0.001589097,1,
49,FRUVEG,Lemon,2020,Import,0.0,0.0,1,
49,FRUVEG,Lemon,2021,Export,666789.74,0.001127652,1,
49,FRUVEG,Lemon,2021,Import,0.0,0.0,1,
49,FRUVEG,Lemon,2022,Export,232922.2,0.000476332,1,
49,FRUVEG,Lemon,2022,Import,0.0,0.0,1,
49,FRUVEG,Lemon,2023,Export,482168.06,0.001355779,1,
49,FRUVEG,Lemon,2023,Import,5172.71,1.4609e-05,1,
49,FRUVEG,Lemon,2024,Export,2464918.35,0.008421338,1,
49,FRUVEG,Lemon,2024,Import,0.0,0.0,1,
49,FRUVEG,Lemon,2025,Export,1873680.42,0.005249904,1,
49,FRUVEG,Lemon,2025,Import,0.0,0.0,1,
35,PULSES,Lentil / Beans,2000,Export,253298.74,0.000662466,3,
35,PULSES,Lentil / Beans,2000,Import,3347944.0,0.008624556,3,
35,PULSES,Lentil / Beans,2001,Export,717283.11,0.001842504,3,
35,PULSES,Lentil / Beans,2001,Import,6124785.0,0.017490649,3,
35,PULSES,Lentil / Beans,2002,Export,1626072.3,0.004247805,3,
35,PULSES,Lentil / Beans,2002,Import,19309514.04,0.050243427,3,
35,PULSES,Lentil / Beans,2003,Export,25392264.0,0.066374044,3,
35,PULSES,Lentil / Beans,2003,Import,16856189.0,0.055762465,3,
35,PULSES,Lentil / Beans,2004,Export,11872860.0,0.033479224,3,
35,PULSES,Lentil / Beans,2004,Import,18688170.0,0.054927735,3,
35,PULSES,Lentil / Beans,2005,Export,16593410.0,0.039674729,3,
35,PULSES,Lentil / Beans,2005,Import,42119632.0,0.091121031,3,
35,PULSES,Lentil / Beans,2006,Export,3741366.0,0.005447172,3,
35,PULSES,Lentil / Beans,2006,Import,55500259.0,0.129844982,3,
35,PULSES,Lentil / Beans,2007,Export,1049775.0,0.001966196,3,
35,PULSES,Lentil / Beans,2007,Import,41268485.0,0.093746576,3,
35,PULSES,Lentil / Beans,2008,Export,1331733.0,0.001436838,3,
35,PULSES,Lentil / Beans,2008,Import,37087241.0,0.056521329,3,
35,PULSES,Lentil / Beans,2009,Export,5860.0,2.722e-06,3,
35,PULSES,Lentil / Beans,2009,Import,67628082.0,0.086336262,3,
35,PULSES,Lentil / Beans,2010,Export,0.0,0.0,3,
35,PULSES,Lentil / Beans,2010,Import,81589037.0,0.100376636,3,
35,PULSES,Lentil / Beans,2011,Export,766978.0,0.000843142,3,
35,PULSES,Lentil / Beans,2011,Import,82757341.0,0.118206195,3,
35,PULSES,Lentil / Beans,2012,Export,14413.0,4.24e-05,3,
35,PULSES,Lentil / Beans,2012,Import,52377019.0,0.08662883,3,
35,PULSES,Lentil / Beans,2013,Export,860.0,4.73e-07,3,
35,PULSES,Lentil / Beans,2013,Import,46839229.0,0.076494573,3,
35,PULSES,Lentil / Beans,2014,Export,0.0,0.0,3,
35,PULSES,Lentil / Beans,2014,Import,85412964.0,0.125773325,3,
35,PULSES,Lentil / Beans,2015,Export,0.0,0.0,3,
35,PULSES,Lentil / Beans,2015,Import,103400098.0,0.141809109,3,
35,PULSES,Lentil / Beans,2016,Export,527854.0,0.000606,3,
35,PULSES,Lentil / Beans,2016,Import,108064316.0,0.131534038,3,
35,PULSES,Lentil / Beans,2017,Export,0.0,0.0,3,
35,PULSES,Lentil / Beans,2017,Import,119887236.34,0.175998434,3,
35,PULSES,Lentil / Beans,2018,Export,775.29,9.1e-07,3,
35,PULSES,Lentil / Beans,2018,Import,56631220.2,0.094956917,3,
35,PULSES,Lentil / Beans,2019,Export,0.0,0.0,3,
35,PULSES,Lentil / Beans,2019,Import,65171413.28,0.143143939,3,
35,PULSES,Lentil / Beans,2020,Export,0.0,0.0,3,
35,PULSES,Lentil / Beans,2020,Import,143249301.98,0.251848503,3,
35,PULSES,Lentil / Beans,2021,Export,0.0,0.0,3,
35,PULSES,Lentil / Beans,2021,Import,124907925.91,0.193296444,3,
35,PULSES,Lentil / Beans,2022,Export,0.0,0.0,3,
35,PULSES,Lentil / Beans,2022,Import,154484697.48,0.174117647,3,
35,PULSES,Lentil / Beans,2023,Export,0.0,0.0,3,
35,PULSES,Lentil / Beans,2023,Import,112574964.02,0.159561473,3,
35,PULSES,Lentil / Beans,2024,Export,0.0,0.0,3,
35,PULSES,Lentil / Beans,2024,Import,165997913.48,0.234427643,3,
35,PULSES,Lentil / Beans,2025,Export,0.0,0.0,3,
35,PULSES,Lentil / Beans,2025,Import,119184848.52,0.179967512,3,
68,MILK,Milk,2000,Export,3014.0,4.812e-06,1,
68,MILK,Milk,2000,Import,7658424.44,0.052937574,4,
68,MILK,Milk,2001,Export,111119.0,0.000410415,4,
68,MILK,Milk,2001,Import,3015945.14,0.013005426,3,
68,MILK,Milk,2002,Export,298040.0,0.001136656,3,
68,MILK,Milk,2002,Import,9453291.04,0.049755648,4,
68,MILK,Milk,2003,Export,4000109.0,0.011077328,5,
68,MILK,Milk,2003,Import,7334612.0,0.056404509,5,
68,MILK,Milk,2004,Export,6163856.0,0.01185211,5,
68,MILK,Milk,2004,Import,5634455.0,0.033652843,5,
68,MILK,Milk,2005,Export,16468919.0,0.038564746,5,
68,MILK,Milk,2005,Import,16108440.0,0.080089129,5,
68,MILK,Milk,2006,Export,22969937.0,0.038441101,5,
68,MILK,Milk,2006,Import,22142948.0,0.10494232,5,
68,MILK,Milk,2007,Export,27337481.0,0.040896056,5,
68,MILK,Milk,2007,Import,42015376.0,0.140282795,5,
68,MILK,Milk,2008,Export,23151620.0,0.041638396,5,
68,MILK,Milk,2008,Import,26039534.0,0.074378169,5,
68,MILK,Milk,2009,Export,31237891.0,0.055479019,5,
68,MILK,Milk,2009,Import,41866931.0,0.136096924,5,
68,MILK,Milk,2010,Export,30663622.0,0.042395528,5,
68,MILK,Milk,2010,Import,64404224.0,0.20860673,5,
68,MILK,Milk,2011,Export,51633694.0,0.072714934,5,
68,MILK,Milk,2011,Import,96163550.0,0.294334385,5,
68,MILK,Milk,2012,Export,60838297.0,0.078064808,5,
68,MILK,Milk,2012,Import,100297097.0,0.333360392,5,
68,MILK,Milk,2013,Export,73298526.0,0.092135456,5,
68,MILK,Milk,2013,Import,68366961.0,0.203153653,5,
68,MILK,Milk,2014,Export,54781284.0,0.069557106,5,
68,MILK,Milk,2014,Import,114787417.0,0.320557304,5,
68,MILK,Milk,2015,Export,44017521.0,0.041650416,5,
68,MILK,Milk,2015,Import,174953127.0,0.457032389,5,
68,MILK,Milk,2016,Export,39604349.0,0.037019608,5,
68,MILK,Milk,2016,Import,153038153.0,0.44353579,5,
68,MILK,Milk,2017,Export,34014934.76,0.030160082,5,
68,MILK,Milk,2017,Import,132871058.37,0.470051119,5,
68,MILK,Milk,2018,Export,24737762.2,0.031349503,5,
68,MILK,Milk,2018,Import,111460111.18,0.398157917,5,
68,MILK,Milk,2019,Export,13524923.57,0.02013073,5,
68,MILK,Milk,2019,Import,86935783.96,0.417645846,5,
68,MILK,Milk,2020,Export,8707068.43,0.014649507,5,
68,MILK,Milk,2020,Import,54302631.69,0.207834524,5,
68,MILK,Milk,2021,Export,4975617.47,0.007945648,5,
68,MILK,Milk,2021,Import,52866535.87,0.195541064,5,
68,MILK,Milk,2022,Export,3862932.57,0.007881864,5,
68,MILK,Milk,2022,Import,48457272.56,0.193123907,5,
68,MILK,Milk,2023,Export,10872392.77,0.017732922,5,
68,MILK,Milk,2023,Import,34328073.22,0.109584047,5,
68,MILK,Milk,2024,Export,17004622.32,0.025530621,5,
68,MILK,Milk,2024,Import,34088783.36,0.118439615,5,
68,MILK,Milk,2025,Export,10164336.49,0.016092812,5,
68,MILK,Milk,2025,Import,35810282.35,0.12220157,5,
4,CEREALS,Millet,2000,Export,17009.0,4.0036e-05,1,
4,CEREALS,Millet,2000,Import,,,0,
4,CEREALS,Millet,2001,Export,,,0,
4,CEREALS,Millet,2001,Import,,,0,
4,CEREALS,Millet,2002,Export,891.0,2.45e-06,1,
4,CEREALS,Millet,2002,Import,,,0,
4,CEREALS,Millet,2003,Export,5642.0,2.2e-05,3,
4,CEREALS,Millet,2003,Import,2128.0,1.7e-05,3,
4,CEREALS,Millet,2004,Export,0.0,0.0,3,
4,CEREALS,Millet,2004,Import,2151.0,1e-05,3,
4,CEREALS,Millet,2005,Export,149.0,1e-06,3,
4,CEREALS,Millet,2005,Import,428584.0,0.002231,3,
4,CEREALS,Millet,2006,Export,9955.0,3.5e-05,3,
4,CEREALS,Millet,2006,Import,72172.0,0.000356,3,
4,CEREALS,Millet,2007,Export,13651.0,6e-05,3,
4,CEREALS,Millet,2007,Import,356052.0,0.001069678,3,
4,CEREALS,Millet,2008,Export,21759.0,8.6e-05,3,
4,CEREALS,Millet,2008,Import,1142626.0,0.006331,3,
4,CEREALS,Millet,2009,Export,176831.0,0.000861,3,
4,CEREALS,Millet,2009,Import,1438374.0,0.006027,3,
4,CEREALS,Millet,2010,Export,30852.0,0.000147,3,
4,CEREALS,Millet,2010,Import,1938452.0,0.007508,3,
4,CEREALS,Millet,2011,Export,40510.0,0.000149219,3,
4,CEREALS,Millet,2011,Import,8429414.0,0.033023,3,
4,CEREALS,Millet,2012,Export,4615.0,2.1e-05,3,
4,CEREALS,Millet,2012,Import,1211276.0,0.005282005,3,
4,CEREALS,Millet,2013,Export,93032.0,0.000209,3,
4,CEREALS,Millet,2013,Import,937894.0,0.004316,3,
4,CEREALS,Millet,2014,Export,14826.0,0.000164,3,
4,CEREALS,Millet,2014,Import,1855318.0,0.009481,3,
4,CEREALS,Millet,2015,Export,87985.0,0.000529,3,
4,CEREALS,Millet,2015,Import,7930460.0,0.042923,3,
4,CEREALS,Millet,2016,Export,143905.0,0.000739,3,
4,CEREALS,Millet,2016,Import,3716468.0,0.015685,3,
4,CEREALS,Millet,2017,Export,592956.84,0.001904,3,
4,CEREALS,Millet,2017,Import,5793417.49,0.018631,3,
4,CEREALS,Millet,2018,Export,353288.69,0.001351,3,
4,CEREALS,Millet,2018,Import,5355828.02,0.017831,3,
4,CEREALS,Millet,2019,Export,2284978.01,0.009106,3,
4,CEREALS,Millet,2019,Import,4603090.57,0.009492,3,
4,CEREALS,Millet,2020,Export,3017565.77,0.012377,3,
4,CEREALS,Millet,2020,Import,228053.28,0.001168131,3,
4,CEREALS,Millet,2021,Export,105054.13,0.001279,3,
4,CEREALS,Millet,2021,Import,370475.5,0.003907,3,
4,CEREALS,Millet,2022,Export,621133.99,0.003032,3,
4,CEREALS,Millet,2022,Import,381130.26,0.006874,3,
4,CEREALS,Millet,2023,Export,836106.67,0.003351,3,
4,CEREALS,Millet,2023,Import,494070.98,0.002274,3,
4,CEREALS,Millet,2024,Export,2333099.34,0.008497,3,
4,CEREALS,Millet,2024,Import,294099.41,0.001471,3,
4,CEREALS,Millet,2025,Export,168969.03,0.000862,3,
4,CEREALS,Millet,2025,Import,3916530.94,0.017477,3,
34,PULSES,Mung bean,2000,Export,138113.0,0.000421246,1,
34,PULSES,Mung bean,2000,Import,1248992.0,0.003392024,1,
34,PULSES,Mung bean,2001,Export,330169.0,0.000824666,1,
34,PULSES,Mung bean,2001,Import,1572987.0,0.004536102,1,
34,PULSES,Mung bean,2002,Export,373916.0,0.00106485,1,
34,PULSES,Mung bean,2002,Import,1201642.0,0.004532573,1,
34,PULSES,Mung bean,2003,Export,0.0,0.0,1,
34,PULSES,Mung bean,2003,Import,753071.0,0.00286384,1,
34,PULSES,Mung bean,2004,Export,0.0,0.0,1,
34,PULSES,Mung bean,2004,Import,208415.0,0.000781333,1,
34,PULSES,Mung bean,2005,Export,42322.0,0.0001,1,
34,PULSES,Mung bean,2005,Import,918407.0,0.002513628,1,
34,PULSES,Mung bean,2006,Export,176.0,1.75e-07,1,
34,PULSES,Mung bean,2006,Import,514528.0,0.001181904,1,
34,PULSES,Mung bean,2007,Export,12122.0,1.5471e-05,1,
34,PULSES,Mung bean,2007,Import,121746.0,0.000191955,1,
34,PULSES,Mung bean,2008,Export,0.0,0.0,1,
34,PULSES,Mung bean,2008,Import,280686.0,0.000543302,1,
34,PULSES,Mung bean,2009,Export,0.0,0.0,1,
34,PULSES,Mung bean,2009,Import,29735.0,4.8e-05,1,
34,PULSES,Mung bean,2010,Export,0.0,0.0,1,
34,PULSES,Mung bean,2010,Import,880649.0,0.000863184,1,
34,PULSES,Mung bean,2011,Export,0.0,0.0,1,
34,PULSES,Mung bean,2011,Import,249817.0,0.000264084,1,
34,PULSES,Mung bean,2012,Export,0.0,0.0,1,
34,PULSES,Mung bean,2012,Import,1160233.0,0.001343627,1,
34,PULSES,Mung bean,2013,Export,317962.0,0.000405,1,
34,PULSES,Mung bean,2013,Import,712944.0,0.000989805,1,
34,PULSES,Mung bean,2014,Export,0.0,0.0,1,
34,PULSES,Mung bean,2014,Import,1962456.0,0.002895999,1,
34,PULSES,Mung bean,2015,Export,0.0,0.0,1,
34,PULSES,Mung bean,2015,Import,1539828.0,0.002334155,1,
34,PULSES,Mung bean,2016,Export,0.0,0.0,1,
34,PULSES,Mung bean,2016,Import,1072061.0,0.000969632,1,
34,PULSES,Mung bean,2017,Export,0.0,0.0,1,
34,PULSES,Mung bean,2017,Import,1612461.43,0.002421936,1,
34,PULSES,Mung bean,2018,Export,0.0,0.0,1,
34,PULSES,Mung bean,2018,Import,1292510.0,0.00292894,1,
34,PULSES,Mung bean,2019,Export,0.0,0.0,1,
34,PULSES,Mung bean,2019,Import,912033.31,0.001394178,1,
34,PULSES,Mung bean,2020,Export,0.0,0.0,1,
34,PULSES,Mung bean,2020,Import,2452325.5,0.003274592,1,
34,PULSES,Mung bean,2021,Export,0.0,0.0,1,
34,PULSES,Mung bean,2021,Import,696999.11,0.0007121,1,
34,PULSES,Mung bean,2022,Export,0.0,0.0,1,
34,PULSES,Mung bean,2022,Import,10365676.49,0.01349086,1,
34,PULSES,Mung bean,2023,Export,0.0,0.0,1,
34,PULSES,Mung bean,2023,Import,9929090.37,0.014516039,1,
34,PULSES,Mung bean,2024,Export,0.0,0.0,1,
34,PULSES,Mung bean,2024,Import,35076855.9,0.053265612,1,
34,PULSES,Mung bean,2025,Export,0.0,0.0,1,
34,PULSES,Mung bean,2025,Import,41894231.47,0.052755927,1,
58,NUTS,Nuts,2000,Export,14252692.35,0.004132669,6,
58,NUTS,Nuts,2000,Import,31650159.0,0.037376863,5,
58,NUTS,Nuts,2001,Export,9098770.45,0.002090037,6,
58,NUTS,Nuts,2001,Import,23037693.0,0.053323962,4,
58,NUTS,Nuts,2002,Export,8770149.18,0.001623174,6,
58,NUTS,Nuts,2002,Import,25795257.0,0.061101361,4,
58,NUTS,Nuts,2003,Export,357706.0,0.000367543,11,
58,NUTS,Nuts,2003,Import,8687329.0,0.019648145,11,
58,NUTS,Nuts,2004,Export,536431.0,0.000574414,11,
58,NUTS,Nuts,2004,Import,8174477.0,0.015245698,11,
58,NUTS,Nuts,2005,Export,7001352.0,0.011506929,11,
58,NUTS,Nuts,2005,Import,45357858.0,0.069299446,11,
58,NUTS,Nuts,2006,Export,1777470.0,0.000874456,11,
58,NUTS,Nuts,2006,Import,47652446.0,0.063053095,11,
58,NUTS,Nuts,2007,Export,4950707.0,0.001471665,11,
58,NUTS,Nuts,2007,Import,68878763.0,0.076788877,11,
58,NUTS,Nuts,2008,Export,4712787.0,0.000889777,11,
58,NUTS,Nuts,2008,Import,69896629.0,0.081324575,11,
58,NUTS,Nuts,2009,Export,1962141.0,0.000788542,11,
58,NUTS,Nuts,2009,Import,73641093.0,0.086363148,11,
58,NUTS,Nuts,2010,Export,5407818.0,0.001784865,11,
58,NUTS,Nuts,2010,Import,84213822.0,0.093508037,11,
58,NUTS,Nuts,2011,Export,2149943.0,0.000342883,11,
58,NUTS,Nuts,2011,Import,76441176.0,0.085884665,11,
58,NUTS,Nuts,2012,Export,1364672.0,0.000339712,11,
58,NUTS,Nuts,2012,Import,36546571.0,0.033252818,11,
58,NUTS,Nuts,2013,Export,2247164.0,0.000613323,11,
58,NUTS,Nuts,2013,Import,7210516.0,0.003591841,11,
58,NUTS,Nuts,2014,Export,3237960.0,0.000964429,11,
58,NUTS,Nuts,2014,Import,8819898.0,0.003896702,11,
58,NUTS,Nuts,2015,Export,1680597.0,0.000408044,11,
58,NUTS,Nuts,2015,Import,25692523.0,0.01135252,11,
58,NUTS,Nuts,2016,Export,1702470.0,0.000345673,11,
58,NUTS,Nuts,2016,Import,38094521.0,0.017771873,11,
58,NUTS,Nuts,2017,Export,1075164.94,0.000200744,11,
58,NUTS,Nuts,2017,Import,47815291.5,0.015475449,11,
58,NUTS,Nuts,2018,Export,1837839.62,0.000244606,11,
58,NUTS,Nuts,2018,Import,19263907.62,0.007223556,11,
58,NUTS,Nuts,2019,Export,4581492.81,0.001007976,11,
58,NUTS,Nuts,2019,Import,17753126.81,0.007642542,11,
58,NUTS,Nuts,2020,Export,2954507.44,0.000482574,11,
58,NUTS,Nuts,2020,Import,30075794.2,0.01595155,11,
58,NUTS,Nuts,2021,Export,3667375.15,0.000621843,11,
58,NUTS,Nuts,2021,Import,28172119.2,0.028899165,11,
58,NUTS,Nuts,2022,Export,20893856.22,0.001615651,11,
58,NUTS,Nuts,2022,Import,8960855.13,0.006985742,11,
58,NUTS,Nuts,2023,Export,13348229.35,0.001289111,11,
58,NUTS,Nuts,2023,Import,21810314.21,0.021508909,11,
58,NUTS,Nuts,2024,Export,24914501.86,0.001626541,11,
58,NUTS,Nuts,2024,Import,54349555.23,0.048126405,11,
58,NUTS,Nuts,2025,Export,24073761.29,0.001721331,11,
58,NUTS,Nuts,2025,Import,66754667.53,0.051137268,11,
7,CEREALS,Oats,2000,Export,,,0,
7,CEREALS,Oats,2000,Import,,,0,
7,CEREALS,Oats,2001,Export,,,0,
7,CEREALS,Oats,2001,Import,5439.0,3.7e-05,1,
7,CEREALS,Oats,2002,Export,1388.0,7e-07,1,
7,CEREALS,Oats,2002,Import,,,0,
7,CEREALS,Oats,2003,Export,623.0,4e-06,3,
7,CEREALS,Oats,2003,Import,0.0,0.0,3,
7,CEREALS,Oats,2004,Export,0.0,0.0,3,
7,CEREALS,Oats,2004,Import,0.0,0.0,3,
7,CEREALS,Oats,2005,Export,0.0,0.0,3,
7,CEREALS,Oats,2005,Import,2143759.0,0.008615,3,
7,CEREALS,Oats,2006,Export,0.0,0.0,3,
7,CEREALS,Oats,2006,Import,2386980.0,0.009289004,3,
7,CEREALS,Oats,2007,Export,0.0,0.0,3,
7,CEREALS,Oats,2007,Import,199548.0,0.000842,3,
7,CEREALS,Oats,2008,Export,0.0,0.0,3,
7,CEREALS,Oats,2008,Import,87343.0,0.000273,3,
7,CEREALS,Oats,2009,Export,374.0,1e-06,3,
7,CEREALS,Oats,2009,Import,260708.0,0.001014,3,
7,CEREALS,Oats,2010,Export,0.0,0.0,3,
7,CEREALS,Oats,2010,Import,4999990.0,0.021649,3,
7,CEREALS,Oats,2011,Export,0.0,0.0,3,
7,CEREALS,Oats,2011,Import,181012.0,0.000457,3,
7,CEREALS,Oats,2012,Export,0.0,0.0,3,
7,CEREALS,Oats,2012,Import,1599168.0,0.004154,3,
7,CEREALS,Oats,2013,Export,10129.0,3.2e-05,3,
7,CEREALS,Oats,2013,Import,93217.0,0.000347,3,
7,CEREALS,Oats,2014,Export,0.0,0.0,3,
7,CEREALS,Oats,2014,Import,1416169.0,0.0057,3,
7,CEREALS,Oats,2015,Export,0.0,0.0,3,
7,CEREALS,Oats,2015,Import,9234033.0,0.041691,3,
7,CEREALS,Oats,2016,Export,8661.0,3e-05,3,
7,CEREALS,Oats,2016,Import,3681206.0,0.012096,3,
7,CEREALS,Oats,2017,Export,1173.0,3.9e-05,3,
7,CEREALS,Oats,2017,Import,7284080.01,0.029448,3,
7,CEREALS,Oats,2018,Export,0.0,0.0,3,
7,CEREALS,Oats,2018,Import,385343.44,0.001462,3,
7,CEREALS,Oats,2019,Export,1157.41,2e-06,3,
7,CEREALS,Oats,2019,Import,553112.79,0.0018,3,
7,CEREALS,Oats,2020,Export,12687.6,0.0,2,
7,CEREALS,Oats,2020,Import,1176578.45,0.004698,3,
7,CEREALS,Oats,2021,Export,2096.34,1e-06,3,
7,CEREALS,Oats,2021,Import,293700.35,0.001355,3,
7,CEREALS,Oats,2022,Export,17471.6,0.002209,3,
7,CEREALS,Oats,2022,Import,347383.39,0.001371,3,
7,CEREALS,Oats,2023,Export,0.0,0.0,3,
7,CEREALS,Oats,2023,Import,935218.63,0.00192,3,
7,CEREALS,Oats,2024,Export,0.0,0.0,3,
7,CEREALS,Oats,2024,Import,1708635.57,0.004412,3,
7,CEREALS,Oats,2025,Export,0.0,0.0,3,
7,CEREALS,Oats,2025,Import,1973765.42,0.004834,3,
73,OTHER,Offal,2000,Export,185750.0,0.000324624,2,
73,OTHER,Offal,2000,Import,10409.0,1.2e-05,1,
73,OTHER,Offal,2001,Export,1118598.0,0.0010084,2,
73,OTHER,Offal,2001,Import,13516.0,1.62e-05,1,
73,OTHER,Offal,2002,Export,807933.0,0.0006135,2,
73,OTHER,Offal,2002,Import,71497.0,8.64e-05,1,
73,OTHER,Offal,2003,Export,292308.0,0.000601239,4,
73,OTHER,Offal,2003,Import,14128.0,7.518e-06,4,
73,OTHER,Offal,2004,Export,387991.0,0.000941789,4,
73,OTHER,Offal,2004,Import,18709.0,2.3529e-05,4,
73,OTHER,Offal,2005,Export,470596.0,0.000844398,4,
73,OTHER,Offal,2005,Import,0.0,0.0,4,
73,OTHER,Offal,2006,Export,348134.0,0.000646566,4,
73,OTHER,Offal,2006,Import,23692.0,9.754e-06,4,
73,OTHER,Offal,2007,Export,349633.0,0.00037055,4,
73,OTHER,Offal,2007,Import,8521.0,2.6e-06,4,
73,OTHER,Offal,2008,Export,41874.0,1.0625e-05,4,
73,OTHER,Offal,2008,Import,0.0,0.0,4,
73,OTHER,Offal,2009,Export,15219.0,7.1e-06,4,
73,OTHER,Offal,2009,Import,0.0,0.0,4,
73,OTHER,Offal,2010,Export,7208422.0,0.003983521,4,
73,OTHER,Offal,2010,Import,8986.0,3.827e-06,4,
73,OTHER,Offal,2011,Export,19755363.0,0.010912913,4,
73,OTHER,Offal,2011,Import,0.0,0.0,4,
73,OTHER,Offal,2012,Export,17738347.0,0.00914915,4,
73,OTHER,Offal,2012,Import,536082.0,0.000395358,4,
73,OTHER,Offal,2013,Export,29727842.0,0.016132185,4,
73,OTHER,Offal,2013,Import,1100425.0,0.000735962,4,
73,OTHER,Offal,2014,Export,21326117.0,0.009666446,4,
73,OTHER,Offal,2014,Import,2824335.0,0.002616855,4,
73,OTHER,Offal,2015,Export,22196551.0,0.012516469,4,
73,OTHER,Offal,2015,Import,2758829.0,0.001939254,4,
73,OTHER,Offal,2016,Export,23843711.0,0.011581808,4,
73,OTHER,Offal,2016,Import,1813941.0,0.000676546,4,
73,OTHER,Offal,2017,Export,23760149.41,0.009595441,4,
73,OTHER,Offal,2017,Import,3219775.05,0.001174122,4,
73,OTHER,Offal,2018,Export,15767197.41,0.00680107,4,
73,OTHER,Offal,2018,Import,6066357.56,0.002879159,4,
73,OTHER,Offal,2019,Export,16205560.54,0.006503638,4,
73,OTHER,Offal,2019,Import,2869414.87,0.001176197,4,
73,OTHER,Offal,2020,Export,11638423.53,0.007958465,4,
73,OTHER,Offal,2020,Import,123061.16,0.000166821,4,
73,OTHER,Offal,2021,Export,15966176.03,0.007683327,4,
73,OTHER,Offal,2021,Import,591558.05,0.001485331,4,
73,OTHER,Offal,2022,Export,4037334.14,0.002119445,4,
73,OTHER,Offal,2022,Import,232105.52,0.000574199,4,
73,OTHER,Offal,2023,Export,14340066.18,0.006239722,4,
73,OTHER,Offal,2023,Import,72205.98,0.000293988,4,
73,OTHER,Offal,2024,Export,12762413.34,0.005020514,4,
73,OTHER,Offal,2024,Import,30269.79,0.000223662,4,
73,OTHER,Offal,2025,Export,9666681.95,0.004173529,4,
73,OTHER,Offal,2025,Import,57550.11,0.000374344,4,
22,OLSOIL,Oil palm fruit,2000,Export,13648.0,,0,
22,OLSOIL,Oil palm fruit,2000,Import,,,0,
22,OLSOIL,Oil palm fruit,2001,Export,10518.0,1.283e-06,1,
22,OLSOIL,Oil palm fruit,2001,Import,772.0,1.1e-08,1,
22,OLSOIL,Oil palm fruit,2002,Export,8555.0,7.9e-07,1,
22,OLSOIL,Oil palm fruit,2002,Import,1256.0,,0,
22,OLSOIL,Oil palm fruit,2003,Export,0.0,0.0,1,
22,OLSOIL,Oil palm fruit,2003,Import,700669.0,0.00283765,1,
22,OLSOIL,Oil palm fruit,2004,Export,0.0,0.0,1,
22,OLSOIL,Oil palm fruit,2004,Import,14974.0,3.4906e-05,1,
22,OLSOIL,Oil palm fruit,2005,Export,0.0,0.0,1,
22,OLSOIL,Oil palm fruit,2005,Import,0.0,0.0,1,
22,OLSOIL,Oil palm fruit,2006,Export,0.0,0.0,1,
22,OLSOIL,Oil palm fruit,2006,Import,0.0,0.0,1,
22,OLSOIL,Oil palm fruit,2007,Export,0.0,0.0,1,
22,OLSOIL,Oil palm fruit,2007,Import,0.0,0.0,1,
22,OLSOIL,Oil palm fruit,2008,Export,0.0,0.0,1,
22,OLSOIL,Oil palm fruit,2008,Import,0.0,0.0,1,
22,OLSOIL,Oil palm fruit,2009,Export,0.0,0.0,1,
22,OLSOIL,Oil palm fruit,2009,Import,0.0,0.0,1,
22,OLSOIL,Oil palm fruit,2010,Export,0.0,0.0,1,
22,OLSOIL,Oil palm fruit,2010,Import,0.0,0.0,1,
22,OLSOIL,Oil palm fruit,2011,Export,0.0,0.0,1,
22,OLSOIL,Oil palm fruit,2011,Import,0.0,0.0,1,
22,OLSOIL,Oil palm fruit,2012,Export,0.0,0.0,1,
22,OLSOIL,Oil palm fruit,2012,Import,0.0,0.0,1,
22,OLSOIL,Oil palm fruit,2013,Export,0.0,0.0,1,
22,OLSOIL,Oil palm fruit,2013,Import,0.0,0.0,1,
22,OLSOIL,Oil palm fruit,2014,Export,0.0,0.0,1,
22,OLSOIL,Oil palm fruit,2014,Import,0.0,0.0,1,
22,OLSOIL,Oil palm fruit,2015,Export,0.0,0.0,1,
22,OLSOIL,Oil palm fruit,2015,Import,0.0,0.0,1,
22,OLSOIL,Oil palm fruit,2016,Export,0.0,0.0,1,
22,OLSOIL,Oil palm fruit,2016,Import,865.0,3e-06,1,
22,OLSOIL,Oil palm fruit,2017,Export,0.0,0.0,1,
22,OLSOIL,Oil palm fruit,2017,Import,0.0,0.0,1,
22,OLSOIL,Oil palm fruit,2018,Export,134950.39,6.1001e-05,1,
22,OLSOIL,Oil palm fruit,2018,Import,0.0,0.0,1,
22,OLSOIL,Oil palm fruit,2019,Export,0.0,0.0,1,
22,OLSOIL,Oil palm fruit,2019,Import,0.0,0.0,1,
22,OLSOIL,Oil palm fruit,2020,Export,0.0,0.0,1,
22,OLSOIL,Oil palm fruit,2020,Import,0.0,0.0,1,
22,OLSOIL,Oil palm fruit,2021,Export,0.0,0.0,1,
22,OLSOIL,Oil palm fruit,2021,Import,0.0,0.0,1,
22,OLSOIL,Oil palm fruit,2022,Export,0.0,0.0,1,
22,OLSOIL,Oil palm fruit,2022,Import,0.0,0.0,1,
22,OLSOIL,Oil palm fruit,2023,Export,0.0,0.0,1,
22,OLSOIL,Oil palm fruit,2023,Import,0.0,0.0,1,
22,OLSOIL,Oil palm fruit,2024,Export,0.0,0.0,1,
22,OLSOIL,Oil palm fruit,2024,Import,0.0,0.0,1,
22,OLSOIL,Oil palm fruit,2025,Export,0.0,0.0,1,
22,OLSOIL,Oil palm fruit,2025,Import,0.0,0.0,1,
23,OLSOIL,Olive,2000,Export,,,0,
23,OLSOIL,Olive,2000,Import,,,0,
23,OLSOIL,Olive,2001,Export,,,0,
23,OLSOIL,Olive,2001,Import,,,0,
23,OLSOIL,Olive,2002,Export,,,0,
23,OLSOIL,Olive,2002,Import,,,0,
23,OLSOIL,Olive,2003,Export,0.0,0.0,1,
23,OLSOIL,Olive,2003,Import,0.0,0.0,1,
23,OLSOIL,Olive,2004,Export,0.0,0.0,1,
23,OLSOIL,Olive,2004,Import,0.0,0.0,1,
23,OLSOIL,Olive,2005,Export,0.0,0.0,1,
23,OLSOIL,Olive,2005,Import,0.0,0.0,1,
23,OLSOIL,Olive,2006,Export,0.0,0.0,1,
23,OLSOIL,Olive,2006,Import,0.0,0.0,1,
23,OLSOIL,Olive,2007,Export,0.0,0.0,1,
23,OLSOIL,Olive,2007,Import,0.0,0.0,1,
23,OLSOIL,Olive,2008,Export,0.0,0.0,1,
23,OLSOIL,Olive,2008,Import,0.0,0.0,1,
23,OLSOIL,Olive,2009,Export,0.0,0.0,1,
23,OLSOIL,Olive,2009,Import,0.0,0.0,1,
23,OLSOIL,Olive,2010,Export,0.0,0.0,1,
23,OLSOIL,Olive,2010,Import,0.0,0.0,1,
23,OLSOIL,Olive,2011,Export,0.0,0.0,1,
23,OLSOIL,Olive,2011,Import,0.0,0.0,1,
23,OLSOIL,Olive,2012,Export,7812.0,3.3036e-05,1,
23,OLSOIL,Olive,2012,Import,227.0,1.33e-07,1,
23,OLSOIL,Olive,2013,Export,0.0,0.0,1,
23,OLSOIL,Olive,2013,Import,228.0,1.36e-07,1,
23,OLSOIL,Olive,2014,Export,0.0,0.0,1,
23,OLSOIL,Olive,2014,Import,199.0,1.26e-07,1,
23,OLSOIL,Olive,2015,Export,0.0,0.0,1,
23,OLSOIL,Olive,2015,Import,1569.0,1.825e-06,1,
23,OLSOIL,Olive,2016,Export,0.0,0.0,1,
23,OLSOIL,Olive,2016,Import,735.0,9.16e-07,1,
23,OLSOIL,Olive,2017,Export,0.0,0.0,1,
23,OLSOIL,Olive,2017,Import,2015.58,9.39e-07,1,
23,OLSOIL,Olive,2018,Export,0.0,0.0,1,
23,OLSOIL,Olive,2018,Import,0.0,0.0,1,
23,OLSOIL,Olive,2019,Export,955483.77,0.001632359,1,
23,OLSOIL,Olive,2019,Import,4866.44,9e-06,1,
23,OLSOIL,Olive,2020,Export,0.0,0.0,1,
23,OLSOIL,Olive,2020,Import,0.0,0.0,1,
23,OLSOIL,Olive,2021,Export,0.0,0.0,1,
23,OLSOIL,Olive,2021,Import,166.56,1.56e-07,1,
23,OLSOIL,Olive,2022,Export,0.0,0.0,1,
23,OLSOIL,Olive,2022,Import,190.23,1.46e-07,1,
23,OLSOIL,Olive,2023,Export,0.0,0.0,1,
23,OLSOIL,Olive,2023,Import,0.0,0.0,1,
23,OLSOIL,Olive,2024,Export,0.0,0.0,1,
23,OLSOIL,Olive,2024,Import,0.0,0.0,1,
23,OLSOIL,Olive,2025,Export,0.0,0.0,1,
23,OLSOIL,Olive,2025,Import,0.0,0.0,1,
50,FRUVEG,Onion,2000,Export,5701602.0,0.035279467,2,
50,FRUVEG,Onion,2000,Import,255981.0,0.001840266,1,
50,FRUVEG,Onion,2001,Export,8950308.0,0.049684614,2,
50,FRUVEG,Onion,2001,Import,12429.0,5.5025e-05,1,
50,FRUVEG,Onion,2002,Export,3209011.0,0.019743087,2,
50,FRUVEG,Onion,2002,Import,1490073.0,0.013023783,2,
50,FRUVEG,Onion,2003,Export,6550280.0,0.06229552,2,
50,FRUVEG,Onion,2003,Import,942671.0,0.014110197,2,
50,FRUVEG,Onion,2004,Export,6330561.0,0.052445321,2,
50,FRUVEG,Onion,2004,Import,943364.0,0.044423119,2,
50,FRUVEG,Onion,2005,Export,5341908.0,0.033915904,2,
50,FRUVEG,Onion,2005,Import,11105322.0,0.082495249,2,
50,FRUVEG,Onion,2006,Export,1530425.0,0.010092614,2,
50,FRUVEG,Onion,2006,Import,28023507.0,0.166165093,2,
50,FRUVEG,Onion,2007,Export,8240797.0,0.04548745,2,
50,FRUVEG,Onion,2007,Import,15530342.0,0.105711743,2,
50,FRUVEG,Onion,2008,Export,6082803.0,0.034525714,2,
50,FRUVEG,Onion,2008,Import,19312270.0,0.135373545,2,
50,FRUVEG,Onion,2009,Export,15914101.0,0.084503296,2,
50,FRUVEG,Onion,2009,Import,81428991.0,0.324387576,2,
50,FRUVEG,Onion,2010,Export,23308172.0,0.089342245,2,
50,FRUVEG,Onion,2010,Import,22893174.0,0.115205301,2,
50,FRUVEG,Onion,2011,Export,46799642.0,0.335725045,2,
50,FRUVEG,Onion,2011,Import,17329342.0,0.091557712,2,
50,FRUVEG,Onion,2012,Export,10954221.0,0.180069296,2,
50,FRUVEG,Onion,2012,Import,33352039.0,0.138101287,2,
50,FRUVEG,Onion,2013,Export,30951997.0,0.355109554,2,
50,FRUVEG,Onion,2013,Import,39862069.0,0.171347425,2,
50,FRUVEG,Onion,2014,Export,41793941.0,0.855059987,2,
50,FRUVEG,Onion,2014,Import,13241087.0,0.068989085,2,
50,FRUVEG,Onion,2015,Export,47864608.0,0.499115076,2,
50,FRUVEG,Onion,2015,Import,20876869.0,0.112129517,2,
50,FRUVEG,Onion,2016,Export,13255791.0,0.077385096,2,
50,FRUVEG,Onion,2016,Import,9743156.0,0.051444843,2,
50,FRUVEG,Onion,2017,Export,12965396.4,0.079441088,2,
50,FRUVEG,Onion,2017,Import,14688603.95,0.080136089,2,
50,FRUVEG,Onion,2018,Export,48955292.15,0.226442266,2,
50,FRUVEG,Onion,2018,Import,10323300.72,0.058338926,2,
50,FRUVEG,Onion,2019,Export,67659907.25,0.168243067,2,
50,FRUVEG,Onion,2019,Import,16601307.42,0.088612704,2,
50,FRUVEG,Onion,2020,Export,127324163.22,0.334293587,2,
50,FRUVEG,Onion,2020,Import,29477661.09,0.167173706,2,
50,FRUVEG,Onion,2021,Export,145450653.79,0.456070791,2,
50,FRUVEG,Onion,2021,Import,24037540.01,0.136313469,2,
50,FRUVEG,Onion,2022,Export,44769095.21,0.132475859,2,
50,FRUVEG,Onion,2022,Import,102611243.28,0.493990101,2,
50,FRUVEG,Onion,2023,Export,70162671.5,0.201421099,2,
50,FRUVEG,Onion,2023,Import,77279030.7,0.389990066,2,
50,FRUVEG,Onion,2024,Export,221532684.03,0.332364794,2,
50,FRUVEG,Onion,2024,Import,96257395.07,0.5871577,2,
50,FRUVEG,Onion,2025,Export,50050059.63,0.18129571,2,
50,FRUVEG,Onion,2025,Import,19832722.35,0.118455984,2,
51,FRUVEG,Orange / Citrus,2000,Export,14452170.0,0.042724558,2,
51,FRUVEG,Orange / Citrus,2000,Import,10050.55,2.6867e-05,1,
51,FRUVEG,Orange / Citrus,2001,Export,23220848.36,0.058120557,2,
51,FRUVEG,Orange / Citrus,2001,Import,107900.94,0.000316587,2,
51,FRUVEG,Orange / Citrus,2002,Export,23747803.41,0.059355266,2,
51,FRUVEG,Orange / Citrus,2002,Import,60434.78,0.000182698,2,
51,FRUVEG,Orange / Citrus,2003,Export,22345320.0,0.105110186,5,
51,FRUVEG,Orange / Citrus,2003,Import,0.0,0.0,5,
51,FRUVEG,Orange / Citrus,2004,Export,30710224.0,0.151258577,5,
51,FRUVEG,Orange / Citrus,2004,Import,531.0,3e-06,5,
51,FRUVEG,Orange / Citrus,2005,Export,21411549.0,0.084928316,5,
51,FRUVEG,Orange / Citrus,2005,Import,25591.0,0.000145461,5,
51,FRUVEG,Orange / Citrus,2006,Export,42274449.0,0.194891899,5,
51,FRUVEG,Orange / Citrus,2006,Import,9028.0,4.9577e-05,5,
51,FRUVEG,Orange / Citrus,2007,Export,33731225.0,0.132869026,5,
51,FRUVEG,Orange / Citrus,2007,Import,31807.0,5.4614e-05,5,
51,FRUVEG,Orange / Citrus,2008,Export,48610834.0,0.20491467,5,
51,FRUVEG,Orange / Citrus,2008,Import,14280.0,5.1582e-05,5,
51,FRUVEG,Orange / Citrus,2009,Export,69380021.0,0.248362446,5,
51,FRUVEG,Orange / Citrus,2009,Import,21523.0,4.5061e-05,5,
51,FRUVEG,Orange / Citrus,2010,Export,95818537.0,0.35090489,5,
51,FRUVEG,Orange / Citrus,2010,Import,11165.0,3.3645e-05,5,
51,FRUVEG,Orange / Citrus,2011,Export,124005506.0,0.331774879,5,
51,FRUVEG,Orange / Citrus,2011,Import,129523.0,0.000559228,5,
51,FRUVEG,Orange / Citrus,2012,Export,147871210.0,0.368262344,5,
51,FRUVEG,Orange / Citrus,2012,Import,240515.0,0.00059739,5,
51,FRUVEG,Orange / Citrus,2013,Export,155256235.0,0.365305909,5,
51,FRUVEG,Orange / Citrus,2013,Import,231416.0,0.000744577,5,
51,FRUVEG,Orange / Citrus,2014,Export,164922715.0,0.363391245,5,
51,FRUVEG,Orange / Citrus,2014,Import,214712.0,0.000156012,5,
51,FRUVEG,Orange / Citrus,2015,Export,171931626.0,0.407713158,5,
51,FRUVEG,Orange / Citrus,2015,Import,331238.0,0.000720823,5,
51,FRUVEG,Orange / Citrus,2016,Export,159290913.0,0.356629664,5,
51,FRUVEG,Orange / Citrus,2016,Import,342416.0,0.000802926,5,
51,FRUVEG,Orange / Citrus,2017,Export,126849067.87,0.311060482,5,
51,FRUVEG,Orange / Citrus,2017,Import,91914.41,0.000191072,5,
51,FRUVEG,Orange / Citrus,2018,Export,155117165.44,0.401877463,5,
51,FRUVEG,Orange / Citrus,2018,Import,2260.78,3.625e-06,5,
51,FRUVEG,Orange / Citrus,2019,Export,150419543.06,0.411905132,5,
51,FRUVEG,Orange / Citrus,2019,Import,5981.13,1.508e-05,5,
51,FRUVEG,Orange / Citrus,2020,Export,188609973.41,0.478171589,5,
51,FRUVEG,Orange / Citrus,2020,Import,4164.03,8.164e-06,5,
51,FRUVEG,Orange / Citrus,2021,Export,160775561.1,0.403078854,5,
51,FRUVEG,Orange / Citrus,2021,Import,13422.73,5.9565e-05,5,
51,FRUVEG,Orange / Citrus,2022,Export,115252640.44,0.264895122,5,
51,FRUVEG,Orange / Citrus,2022,Import,11425.17,6.222e-05,5,
51,FRUVEG,Orange / Citrus,2023,Export,75451885.25,0.287211962,5,
51,FRUVEG,Orange / Citrus,2023,Import,12573.12,4.5482e-05,5,
51,FRUVEG,Orange / Citrus,2024,Export,87986983.31,0.309663774,5,
51,FRUVEG,Orange / Citrus,2024,Import,0.0,0.0,5,
51,FRUVEG,Orange / Citrus,2025,Export,87503719.98,0.209463,5,
51,FRUVEG,Orange / Citrus,2025,Import,3824.63,7.163e-06,5,
55,FRUVEG,Other citrus,2000,Export,34978.0,6.2414e-05,1,
55,FRUVEG,Other citrus,2000,Import,33675.0,7.21e-05,1,
55,FRUVEG,Other citrus,2001,Export,31409.0,3.2991e-05,1,
55,FRUVEG,Other citrus,2001,Import,51650.0,0.000182,1,
55,FRUVEG,Other citrus,2002,Export,36281.0,6.9208e-05,1,
55,FRUVEG,Other citrus,2002,Import,,,0,
55,FRUVEG,Other citrus,2003,Export,275759.0,0.0027575,1,
55,FRUVEG,Other citrus,2003,Import,12557.0,0.000106158,1,
55,FRUVEG,Other citrus,2004,Export,5668.0,1.5e-05,1,
55,FRUVEG,Other citrus,2004,Import,5587.0,4.6932e-05,1,
55,FRUVEG,Other citrus,2005,Export,59492.0,0.000207339,1,
55,FRUVEG,Other citrus,2005,Import,8363.0,5.456e-05,1,
55,FRUVEG,Other citrus,2006,Export,541094.0,0.00196326,1,
55,FRUVEG,Other citrus,2006,Import,11017.0,9.7085e-05,1,
55,FRUVEG,Other citrus,2007,Export,14335.0,3.9802e-05,1,
55,FRUVEG,Other citrus,2007,Import,4954.0,3.164e-05,1,
55,FRUVEG,Other citrus,2008,Export,5814.0,6.802e-06,1,
55,FRUVEG,Other citrus,2008,Import,495.0,7.5e-07,1,
55,FRUVEG,Other citrus,2009,Export,339.0,8.66e-07,1,
55,FRUVEG,Other citrus,2009,Import,917.0,1.078e-06,1,
55,FRUVEG,Other citrus,2010,Export,10273758.0,0.022292348,1,
55,FRUVEG,Other citrus,2010,Import,0.0,0.0,1,
55,FRUVEG,Other citrus,2011,Export,14537727.0,0.032686303,1,
55,FRUVEG,Other citrus,2011,Import,0.0,0.0,1,
55,FRUVEG,Other citrus,2012,Export,7733180.0,0.018351254,1,
55,FRUVEG,Other citrus,2012,Import,71.0,6.5e-08,1,
55,FRUVEG,Other citrus,2013,Export,16120611.0,0.039931384,1,
55,FRUVEG,Other citrus,2013,Import,114.0,8e-08,1,
55,FRUVEG,Other citrus,2014,Export,27639194.0,0.070758142,1,
55,FRUVEG,Other citrus,2014,Import,0.0,0.0,1,
55,FRUVEG,Other citrus,2015,Export,12860732.0,0.027653991,1,
55,FRUVEG,Other citrus,2015,Import,4535.0,3.1e-06,1,
55,FRUVEG,Other citrus,2016,Export,12166854.0,0.031853091,1,
55,FRUVEG,Other citrus,2016,Import,1599.0,3.081e-06,1,
55,FRUVEG,Other citrus,2017,Export,12428159.91,0.03265464,1,
55,FRUVEG,Other citrus,2017,Import,457.0,6.85e-07,1,
55,FRUVEG,Other citrus,2018,Export,22563251.25,0.066173925,1,
55,FRUVEG,Other citrus,2018,Import,5348.28,7.875e-06,1,
55,FRUVEG,Other citrus,2019,Export,9607599.81,0.028260422,1,
55,FRUVEG,Other citrus,2019,Import,393579.22,0.000439207,1,
55,FRUVEG,Other citrus,2020,Export,15857662.76,0.056266637,1,
55,FRUVEG,Other citrus,2020,Import,1605046.25,0.002159072,1,
55,FRUVEG,Other citrus,2021,Export,9633087.99,0.040281379,1,
55,FRUVEG,Other citrus,2021,Import,3455.52,3.754e-06,1,
55,FRUVEG,Other citrus,2022,Export,1630395.76,0.008157625,1,
55,FRUVEG,Other citrus,2022,Import,0.0,0.0,1,
55,FRUVEG,Other citrus,2023,Export,1322462.25,0.009344635,1,
55,FRUVEG,Other citrus,2023,Import,0.0,0.0,1,
55,FRUVEG,Other citrus,2024,Export,10693612.52,0.072528119,1,
55,FRUVEG,Other citrus,2024,Import,0.0,0.0,1,
55,FRUVEG,Other citrus,2025,Export,1814272.05,0.012523165,1,
55,FRUVEG,Other citrus,2025,Import,0.0,0.0,1,
56,FRUVEG,Other fruits,2000,Export,20841639.21,0.026323333,6,
56,FRUVEG,Other fruits,2000,Import,361396.0,0.001019313,3,
56,FRUVEG,Other fruits,2001,Export,25141673.91,0.029033942,6,
56,FRUVEG,Other fruits,2001,Import,251779.0,0.000588347,4,
56,FRUVEG,Other fruits,2002,Export,23933135.05,0.026415024,5,
56,FRUVEG,Other fruits,2002,Import,152670.0,0.000363135,4,
56,FRUVEG,Other fruits,2003,Export,29154923.0,0.097332471,8,
56,FRUVEG,Other fruits,2003,Import,1786622.0,0.010018312,8,
56,FRUVEG,Other fruits,2004,Export,34291786.0,0.122473231,8,
56,FRUVEG,Other fruits,2004,Import,2314193.0,0.018507753,8,
56,FRUVEG,Other fruits,2005,Export,40221440.0,0.135655138,8,
56,FRUVEG,Other fruits,2005,Import,1406207.0,0.010375912,8,
56,FRUVEG,Other fruits,2006,Export,26785243.0,0.096599669,8,
56,FRUVEG,Other fruits,2006,Import,1248039.0,0.008213554,8,
56,FRUVEG,Other fruits,2007,Export,34373958.0,0.099809546,8,
56,FRUVEG,Other fruits,2007,Import,6261338.0,0.010593669,8,
56,FRUVEG,Other fruits,2008,Export,29389114.0,0.067877516,8,
56,FRUVEG,Other fruits,2008,Import,1124351.0,0.003538394,8,
56,FRUVEG,Other fruits,2009,Export,35786494.0,0.086592816,8,
56,FRUVEG,Other fruits,2009,Import,3245472.0,0.012045915,8,
56,FRUVEG,Other fruits,2010,Export,45534938.0,0.119729096,8,
56,FRUVEG,Other fruits,2010,Import,4332822.0,0.009469034,8,
56,FRUVEG,Other fruits,2011,Export,50955457.0,0.116884466,8,
56,FRUVEG,Other fruits,2011,Import,3011626.0,0.007672029,8,
56,FRUVEG,Other fruits,2012,Export,50100514.0,0.111216847,8,
56,FRUVEG,Other fruits,2012,Import,9304066.0,0.009591654,8,
56,FRUVEG,Other fruits,2013,Export,62274737.0,0.105500733,8,
56,FRUVEG,Other fruits,2013,Import,8044091.0,0.008620708,8,
56,FRUVEG,Other fruits,2014,Export,46001881.0,0.083574587,8,
56,FRUVEG,Other fruits,2014,Import,16626134.0,0.045221257,8,
56,FRUVEG,Other fruits,2015,Export,53187025.0,0.055682431,8,
56,FRUVEG,Other fruits,2015,Import,22229204.0,0.026316268,8,
56,FRUVEG,Other fruits,2016,Export,73584200.0,0.089066712,8,
56,FRUVEG,Other fruits,2016,Import,20130945.0,0.021239788,8,
56,FRUVEG,Other fruits,2017,Export,55966460.72,0.043193574,8,
56,FRUVEG,Other fruits,2017,Import,25397404.34,0.028691607,8,
56,FRUVEG,Other fruits,2018,Export,79934180.42,0.075850694,8,
56,FRUVEG,Other fruits,2018,Import,30182256.05,0.059498203,8,
56,FRUVEG,Other fruits,2019,Export,109571216.92,0.106498011,8,
56,FRUVEG,Other fruits,2019,Import,38005360.24,0.056506152,8,
56,FRUVEG,Other fruits,2020,Export,105804088.69,0.111941227,8,
56,FRUVEG,Other fruits,2020,Import,29754945.83,0.04066088,8,
56,FRUVEG,Other fruits,2021,Export,171622150.28,0.201515736,8,
56,FRUVEG,Other fruits,2021,Import,47110473.72,0.088784712,8,
56,FRUVEG,Other fruits,2022,Export,116244382.94,0.119266887,8,
56,FRUVEG,Other fruits,2022,Import,32138376.58,0.064130927,8,
56,FRUVEG,Other fruits,2023,Export,112576610.96,0.143839455,8,
56,FRUVEG,Other fruits,2023,Import,25447847.36,0.054575068,8,
56,FRUVEG,Other fruits,2024,Export,124229593.24,0.152521482,8,
56,FRUVEG,Other fruits,2024,Import,21276784.7,0.046442145,8,
56,FRUVEG,Other fruits,2025,Export,121698976.52,0.117560112,8,
56,FRUVEG,Other fruits,2025,Import,16933037.13,0.046620247,8,
28,OLSOIL,Other oils,2000,Export,,,0,
28,OLSOIL,Other oils,2000,Import,8462337.0,0.025265486,5,
28,OLSOIL,Other oils,2001,Export,39872.0,5.7127e-05,1,
28,OLSOIL,Other oils,2001,Import,17272072.0,0.055332629,3,
28,OLSOIL,Other oils,2002,Export,1499.0,1.572e-06,2,
28,OLSOIL,Other oils,2002,Import,5265644.0,0.013678263,7,
28,OLSOIL,Other oils,2003,Export,554.0,1e-06,8,
28,OLSOIL,Other oils,2003,Import,7771623.0,0.010024868,8,
28,OLSOIL,Other oils,2004,Export,549.0,1e-06,8,
28,OLSOIL,Other oils,2004,Import,10582357.0,0.013327729,8,
28,OLSOIL,Other oils,2005,Export,18959.0,1.7708e-05,8,
28,OLSOIL,Other oils,2005,Import,6636625.0,0.006679115,8,
28,OLSOIL,Other oils,2006,Export,2359.0,2.08e-06,8,
28,OLSOIL,Other oils,2006,Import,6047537.0,0.009782852,8,
28,OLSOIL,Other oils,2007,Export,13713.0,6.105e-06,8,
28,OLSOIL,Other oils,2007,Import,7538893.0,0.009426245,8,
28,OLSOIL,Other oils,2008,Export,151356.0,5.2682e-05,8,
28,OLSOIL,Other oils,2008,Import,13724635.0,0.009432785,8,
28,OLSOIL,Other oils,2009,Export,70588.0,3.9771e-05,8,
28,OLSOIL,Other oils,2009,Import,7632817.0,0.009423957,8,
28,OLSOIL,Other oils,2010,Export,17233.0,9.23e-06,8,
28,OLSOIL,Other oils,2010,Import,13067354.0,0.011704797,8,
28,OLSOIL,Other oils,2011,Export,182128.0,8.7473e-05,8,
28,OLSOIL,Other oils,2011,Import,18236028.0,0.010523187,8,
28,OLSOIL,Other oils,2012,Export,62793.0,3.3956e-05,8,
28,OLSOIL,Other oils,2012,Import,13051215.0,0.009253877,8,
28,OLSOIL,Other oils,2013,Export,120323.0,5.4249e-05,8,
28,OLSOIL,Other oils,2013,Import,9754040.0,0.009526971,8,
28,OLSOIL,Other oils,2014,Export,117256.0,3.8935e-05,8,
28,OLSOIL,Other oils,2014,Import,12900298.0,0.010592495,8,
28,OLSOIL,Other oils,2015,Export,104318.0,3.7415e-05,8,
28,OLSOIL,Other oils,2015,Import,9760240.0,0.009099211,8,
28,OLSOIL,Other oils,2016,Export,39628.0,9.07e-06,8,
28,OLSOIL,Other oils,2016,Import,15103746.0,0.011838913,8,
28,OLSOIL,Other oils,2017,Export,101181.91,3.5529e-05,8,
28,OLSOIL,Other oils,2017,Import,18919668.1,0.010990754,8,
28,OLSOIL,Other oils,2018,Export,177843.41,9.6929e-05,8,
28,OLSOIL,Other oils,2018,Import,18199112.48,0.014473875,8,
28,OLSOIL,Other oils,2019,Export,112262.59,0.000101773,8,
28,OLSOIL,Other oils,2019,Import,8524636.76,0.008775009,8,
28,OLSOIL,Other oils,2020,Export,307359.08,0.000242727,8,
28,OLSOIL,Other oils,2020,Import,5972908.9,0.006319859,8,
28,OLSOIL,Other oils,2021,Export,5827312.21,0.003669959,8,
28,OLSOIL,Other oils,2021,Import,13278140.82,0.008854611,8,
28,OLSOIL,Other oils,2022,Export,1511469.66,0.000716619,8,
28,OLSOIL,Other oils,2022,Import,30011104.72,0.022344811,8,
28,OLSOIL,Other oils,2023,Export,789172.97,0.000607562,8,
28,OLSOIL,Other oils,2023,Import,42593391.37,0.036353576,8,
28,OLSOIL,Other oils,2024,Export,2812252.32,0.001543351,8,
28,OLSOIL,Other oils,2024,Import,34017915.64,0.032377454,8,
28,OLSOIL,Other oils,2025,Export,952227.93,0.000664589,8,
28,OLSOIL,Other oils,2025,Import,109437189.02,0.095012304,8,
32,OLSCAKE,Other oilseed cake,2000,Export,581370.0,0.004371361,1,
32,OLSCAKE,Other oilseed cake,2000,Import,,,0,
32,OLSCAKE,Other oilseed cake,2001,Export,34095.0,0.00030876,1,
32,OLSCAKE,Other oilseed cake,2001,Import,2560.0,1.6e-05,1,
32,OLSCAKE,Other oilseed cake,2002,Export,30220.0,0.00029241,1,
32,OLSCAKE,Other oilseed cake,2002,Import,,,0,
32,OLSCAKE,Other oilseed cake,2003,Export,109660.0,0.0005794,2,
32,OLSCAKE,Other oilseed cake,2003,Import,0.0,0.0,2,
32,OLSCAKE,Other oilseed cake,2004,Export,155811.0,0.000835,2,
32,OLSCAKE,Other oilseed cake,2004,Import,0.0,0.0,2,
32,OLSCAKE,Other oilseed cake,2005,Export,329417.0,0.00219832,2,
32,OLSCAKE,Other oilseed cake,2005,Import,1250.0,5e-06,2,
32,OLSCAKE,Other oilseed cake,2006,Export,4397.0,3.9099e-05,2,
32,OLSCAKE,Other oilseed cake,2006,Import,16237.0,8.9e-05,2,
32,OLSCAKE,Other oilseed cake,2007,Export,0.0,0.0,2,
32,OLSCAKE,Other oilseed cake,2007,Import,637.0,3.21e-06,2,
32,OLSCAKE,Other oilseed cake,2008,Export,3790.0,1.33e-05,2,
32,OLSCAKE,Other oilseed cake,2008,Import,678.0,1.894e-06,2,
32,OLSCAKE,Other oilseed cake,2009,Export,426073.0,0.001535607,2,
32,OLSCAKE,Other oilseed cake,2009,Import,272.0,1.58e-06,2,
32,OLSCAKE,Other oilseed cake,2010,Export,8669495.0,0.03124796,2,
32,OLSCAKE,Other oilseed cake,2010,Import,1340.0,5.672e-06,2,
32,OLSCAKE,Other oilseed cake,2011,Export,85948.0,0.000197938,2,
32,OLSCAKE,Other oilseed cake,2011,Import,472.0,3.9e-06,2,
32,OLSCAKE,Other oilseed cake,2012,Export,67808.0,0.0002845,2,
32,OLSCAKE,Other oilseed cake,2012,Import,5265.0,1.78e-05,2,
32,OLSCAKE,Other oilseed cake,2013,Export,114020.0,0.000494664,2,
32,OLSCAKE,Other oilseed cake,2013,Import,904.0,3.4e-06,2,
32,OLSCAKE,Other oilseed cake,2014,Export,43750.0,0.000168894,2,
32,OLSCAKE,Other oilseed cake,2014,Import,48898.0,0.000303764,2,
32,OLSCAKE,Other oilseed cake,2015,Export,694347.0,0.003888039,2,
32,OLSCAKE,Other oilseed cake,2015,Import,29153.0,0.000124872,2,
32,OLSCAKE,Other oilseed cake,2016,Export,516226.0,0.00184228,2,
32,OLSCAKE,Other oilseed cake,2016,Import,3720320.0,0.016733535,2,
32,OLSCAKE,Other oilseed cake,2017,Export,5782.3,5.044e-05,2,
32,OLSCAKE,Other oilseed cake,2017,Import,62.08,1.1e-07,2,
32,OLSCAKE,Other oilseed cake,2018,Export,293360.14,0.000447147,2,
32,OLSCAKE,Other oilseed cake,2018,Import,4946.5,1.6846e-05,2,
32,OLSCAKE,Other oilseed cake,2019,Export,332026.28,0.001723199,2,
32,OLSCAKE,Other oilseed cake,2019,Import,531.32,1.975e-06,2,
32,OLSCAKE,Other oilseed cake,2020,Export,1141717.48,0.004635628,2,
32,OLSCAKE,Other oilseed cake,2020,Import,0.0,0.0,2,
32,OLSCAKE,Other oilseed cake,2021,Export,859.08,2.5e-08,2,
32,OLSCAKE,Other oilseed cake,2021,Import,0.0,0.0,2,
32,OLSCAKE,Other oilseed cake,2022,Export,19217.06,7.206e-05,2,
32,OLSCAKE,Other oilseed cake,2022,Import,0.0,0.0,2,
32,OLSCAKE,Other oilseed cake,2023,Export,20684.0,8.745e-05,2,
32,OLSCAKE,Other oilseed cake,2023,Import,0.0,0.0,2,
32,OLSCAKE,Other oilseed cake,2024,Export,735877.97,0.0034394,2,
32,OLSCAKE,Other oilseed cake,2024,Import,0.0,0.0,2,
32,OLSCAKE,Other oilseed cake,2025,Export,4991.95,7.826e-05,2,
32,OLSCAKE,Other oilseed cake,2025,Import,882.32,9.35e-07,2,
37,PULSES,Other pulses,2000,Export,5163312.5,0.010749725,2,
37,PULSES,Other pulses,2000,Import,1713000.0,0.007156228,2,
37,PULSES,Other pulses,2001,Export,9825534.3,0.022176247,1,
37,PULSES,Other pulses,2001,Import,356655.81,0.001071149,2,
37,PULSES,Other pulses,2002,Export,6586445.25,0.016003404,2,
37,PULSES,Other pulses,2002,Import,137362.0,0.000437009,2,
37,PULSES,Other pulses,2003,Export,19886737.0,0.062756886,3,
37,PULSES,Other pulses,2003,Import,12562956.0,0.060754766,3,
37,PULSES,Other pulses,2004,Export,15902936.0,0.050930008,3,
37,PULSES,Other pulses,2004,Import,15190368.0,0.073637996,3,
37,PULSES,Other pulses,2005,Export,38039878.0,0.101837872,3,
37,PULSES,Other pulses,2005,Import,28202474.0,0.087860308,3,
37,PULSES,Other pulses,2006,Export,7898660.0,0.019176956,3,
37,PULSES,Other pulses,2006,Import,37404668.0,0.074455963,3,
37,PULSES,Other pulses,2007,Export,4044595.0,0.009083729,3,
37,PULSES,Other pulses,2007,Import,27178126.0,0.048245906,3,
37,PULSES,Other pulses,2008,Export,490129.0,0.000660215,3,
37,PULSES,Other pulses,2008,Import,31202978.0,0.056054216,3,
37,PULSES,Other pulses,2009,Export,8189.0,6.662e-06,3,
37,PULSES,Other pulses,2009,Import,20275434.0,0.034211549,3,
37,PULSES,Other pulses,2010,Export,27947.0,2.9297e-05,3,
37,PULSES,Other pulses,2010,Import,35404873.0,0.039132102,3,
37,PULSES,Other pulses,2011,Export,242668.0,0.000216851,3,
37,PULSES,Other pulses,2011,Import,41125302.0,0.04750449,3,
37,PULSES,Other pulses,2012,Export,3565933.0,0.002489777,3,
37,PULSES,Other pulses,2012,Import,31661858.0,0.048882993,3,
37,PULSES,Other pulses,2013,Export,240858.0,0.0001,3,
37,PULSES,Other pulses,2013,Import,36049705.0,0.057579581,3,
37,PULSES,Other pulses,2014,Export,780.0,4.54e-07,3,
37,PULSES,Other pulses,2014,Import,61433033.0,0.087180966,3,
37,PULSES,Other pulses,2015,Export,2347.0,2.23e-06,3,
37,PULSES,Other pulses,2015,Import,49218238.0,0.057298471,3,
37,PULSES,Other pulses,2016,Export,0.0,0.0,3,
37,PULSES,Other pulses,2016,Import,85263571.0,0.066398044,3,
37,PULSES,Other pulses,2017,Export,0.0,0.0,3,
37,PULSES,Other pulses,2017,Import,74210144.31,0.081916548,3,
37,PULSES,Other pulses,2018,Export,0.0,0.0,3,
37,PULSES,Other pulses,2018,Import,48643852.36,0.099961246,3,
37,PULSES,Other pulses,2019,Export,0.0,0.0,3,
37,PULSES,Other pulses,2019,Import,67594479.71,0.116182705,3,
37,PULSES,Other pulses,2020,Export,0.0,0.0,3,
37,PULSES,Other pulses,2020,Import,68523262.85,0.103148588,3,
37,PULSES,Other pulses,2021,Export,0.0,0.0,3,
37,PULSES,Other pulses,2021,Import,83115094.49,0.105247027,3,
37,PULSES,Other pulses,2022,Export,0.0,0.0,3,
37,PULSES,Other pulses,2022,Import,68090258.64,0.08268197,3,
37,PULSES,Other pulses,2023,Export,0.0,0.0,3,
37,PULSES,Other pulses,2023,Import,53855150.34,0.062559499,3,
37,PULSES,Other pulses,2024,Export,0.0,0.0,3,
37,PULSES,Other pulses,2024,Import,102911385.18,0.097642049,3,
37,PULSES,Other pulses,2025,Export,0.0,0.0,3,
37,PULSES,Other pulses,2025,Import,63870175.65,0.08148221,3,
62,BEVSPICES,Other spices,2000,Export,4944443.41,0.004403557,5,
62,BEVSPICES,Other spices,2000,Import,15433559.0,0.050749894,5,
62,BEVSPICES,Other spices,2001,Export,3835233.17,0.004292094,5,
62,BEVSPICES,Other spices,2001,Import,10898351.0,0.039923605,5,
62,BEVSPICES,Other spices,2002,Export,2897163.39,0.003674294,5,
62,BEVSPICES,Other spices,2002,Import,13479576.88,0.051599392,4,
62,BEVSPICES,Other spices,2003,Export,3157259.0,0.00310608,9,
62,BEVSPICES,Other spices,2003,Import,14265057.0,0.042635859,9,
62,BEVSPICES,Other spices,2004,Export,3803751.0,0.003804465,9,
62,BEVSPICES,Other spices,2004,Import,20656775.0,0.051735068,9,
62,BEVSPICES,Other spices,2005,Export,4216878.0,0.004099817,9,
62,BEVSPICES,Other spices,2005,Import,31077002.0,0.059145903,9,
62,BEVSPICES,Other spices,2006,Export,8631838.0,0.009721394,9,
62,BEVSPICES,Other spices,2006,Import,29908726.0,0.064452693,9,
62,BEVSPICES,Other spices,2007,Export,5773280.0,0.004473422,9,
62,BEVSPICES,Other spices,2007,Import,35352933.0,0.076445107,9,
62,BEVSPICES,Other spices,2008,Export,6004033.0,0.003309151,9,
62,BEVSPICES,Other spices,2008,Import,60238284.0,0.104174238,9,
62,BEVSPICES,Other spices,2009,Export,8742907.0,0.005691206,9,
62,BEVSPICES,Other spices,2009,Import,43873327.0,0.080851278,9,
62,BEVSPICES,Other spices,2010,Export,8172862.0,0.003791268,9,
62,BEVSPICES,Other spices,2010,Import,69906653.0,0.092609151,9,
62,BEVSPICES,Other spices,2011,Export,6338576.0,0.002419814,9,
62,BEVSPICES,Other spices,2011,Import,69323324.0,0.08131625,9,
62,BEVSPICES,Other spices,2012,Export,5969674.0,0.001540812,9,
62,BEVSPICES,Other spices,2012,Import,33238076.0,0.061491751,9,
62,BEVSPICES,Other spices,2013,Export,6775475.0,0.004152378,9,
62,BEVSPICES,Other spices,2013,Import,40501713.0,0.073506984,9,
62,BEVSPICES,Other spices,2014,Export,4411038.0,0.002352037,9,
62,BEVSPICES,Other spices,2014,Import,65842064.0,0.099888148,9,
62,BEVSPICES,Other spices,2015,Export,6796967.0,0.002874554,9,
62,BEVSPICES,Other spices,2015,Import,81442985.0,0.124952772,9,
62,BEVSPICES,Other spices,2016,Export,7930014.0,0.00455149,9,
62,BEVSPICES,Other spices,2016,Import,68884482.0,0.096972676,9,
62,BEVSPICES,Other spices,2017,Export,8142082.92,0.005484639,9,
62,BEVSPICES,Other spices,2017,Import,78634449.26,0.096788902,9,
62,BEVSPICES,Other spices,2018,Export,5042555.37,0.002059515,9,
62,BEVSPICES,Other spices,2018,Import,95733537.82,0.11323777,9,
62,BEVSPICES,Other spices,2019,Export,6060589.78,0.002962733,9,
62,BEVSPICES,Other spices,2019,Import,96816059.99,0.109668374,9,
62,BEVSPICES,Other spices,2020,Export,2274818.69,0.000908688,9,
62,BEVSPICES,Other spices,2020,Import,119141019.27,0.12438975,9,
62,BEVSPICES,Other spices,2021,Export,5940004.96,0.002698111,9,
62,BEVSPICES,Other spices,2021,Import,138695644.67,0.137973092,9,
62,BEVSPICES,Other spices,2022,Export,5402277.35,0.002314509,9,
62,BEVSPICES,Other spices,2022,Import,81929700.59,0.108462706,9,
62,BEVSPICES,Other spices,2023,Export,12326184.53,0.006874348,9,
62,BEVSPICES,Other spices,2023,Import,64498713.11,0.0992317,9,
62,BEVSPICES,Other spices,2024,Export,9829246.32,0.005497649,9,
62,BEVSPICES,Other spices,2024,Import,96495858.46,0.139226779,9,
62,BEVSPICES,Other spices,2025,Export,7206061.43,0.004414869,9,
62,BEVSPICES,Other spices,2025,Import,100512878.66,0.146176165,9,
57,FRUVEG,Other vegetables,2000,Export,1453615.03,0.001414505,10,
57,FRUVEG,Other vegetables,2000,Import,3337923.0,0.010288976,3,
57,FRUVEG,Other vegetables,2001,Export,2555079.1,0.002652604,12,
57,FRUVEG,Other vegetables,2001,Import,4596328.0,0.014657169,4,
57,FRUVEG,Other vegetables,2002,Export,4299104.37,0.004371796,15,
57,FRUVEG,Other vegetables,2002,Import,11150596.54,0.039362373,6,
57,FRUVEG,Other vegetables,2003,Export,10248153.0,0.053724649,24,
57,FRUVEG,Other vegetables,2003,Import,9726880.0,0.042359519,24,
57,FRUVEG,Other vegetables,2004,Export,10130888.0,0.053956112,24,
57,FRUVEG,Other vegetables,2004,Import,8313628.0,0.031697078,24,
57,FRUVEG,Other vegetables,2005,Export,9819601.0,0.033997591,24,
57,FRUVEG,Other vegetables,2005,Import,27461409.0,0.058063647,24,
57,FRUVEG,Other vegetables,2006,Export,11922363.0,0.047241856,24,
57,FRUVEG,Other vegetables,2006,Import,31210037.0,0.056550432,24,
57,FRUVEG,Other vegetables,2007,Export,12395562.0,0.040292782,24,
57,FRUVEG,Other vegetables,2007,Import,59179775.0,0.101542661,24,
57,FRUVEG,Other vegetables,2008,Export,5644047.0,0.012671404,24,
57,FRUVEG,Other vegetables,2008,Import,33754427.0,0.080115607,24,
57,FRUVEG,Other vegetables,2009,Export,6426751.0,0.015639747,24,
57,FRUVEG,Other vegetables,2009,Import,37989804.0,0.08971391,24,
57,FRUVEG,Other vegetables,2010,Export,14545384.0,0.032174154,24,
57,FRUVEG,Other vegetables,2010,Import,68637426.0,0.057272471,24,
57,FRUVEG,Other vegetables,2011,Export,53915463.0,0.139732812,24,
57,FRUVEG,Other vegetables,2011,Import,65648465.0,0.052608092,24,
57,FRUVEG,Other vegetables,2012,Export,10457969.0,0.022837526,24,
57,FRUVEG,Other vegetables,2012,Import,31055790.0,0.035466224,24,
57,FRUVEG,Other vegetables,2013,Export,53336620.0,0.134459203,24,
57,FRUVEG,Other vegetables,2013,Import,38942065.0,0.054555286,24,
57,FRUVEG,Other vegetables,2014,Export,34503577.0,0.076224704,24,
57,FRUVEG,Other vegetables,2014,Import,58102570.0,0.07130109,24,
57,FRUVEG,Other vegetables,2015,Export,44092958.0,0.093100125,24,
57,FRUVEG,Other vegetables,2015,Import,60866061.0,0.033937841,24,
57,FRUVEG,Other vegetables,2016,Export,53489424.0,0.09593285,24,
57,FRUVEG,Other vegetables,2016,Import,97487756.0,0.066873947,24,
57,FRUVEG,Other vegetables,2017,Export,53915943.51,0.085875548,24,
57,FRUVEG,Other vegetables,2017,Import,74376965.02,0.068354974,24,
57,FRUVEG,Other vegetables,2018,Export,47915199.3,0.101617086,24,
57,FRUVEG,Other vegetables,2018,Import,47762132.71,0.103119298,24,
57,FRUVEG,Other vegetables,2019,Export,36453797.77,0.083981983,24,
57,FRUVEG,Other vegetables,2019,Import,78155122.69,0.158627921,24,
57,FRUVEG,Other vegetables,2020,Export,29385426.49,0.037395901,24,
57,FRUVEG,Other vegetables,2020,Import,123378621.37,0.212640432,24,
57,FRUVEG,Other vegetables,2021,Export,36038053.75,0.085095359,24,
57,FRUVEG,Other vegetables,2021,Import,85289209.9,0.170772383,24,
57,FRUVEG,Other vegetables,2022,Export,17882672.85,0.032567155,24,
57,FRUVEG,Other vegetables,2022,Import,75720932.67,0.156917544,24,
57,FRUVEG,Other vegetables,2023,Export,31899309.42,0.165469013,24,
57,FRUVEG,Other vegetables,2023,Import,48230743.9,0.136015048,24,
57,FRUVEG,Other vegetables,2024,Export,20447994.29,0.095800649,24,
57,FRUVEG,Other vegetables,2024,Import,66255069.23,0.143842016,24,
57,FRUVEG,Other vegetables,2025,Export,25617486.43,0.130740968,24,
57,FRUVEG,Other vegetables,2025,Import,49030671.7,0.13217411,24,
27,OLSOIL,Palm oil,2000,Export,,,0,
27,OLSOIL,Palm oil,2000,Import,298488041.0,1.0399716,2,
27,OLSOIL,Palm oil,2001,Export,29206.0,6.5411e-05,1,
27,OLSOIL,Palm oil,2001,Import,292427191.0,0.729996883,2,
27,OLSOIL,Palm oil,2002,Export,34.0,4e-08,1,
27,OLSOIL,Palm oil,2002,Import,457741151.0,1.265062199,2,
27,OLSOIL,Palm oil,2003,Export,0.0,0.0,2,
27,OLSOIL,Palm oil,2003,Import,598119845.0,1.310763172,2,
27,OLSOIL,Palm oil,2004,Export,0.0,0.0,2,
27,OLSOIL,Palm oil,2004,Import,605641312.0,1.279966198,2,
27,OLSOIL,Palm oil,2005,Export,0.0,0.0,2,
27,OLSOIL,Palm oil,2005,Import,752800138.0,1.723093936,2,
27,OLSOIL,Palm oil,2006,Export,0.0,0.0,2,
27,OLSOIL,Palm oil,2006,Import,766122633.0,1.674455044,2,
27,OLSOIL,Palm oil,2007,Export,0.0,0.0,2,
27,OLSOIL,Palm oil,2007,Import,1146754267.0,1.637349359,2,
27,OLSOIL,Palm oil,2008,Export,0.0,0.0,2,
27,OLSOIL,Palm oil,2008,Import,1676068491.0,1.660980937,2,
27,OLSOIL,Palm oil,2009,Export,440608.0,0.000324285,2,
27,OLSOIL,Palm oil,2009,Import,1245777988.0,1.838569976,2,
27,OLSOIL,Palm oil,2010,Export,0.0,0.0,2,
27,OLSOIL,Palm oil,2010,Import,1659241323.0,1.938870792,2,
27,OLSOIL,Palm oil,2011,Export,198710.0,0.000203468,2,
27,OLSOIL,Palm oil,2011,Import,2355039226.0,2.016981326,2,
27,OLSOIL,Palm oil,2012,Export,0.0,0.0,2,
27,OLSOIL,Palm oil,2012,Import,2131602165.0,2.036041442,2,
27,OLSOIL,Palm oil,2013,Export,3239440.0,0.003,2,
27,OLSOIL,Palm oil,2013,Import,1842879393.0,2.248607383,2,
27,OLSOIL,Palm oil,2014,Export,0.0,0.0,2,
27,OLSOIL,Palm oil,2014,Import,1943596543.0,2.352732345,2,
27,OLSOIL,Palm oil,2015,Export,2086050.0,0.001818043,2,
27,OLSOIL,Palm oil,2015,Import,1653405251.0,2.51930538,2,
27,OLSOIL,Palm oil,2016,Export,0.0,0.0,2,
27,OLSOIL,Palm oil,2016,Import,1701167685.0,2.603180902,2,
27,OLSOIL,Palm oil,2017,Export,0.0,0.0,2,
27,OLSOIL,Palm oil,2017,Import,2096233477.59,2.773343827,2,
27,OLSOIL,Palm oil,2018,Export,0.0,0.0,2,
27,OLSOIL,Palm oil,2018,Import,1930229185.58,2.964214932,2,
27,OLSOIL,Palm oil,2019,Export,0.0,0.0,2,
27,OLSOIL,Palm oil,2019,Import,1752711129.87,3.164630187,2,
27,OLSOIL,Palm oil,2020,Export,1501.99,1.45e-06,2,
27,OLSOIL,Palm oil,2020,Import,2109310030.41,3.084363328,2,
27,OLSOIL,Palm oil,2021,Export,5164.06,0.0,1,
27,OLSOIL,Palm oil,2021,Import,3408796504.87,3.153103909,2,
27,OLSOIL,Palm oil,2022,Export,206.61,1.5e-07,2,
27,OLSOIL,Palm oil,2022,Import,3805331757.38,2.815779476,2,
27,OLSOIL,Palm oil,2023,Export,212.24,1e-07,2,
27,OLSOIL,Palm oil,2023,Import,2921509947.23,2.984168529,2,
27,OLSOIL,Palm oil,2024,Export,731852.03,0.000692872,2,
27,OLSOIL,Palm oil,2024,Import,2928780864.26,3.09294648,2,
27,OLSOIL,Palm oil,2025,Export,92417278.7,0.081946302,2,
27,OLSOIL,Palm oil,2025,Import,3839679374.59,3.476112113,2,
36,PULSES,Peas,2000,Export,34990.17,0.000163385,1,
36,PULSES,Peas,2000,Import,15998694.0,0.091470818,1,
36,PULSES,Peas,2001,Export,235313.17,0.000880201,1,
36,PULSES,Peas,2001,Import,15706122.0,0.096357122,1,
36,PULSES,Peas,2002,Export,578287.97,0.001919047,1,
36,PULSES,Peas,2002,Import,15243022.0,0.078528295,1,
36,PULSES,Peas,2003,Export,69340.0,0.0002435,1,
36,PULSES,Peas,2003,Import,5874008.0,0.028326228,1,
36,PULSES,Peas,2004,Export,37263.0,0.0001635,1,
36,PULSES,Peas,2004,Import,8862159.0,0.040660199,1,
36,PULSES,Peas,2005,Export,69727.0,0.000247665,1,
36,PULSES,Peas,2005,Import,22485449.0,0.103717565,1,
36,PULSES,Peas,2006,Export,3929287.0,0.013010768,1,
36,PULSES,Peas,2006,Import,38136510.0,0.171663592,1,
36,PULSES,Peas,2007,Export,222895.0,0.000555571,1,
36,PULSES,Peas,2007,Import,14549849.0,0.04442991,1,
36,PULSES,Peas,2008,Export,1033589.0,0.00093705,1,
36,PULSES,Peas,2008,Import,51632366.0,0.080147749,1,
36,PULSES,Peas,2009,Export,0.0,0.0,1,
36,PULSES,Peas,2009,Import,29358627.0,0.072131693,1,
36,PULSES,Peas,2010,Export,4.0,1e-07,1,
36,PULSES,Peas,2010,Import,55638241.0,0.158417243,1,
36,PULSES,Peas,2011,Export,2874107.0,0.003433725,1,
36,PULSES,Peas,2011,Import,41361793.0,0.097345152,1,
36,PULSES,Peas,2012,Export,4518965.0,0.005792254,1,
36,PULSES,Peas,2012,Import,116249630.0,0.191889025,1,
36,PULSES,Peas,2013,Export,5707091.0,0.006725819,1,
36,PULSES,Peas,2013,Import,97984020.0,0.160527737,1,
36,PULSES,Peas,2014,Export,44527.0,4.08e-05,1,
36,PULSES,Peas,2014,Import,119960299.0,0.237005664,1,
36,PULSES,Peas,2015,Export,25722.0,5.1e-05,1,
36,PULSES,Peas,2015,Import,251182352.0,0.455776762,1,
36,PULSES,Peas,2016,Export,0.0,0.0,1,
36,PULSES,Peas,2016,Import,325710995.0,0.462860453,1,
36,PULSES,Peas,2017,Export,0.0,0.0,1,
36,PULSES,Peas,2017,Import,138883755.83,0.294351252,1,
36,PULSES,Peas,2018,Export,0.0,0.0,1,
36,PULSES,Peas,2018,Import,51671175.57,0.189106443,1,
36,PULSES,Peas,2019,Export,0.0,0.0,1,
36,PULSES,Peas,2019,Import,59840467.2,0.200873629,1,
36,PULSES,Peas,2020,Export,0.0,0.0,1,
36,PULSES,Peas,2020,Import,249203437.68,0.597969394,1,
36,PULSES,Peas,2021,Export,0.0,0.0,1,
36,PULSES,Peas,2021,Import,432789022.31,0.769765323,1,
36,PULSES,Peas,2022,Export,0.0,0.0,1,
36,PULSES,Peas,2022,Import,236259776.07,0.344776929,1,
36,PULSES,Peas,2023,Export,0.0,0.0,1,
36,PULSES,Peas,2023,Import,132885978.4,0.25156346,1,
36,PULSES,Peas,2024,Export,0.0,0.0,1,
36,PULSES,Peas,2024,Import,162973974.22,0.318493767,1,
36,PULSES,Peas,2025,Export,0.0,0.0,1,
36,PULSES,Peas,2025,Import,72873408.94,0.186392502,1,
53,FRUVEG,Plantain,2000,Export,,,0,
53,FRUVEG,Plantain,2000,Import,,,0,
53,FRUVEG,Plantain,2001,Export,,,0,
53,FRUVEG,Plantain,2001,Import,,,0,
53,FRUVEG,Plantain,2002,Export,,,0,
53,FRUVEG,Plantain,2002,Import,,,0,
53,FRUVEG,Plantain,2003,Export,0.0,0.0,1,
53,FRUVEG,Plantain,2003,Import,0.0,0.0,1,
53,FRUVEG,Plantain,2004,Export,0.0,0.0,1,
53,FRUVEG,Plantain,2004,Import,0.0,0.0,1,
53,FRUVEG,Plantain,2005,Export,0.0,0.0,1,
53,FRUVEG,Plantain,2005,Import,0.0,0.0,1,
53,FRUVEG,Plantain,2006,Export,0.0,0.0,1,
53,FRUVEG,Plantain,2006,Import,0.0,0.0,1,
53,FRUVEG,Plantain,2007,Export,0.0,0.0,1,
53,FRUVEG,Plantain,2007,Import,0.0,0.0,1,
53,FRUVEG,Plantain,2008,Export,0.0,0.0,1,
53,FRUVEG,Plantain,2008,Import,0.0,0.0,1,
53,FRUVEG,Plantain,2009,Export,0.0,0.0,1,
53,FRUVEG,Plantain,2009,Import,0.0,0.0,1,
53,FRUVEG,Plantain,2010,Export,0.0,0.0,1,
53,FRUVEG,Plantain,2010,Import,0.0,0.0,1,
53,FRUVEG,Plantain,2011,Export,0.0,0.0,1,
53,FRUVEG,Plantain,2011,Import,0.0,0.0,1,
53,FRUVEG,Plantain,2012,Export,13307.0,3.1e-05,1,
53,FRUVEG,Plantain,2012,Import,443999.0,0.002816689,1,
53,FRUVEG,Plantain,2013,Export,319291.0,0.000736145,1,
53,FRUVEG,Plantain,2013,Import,46914.0,8.408e-06,1,
53,FRUVEG,Plantain,2014,Export,39213.0,9.9396e-05,1,
53,FRUVEG,Plantain,2014,Import,340884.0,5.6624e-05,1,
53,FRUVEG,Plantain,2015,Export,13156.0,2.9868e-05,1,
53,FRUVEG,Plantain,2015,Import,2679.0,5.01e-07,1,
53,FRUVEG,Plantain,2016,Export,8018.0,2.1e-05,1,
53,FRUVEG,Plantain,2016,Import,19899.0,1.7375e-05,1,
53,FRUVEG,Plantain,2017,Export,0.0,0.0,1,
53,FRUVEG,Plantain,2017,Import,76.14,3.6e-08,1,
53,FRUVEG,Plantain,2018,Export,1356727.55,0.004105548,1,
53,FRUVEG,Plantain,2018,Import,0.0,0.0,1,
53,FRUVEG,Plantain,2019,Export,34080.76,0.000121808,1,
53,FRUVEG,Plantain,2019,Import,333.57,2.7e-07,1,
53,FRUVEG,Plantain,2020,Export,0.0,0.0,1,
53,FRUVEG,Plantain,2020,Import,0.0,0.0,1,
53,FRUVEG,Plantain,2021,Export,872649.64,0.00345586,1,
53,FRUVEG,Plantain,2021,Import,2498.89,7.9e-06,1,
53,FRUVEG,Plantain,2022,Export,24706.73,0.000144,1,
53,FRUVEG,Plantain,2022,Import,0.0,0.0,1,
53,FRUVEG,Plantain,2023,Export,3156224.41,0.022123976,1,
53,FRUVEG,Plantain,2023,Import,0.0,0.0,1,
53,FRUVEG,Plantain,2024,Export,4572536.56,0.031854014,1,
53,FRUVEG,Plantain,2024,Import,0.0,0.0,1,
53,FRUVEG,Plantain,2025,Export,1396717.22,0.009801956,1,
53,FRUVEG,Plantain,2025,Import,0.0,0.0,1,
38,ROOTS,Potato,2000,Export,10049977.0,0.06419203,2,
38,ROOTS,Potato,2000,Import,85853.0,0.001334685,3,
38,ROOTS,Potato,2001,Export,6469556.0,0.041497581,2,
38,ROOTS,Potato,2001,Import,1604724.0,0.003802381,2,
38,ROOTS,Potato,2002,Export,5202184.0,0.030876219,2,
38,ROOTS,Potato,2002,Import,2110199.0,0.005167254,3,
38,ROOTS,Potato,2003,Export,7239979.0,0.074116752,3,
38,ROOTS,Potato,2003,Import,962146.0,0.006939807,3,
38,ROOTS,Potato,2004,Export,5748319.0,0.056066298,3,
38,ROOTS,Potato,2004,Import,1162550.0,0.013880682,3,
38,ROOTS,Potato,2005,Export,2235524.0,0.013956168,3,
38,ROOTS,Potato,2005,Import,6221713.0,0.031080849,3,
38,ROOTS,Potato,2006,Export,4501420.0,0.023186027,3,
38,ROOTS,Potato,2006,Import,9594858.0,0.053255925,3,
38,ROOTS,Potato,2007,Export,34525501.0,0.191426494,3,
38,ROOTS,Potato,2007,Import,8571611.0,0.046047679,3,
38,ROOTS,Potato,2008,Export,20600138.0,0.142569773,3,
38,ROOTS,Potato,2008,Import,33877224.0,0.212071807,3,
38,ROOTS,Potato,2009,Export,46765532.0,0.347872667,3,
38,ROOTS,Potato,2009,Import,12929253.0,0.042680917,3,
38,ROOTS,Potato,2010,Export,47878276.0,0.215436327,3,
38,ROOTS,Potato,2010,Import,6931122.0,0.033024088,3,
38,ROOTS,Potato,2011,Export,102187207.0,0.443393945,3,
38,ROOTS,Potato,2011,Import,8615823.0,0.022015686,3,
38,ROOTS,Potato,2012,Export,83664358.0,0.301593778,3,
38,ROOTS,Potato,2012,Import,5887992.0,0.031328486,3,
38,ROOTS,Potato,2013,Export,130384958.0,0.488114019,3,
38,ROOTS,Potato,2013,Import,9857174.0,0.040463701,3,
38,ROOTS,Potato,2014,Export,51229859.0,0.15401495,3,
38,ROOTS,Potato,2014,Import,96135603.0,0.26872996,3,
38,ROOTS,Potato,2015,Export,122498633.0,0.464734017,3,
38,ROOTS,Potato,2015,Import,8078309.0,0.047045623,3,
38,ROOTS,Potato,2016,Export,78187425.0,0.397222503,3,
38,ROOTS,Potato,2016,Import,9950260.0,0.059024358,3,
38,ROOTS,Potato,2017,Export,80972031.86,0.414933293,3,
38,ROOTS,Potato,2017,Import,11914730.68,0.066722296,3,
38,ROOTS,Potato,2018,Export,120881945.98,0.688763226,3,
38,ROOTS,Potato,2018,Import,11424587.55,0.0678769,3,
38,ROOTS,Potato,2019,Export,115287641.34,0.624524662,3,
38,ROOTS,Potato,2019,Import,10007319.91,0.049934741,3,
38,ROOTS,Potato,2020,Export,69846245.27,0.274476614,3,
38,ROOTS,Potato,2020,Import,21880387.01,0.059935453,2,
38,ROOTS,Potato,2021,Export,112431920.12,0.432254589,3,
38,ROOTS,Potato,2021,Import,16997182.79,0.050559762,3,
38,ROOTS,Potato,2022,Export,213764965.41,0.925637598,3,
38,ROOTS,Potato,2022,Import,16332339.64,0.04762174,3,
38,ROOTS,Potato,2023,Export,140191089.02,0.759951136,3,
38,ROOTS,Potato,2023,Import,10634579.2,0.027405162,3,
38,ROOTS,Potato,2024,Export,141227874.98,0.752882262,3,
38,ROOTS,Potato,2024,Import,12666614.67,0.022519098,2,
38,ROOTS,Potato,2025,Export,190275772.37,0.94067025,3,
38,ROOTS,Potato,2025,Import,14760726.11,0.035379672,3,
69,POULTRY,Poultry meat,2000,Export,897.0,6.25e-07,2,
69,POULTRY,Poultry meat,2000,Import,483360.0,0.000544413,1,
69,POULTRY,Poultry meat,2001,Export,35336.0,3.2693e-05,4,
69,POULTRY,Poultry meat,2001,Import,106684.0,0.000125676,1,
69,POULTRY,Poultry meat,2002,Export,,,0,
69,POULTRY,Poultry meat,2002,Import,14862.0,1.863e-05,1,
69,POULTRY,Poultry meat,2003,Export,0.0,0.0,4,
69,POULTRY,Poultry meat,2003,Import,0.0,0.0,4,
69,POULTRY,Poultry meat,2004,Export,0.0,0.0,4,
69,POULTRY,Poultry meat,2004,Import,12384.0,1.045e-05,4,
69,POULTRY,Poultry meat,2005,Export,0.0,0.0,4,
69,POULTRY,Poultry meat,2005,Import,0.0,0.0,4,
69,POULTRY,Poultry meat,2006,Export,0.0,0.0,4,
69,POULTRY,Poultry meat,2006,Import,0.0,0.0,4,
69,POULTRY,Poultry meat,2007,Export,1328.0,3.6e-07,4,
69,POULTRY,Poultry meat,2007,Import,39151.0,1.85e-05,4,
69,POULTRY,Poultry meat,2008,Export,1410.0,5.04e-07,4,
69,POULTRY,Poultry meat,2008,Import,0.0,0.0,4,
69,POULTRY,Poultry meat,2009,Export,392.0,1e-07,4,
69,POULTRY,Poultry meat,2009,Import,0.0,0.0,4,
69,POULTRY,Poultry meat,2010,Export,1138737.0,0.001037294,4,
69,POULTRY,Poultry meat,2010,Import,61782.0,2.5751e-05,4,
69,POULTRY,Poultry meat,2011,Export,3084599.0,0.001718,4,
69,POULTRY,Poultry meat,2011,Import,14762.0,5.924e-06,4,
69,POULTRY,Poultry meat,2012,Export,2275211.0,0.001456233,4,
69,POULTRY,Poultry meat,2012,Import,114423.0,8.9976e-05,4,
69,POULTRY,Poultry meat,2013,Export,4535200.0,0.001973515,4,
69,POULTRY,Poultry meat,2013,Import,65032.0,2.5509e-05,4,
69,POULTRY,Poultry meat,2014,Export,3979873.0,0.003325014,4,
69,POULTRY,Poultry meat,2014,Import,76131.0,2.0532e-05,4,
69,POULTRY,Poultry meat,2015,Export,1644838.0,0.001732143,4,
69,POULTRY,Poultry meat,2015,Import,124617.0,4.4101e-05,4,
69,POULTRY,Poultry meat,2016,Export,1827539.0,0.001732241,4,
69,POULTRY,Poultry meat,2016,Import,65966.0,2.3728e-05,4,
69,POULTRY,Poultry meat,2017,Export,3733516.33,0.00338358,4,
69,POULTRY,Poultry meat,2017,Import,122616.92,6.4481e-05,4,
69,POULTRY,Poultry meat,2018,Export,4843004.41,0.004500431,4,
69,POULTRY,Poultry meat,2018,Import,797410.67,0.000318518,4,
69,POULTRY,Poultry meat,2019,Export,3327240.4,0.003940116,4,
69,POULTRY,Poultry meat,2019,Import,90492.46,4.2453e-05,4,
69,POULTRY,Poultry meat,2020,Export,2619477.77,0.006145825,4,
69,POULTRY,Poultry meat,2020,Import,76788.36,0.000107806,4,
69,POULTRY,Poultry meat,2021,Export,2056262.16,0.005851986,4,
69,POULTRY,Poultry meat,2021,Import,100018.26,0.000156705,4,
69,POULTRY,Poultry meat,2022,Export,275124.64,0.000588093,4,
69,POULTRY,Poultry meat,2022,Import,161720.23,0.000213959,4,
69,POULTRY,Poultry meat,2023,Export,1795980.66,0.005358073,4,
69,POULTRY,Poultry meat,2023,Import,41848.75,6.1618e-05,4,
69,POULTRY,Poultry meat,2024,Export,1736820.22,0.005495739,4,
69,POULTRY,Poultry meat,2024,Import,147791.45,0.000431802,4,
69,POULTRY,Poultry meat,2025,Export,1594139.49,0.005238235,4,
69,POULTRY,Poultry meat,2025,Import,151565.69,0.000388617,4,
19,OLSOIL,Rapeseed,2000,Export,142483.13,0.001043454,2,
19,OLSOIL,Rapeseed,2000,Import,78318428.0,0.3983937,1,
19,OLSOIL,Rapeseed,2001,Export,20859.68,7.065e-05,1,
19,OLSOIL,Rapeseed,2001,Import,73752382.59,0.35833223,1,
19,OLSOIL,Rapeseed,2002,Export,222742.9,0.000943662,2,
19,OLSOIL,Rapeseed,2002,Import,127553675.0,0.51363425,2,
19,OLSOIL,Rapeseed,2003,Export,424666.0,0.0012759,4,
19,OLSOIL,Rapeseed,2003,Import,158137493.0,0.521993103,4,
19,OLSOIL,Rapeseed,2004,Export,409806.0,0.001107662,4,
19,OLSOIL,Rapeseed,2004,Import,186404388.0,0.594447897,4,
19,OLSOIL,Rapeseed,2005,Export,388827.0,0.00146097,4,
19,OLSOIL,Rapeseed,2005,Import,292120705.0,0.953510068,4,
19,OLSOIL,Rapeseed,2006,Export,391810.0,0.00121554,4,
19,OLSOIL,Rapeseed,2006,Import,253012926.0,0.838097341,4,
19,OLSOIL,Rapeseed,2007,Export,560740.0,0.001534088,4,
19,OLSOIL,Rapeseed,2007,Import,385461010.0,0.908581032,4,
19,OLSOIL,Rapeseed,2008,Export,2243962.0,0.003516741,4,
19,OLSOIL,Rapeseed,2008,Import,310496990.0,0.469049497,4,
19,OLSOIL,Rapeseed,2009,Export,1366702.0,0.002063408,4,
19,OLSOIL,Rapeseed,2009,Import,279611330.0,0.606550742,4,
19,OLSOIL,Rapeseed,2010,Export,881327.0,0.002007234,4,
19,OLSOIL,Rapeseed,2010,Import,546728714.0,1.103375895,4,
19,OLSOIL,Rapeseed,2011,Export,988118.0,0.001978374,4,
19,OLSOIL,Rapeseed,2011,Import,505039740.0,0.779616701,4,
19,OLSOIL,Rapeseed,2012,Export,1609406.0,0.00520589,4,
19,OLSOIL,Rapeseed,2012,Import,492441694.0,0.763049301,4,
19,OLSOIL,Rapeseed,2013,Export,5533915.0,0.011844043,4,
19,OLSOIL,Rapeseed,2013,Import,322683662.0,0.512160089,4,
19,OLSOIL,Rapeseed,2014,Export,429503.0,0.001146137,4,
19,OLSOIL,Rapeseed,2014,Import,559027104.0,1.003717085,4,
19,OLSOIL,Rapeseed,2015,Export,132517.0,0.000277069,4,
19,OLSOIL,Rapeseed,2015,Import,371752813.0,0.600975412,4,
19,OLSOIL,Rapeseed,2016,Export,85916.0,0.000146516,4,
19,OLSOIL,Rapeseed,2016,Import,464844387.0,0.882125293,4,
19,OLSOIL,Rapeseed,2017,Export,31374.17,1.5301e-05,4,
19,OLSOIL,Rapeseed,2017,Import,475759993.19,0.814065098,4,
19,OLSOIL,Rapeseed,2018,Export,20900.42,2.6326e-05,4,
19,OLSOIL,Rapeseed,2018,Import,400265714.62,0.809580414,4,
19,OLSOIL,Rapeseed,2019,Export,191748.5,0.000127897,4,
19,OLSOIL,Rapeseed,2019,Import,367027120.64,0.859557847,4,
19,OLSOIL,Rapeseed,2020,Export,173123.85,0.000172742,4,
19,OLSOIL,Rapeseed,2020,Import,329906881.24,0.777024956,4,
19,OLSOIL,Rapeseed,2021,Export,504524.98,0.000530015,4,
19,OLSOIL,Rapeseed,2021,Import,494414558.65,0.854300023,4,
19,OLSOIL,Rapeseed,2022,Export,236954.47,0.000265281,4,
19,OLSOIL,Rapeseed,2022,Import,138551880.94,0.170703818,4,
19,OLSOIL,Rapeseed,2023,Export,47372.31,5.7476e-05,4,
19,OLSOIL,Rapeseed,2023,Import,777188361.1,1.113053266,4,
19,OLSOIL,Rapeseed,2024,Export,74015.29,7.5961e-05,4,
19,OLSOIL,Rapeseed,2024,Import,421052615.06,0.7141494,4,
19,OLSOIL,Rapeseed,2025,Export,100518.01,0.000126192,4,
19,OLSOIL,Rapeseed,2025,Import,288945641.0,0.477713872,4,
31,OLSCAKE,Rapeseed cake,2000,Export,,,0,
31,OLSCAKE,Rapeseed cake,2000,Import,,,0,
31,OLSCAKE,Rapeseed cake,2001,Export,,,0,
31,OLSCAKE,Rapeseed cake,2001,Import,,,0,
31,OLSCAKE,Rapeseed cake,2002,Export,,,0,
31,OLSCAKE,Rapeseed cake,2002,Import,,,0,
31,OLSCAKE,Rapeseed cake,2003,Export,4834.0,4e-05,2,
31,OLSCAKE,Rapeseed cake,2003,Import,0.0,0.0,2,
31,OLSCAKE,Rapeseed cake,2004,Export,954319.0,0.005894658,2,
31,OLSCAKE,Rapeseed cake,2004,Import,0.0,0.0,2,
31,OLSCAKE,Rapeseed cake,2005,Export,773718.0,0.0048944,2,
31,OLSCAKE,Rapeseed cake,2005,Import,0.0,0.0,2,
31,OLSCAKE,Rapeseed cake,2006,Export,1651755.0,0.010445306,2,
31,OLSCAKE,Rapeseed cake,2006,Import,0.0,0.0,2,
31,OLSCAKE,Rapeseed cake,2007,Export,2666027.0,0.016777111,2,
31,OLSCAKE,Rapeseed cake,2007,Import,184.0,8.63e-07,2,
31,OLSCAKE,Rapeseed cake,2008,Export,1225767.0,0.004122552,2,
31,OLSCAKE,Rapeseed cake,2008,Import,516.0,3.086e-06,2,
31,OLSCAKE,Rapeseed cake,2009,Export,2939205.0,0.010321097,2,
31,OLSCAKE,Rapeseed cake,2009,Import,0.0,0.0,2,
31,OLSCAKE,Rapeseed cake,2010,Export,14040174.0,0.050327882,2,
31,OLSCAKE,Rapeseed cake,2010,Import,0.0,0.0,2,
31,OLSCAKE,Rapeseed cake,2011,Export,3325489.0,0.010802786,2,
31,OLSCAKE,Rapeseed cake,2011,Import,0.0,0.0,2,
31,OLSCAKE,Rapeseed cake,2012,Export,22708264.0,0.077194314,2,
31,OLSCAKE,Rapeseed cake,2012,Import,5130218.0,0.013302898,2,
31,OLSCAKE,Rapeseed cake,2013,Export,29483944.0,0.075599943,2,
31,OLSCAKE,Rapeseed cake,2013,Import,5871816.0,0.018394276,2,
31,OLSCAKE,Rapeseed cake,2014,Export,50724415.0,0.148030012,2,
31,OLSCAKE,Rapeseed cake,2014,Import,16625765.0,0.048525131,2,
31,OLSCAKE,Rapeseed cake,2015,Export,8132613.0,0.040729234,2,
31,OLSCAKE,Rapeseed cake,2015,Import,210867.0,0.000499826,2,
31,OLSCAKE,Rapeseed cake,2016,Export,6748874.0,0.0244813,2,
31,OLSCAKE,Rapeseed cake,2016,Import,0.0,0.0,2,
31,OLSCAKE,Rapeseed cake,2017,Export,4302209.56,0.014392023,2,
31,OLSCAKE,Rapeseed cake,2017,Import,3827.84,8.1e-06,2,
31,OLSCAKE,Rapeseed cake,2018,Export,18237758.35,0.057225005,2,
31,OLSCAKE,Rapeseed cake,2018,Import,72666.9,0.00019198,2,
31,OLSCAKE,Rapeseed cake,2019,Export,12066128.87,0.040921612,2,
31,OLSCAKE,Rapeseed cake,2019,Import,45518.28,0.000239709,2,
31,OLSCAKE,Rapeseed cake,2020,Export,11935723.49,0.041109034,2,
31,OLSCAKE,Rapeseed cake,2020,Import,910802.54,0.001309679,2,
31,OLSCAKE,Rapeseed cake,2021,Export,16449949.87,0.04284225,2,
31,OLSCAKE,Rapeseed cake,2021,Import,892847.35,0.010696707,2,
31,OLSCAKE,Rapeseed cake,2022,Export,10939638.46,0.02768906,2,
31,OLSCAKE,Rapeseed cake,2022,Import,171796.28,0.002769912,2,
31,OLSCAKE,Rapeseed cake,2023,Export,199071.79,0.0004,2,
31,OLSCAKE,Rapeseed cake,2023,Import,0.0,0.0,2,
31,OLSCAKE,Rapeseed cake,2024,Export,753.31,1.3575e-05,2,
31,OLSCAKE,Rapeseed cake,2024,Import,0.0,0.0,2,
31,OLSCAKE,Rapeseed cake,2025,Export,0.0,0.0,2,
31,OLSCAKE,Rapeseed cake,2025,Import,0.0,0.0,2,
66,ANIMFAT,Raw animal fat,2000,Export,,,0,
66,ANIMFAT,Raw animal fat,2000,Import,28146903.0,0.108535593,1,
66,ANIMFAT,Raw animal fat,2001,Export,2253.0,3.254e-06,1,
66,ANIMFAT,Raw animal fat,2001,Import,17316270.0,0.075298806,1,
66,ANIMFAT,Raw animal fat,2002,Export,,,0,
66,ANIMFAT,Raw animal fat,2002,Import,27107541.0,0.088481364,1,
66,ANIMFAT,Raw animal fat,2003,Export,0.0,0.0,3,
66,ANIMFAT,Raw animal fat,2003,Import,48632591.0,0.116409679,3,
66,ANIMFAT,Raw animal fat,2004,Export,0.0,0.0,3,
66,ANIMFAT,Raw animal fat,2004,Import,61779442.0,0.138533827,3,
66,ANIMFAT,Raw animal fat,2005,Export,0.0,0.0,3,
66,ANIMFAT,Raw animal fat,2005,Import,43308166.0,0.101360833,3,
66,ANIMFAT,Raw animal fat,2006,Export,0.0,0.0,3,
66,ANIMFAT,Raw animal fat,2006,Import,39537378.0,0.094070163,3,
66,ANIMFAT,Raw animal fat,2007,Export,29722.0,7e-06,3,
66,ANIMFAT,Raw animal fat,2007,Import,42153989.0,0.077702076,3,
66,ANIMFAT,Raw animal fat,2008,Export,0.0,0.0,3,
66,ANIMFAT,Raw animal fat,2008,Import,68679045.0,0.07466668,3,
66,ANIMFAT,Raw animal fat,2009,Export,0.0,0.0,3,
66,ANIMFAT,Raw animal fat,2009,Import,33442932.0,0.042835408,3,
66,ANIMFAT,Raw animal fat,2010,Export,63542.0,3.15e-05,3,
66,ANIMFAT,Raw animal fat,2010,Import,46665005.0,0.061632039,3,
66,ANIMFAT,Raw animal fat,2011,Export,0.0,0.0,3,
66,ANIMFAT,Raw animal fat,2011,Import,43207268.0,0.047322872,3,
66,ANIMFAT,Raw animal fat,2012,Export,0.0,0.0,3,
66,ANIMFAT,Raw animal fat,2012,Import,33650737.0,0.03314903,3,
66,ANIMFAT,Raw animal fat,2013,Export,46387.0,2.3566e-05,3,
66,ANIMFAT,Raw animal fat,2013,Import,18787942.0,0.022637872,3,
66,ANIMFAT,Raw animal fat,2014,Export,2613.0,1.102e-06,3,
66,ANIMFAT,Raw animal fat,2014,Import,22114746.0,0.028423867,3,
66,ANIMFAT,Raw animal fat,2015,Export,11567.0,3.1e-05,3,
66,ANIMFAT,Raw animal fat,2015,Import,18116072.0,0.027817709,3,
66,ANIMFAT,Raw animal fat,2016,Export,1709.0,1.75e-06,3,
66,ANIMFAT,Raw animal fat,2016,Import,15574941.0,0.027494458,3,
66,ANIMFAT,Raw animal fat,2017,Export,159477.23,0.000105322,3,
66,ANIMFAT,Raw animal fat,2017,Import,20931011.22,0.032703917,3,
66,ANIMFAT,Raw animal fat,2018,Export,31266.86,2.7448e-05,3,
66,ANIMFAT,Raw animal fat,2018,Import,16676941.68,0.027963145,3,
66,ANIMFAT,Raw animal fat,2019,Export,13593.77,9.699e-06,3,
66,ANIMFAT,Raw animal fat,2019,Import,6869864.05,0.011878183,3,
66,ANIMFAT,Raw animal fat,2020,Export,0.0,0.0,3,
66,ANIMFAT,Raw animal fat,2020,Import,1744062.64,0.002587335,3,
66,ANIMFAT,Raw animal fat,2021,Export,0.0,0.0,3,
66,ANIMFAT,Raw animal fat,2021,Import,2490749.01,0.003250144,3,
66,ANIMFAT,Raw animal fat,2022,Export,4495.19,4.992e-06,3,
66,ANIMFAT,Raw animal fat,2022,Import,3582029.52,0.003792652,3,
66,ANIMFAT,Raw animal fat,2023,Export,19500.86,1.813e-05,3,
66,ANIMFAT,Raw animal fat,2023,Import,1978687.91,0.002271498,3,
66,ANIMFAT,Raw animal fat,2024,Export,0.0,0.0,3,
66,ANIMFAT,Raw animal fat,2024,Import,2336591.57,0.002802897,3,
66,ANIMFAT,Raw animal fat,2025,Export,73419.62,2.451e-05,3,
66,ANIMFAT,Raw animal fat,2025,Import,1399338.89,0.00164164,3,
2,CEREALS,Rice (paddy),2000,Export,367134410.12,1.522023148,4,
2,CEREALS,Rice (paddy),2000,Import,894626.0,0.00525253,4,
2,CEREALS,Rice (paddy),2001,Export,403611492.7,1.839254696,4,
2,CEREALS,Rice (paddy),2001,Import,521825.0,0.004680291,3,
2,CEREALS,Rice (paddy),2002,Export,321165656.2,1.327509331,4,
2,CEREALS,Rice (paddy),2002,Import,228868.0,0.001048282,3,
2,CEREALS,Rice (paddy),2003,Export,626623845.0,2.917950416,4,
2,CEREALS,Rice (paddy),2003,Import,3431179.0,0.0073159,4,
2,CEREALS,Rice (paddy),2004,Export,627239319.0,2.715881122,4,
2,CEREALS,Rice (paddy),2004,Import,283431.0,0.00065411,4,
2,CEREALS,Rice (paddy),2005,Export,1099266904.0,5.178284898,4,
2,CEREALS,Rice (paddy),2005,Import,933450.0,0.00302293,4,
2,CEREALS,Rice (paddy),2006,Export,1151879986.0,5.284187904,4,
2,CEREALS,Rice (paddy),2006,Import,1517367.0,0.093594625,4,
2,CEREALS,Rice (paddy),2007,Export,1145676864.0,4.02529965,4,
2,CEREALS,Rice (paddy),2007,Import,878647.0,0.002798501,4,
2,CEREALS,Rice (paddy),2008,Export,2439561770.0,4.544083269,4,
2,CEREALS,Rice (paddy),2008,Import,1588696.0,0.038526088,4,
2,CEREALS,Rice (paddy),2009,Export,1774459668.0,4.779804978,4,
2,CEREALS,Rice (paddy),2009,Import,7230289.0,0.04537545,4,
2,CEREALS,Rice (paddy),2010,Export,2277123924.0,6.265377627,4,
2,CEREALS,Rice (paddy),2010,Import,20068427.0,0.020324937,4,
2,CEREALS,Rice (paddy),2011,Export,2062063354.0,5.08321847,4,
2,CEREALS,Rice (paddy),2011,Import,40939700.0,0.031630665,4,
2,CEREALS,Rice (paddy),2012,Export,1882126059.0,5.100045683,4,
2,CEREALS,Rice (paddy),2012,Import,44148170.0,0.030126403,3,
2,CEREALS,Rice (paddy),2013,Export,2110992348.0,5.708143366,4,
2,CEREALS,Rice (paddy),2013,Import,51119465.0,0.09280144,4,
2,CEREALS,Rice (paddy),2014,Export,2199635956.0,5.606805412,4,
2,CEREALS,Rice (paddy),2014,Import,30560161.0,0.033173106,4,
2,CEREALS,Rice (paddy),2015,Export,1927200362.0,6.0325861,4,
2,CEREALS,Rice (paddy),2015,Import,21221748.0,0.05777035,4,
2,CEREALS,Rice (paddy),2016,Export,1703048708.0,5.875942652,4,
2,CEREALS,Rice (paddy),2016,Import,33584327.0,0.01837813,4,
2,CEREALS,Rice (paddy),2017,Export,1743502592.86,5.43072324,4,
2,CEREALS,Rice (paddy),2017,Import,21646282.48,0.01105555,4,
2,CEREALS,Rice (paddy),2018,Export,2001812517.18,5.82485438,4,
2,CEREALS,Rice (paddy),2018,Import,30185078.65,0.01222791,4,
2,CEREALS,Rice (paddy),2019,Export,2270300117.84,6.746054921,3,
2,CEREALS,Rice (paddy),2019,Import,34188353.64,0.01055844,4,
2,CEREALS,Rice (paddy),2020,Export,2101267787.12,5.840828351,4,
2,CEREALS,Rice (paddy),2020,Import,33303694.14,0.00945258,4,
2,CEREALS,Rice (paddy),2021,Export,2152502752.57,5.82337527,4,
2,CEREALS,Rice (paddy),2021,Import,41075310.31,0.02036607,4,
2,CEREALS,Rice (paddy),2022,Export,2322278001.9,6.77991828,4,
2,CEREALS,Rice (paddy),2022,Import,39752821.97,0.0,2,
2,CEREALS,Rice (paddy),2023,Export,2860635610.78,6.72428258,4,
2,CEREALS,Rice (paddy),2023,Import,38506236.14,0.010323082,4,
2,CEREALS,Rice (paddy),2024,Export,4193488421.82,9.647448322,4,
2,CEREALS,Rice (paddy),2024,Import,57283348.53,0.014961058,3,
2,CEREALS,Rice (paddy),2025,Export,2426457981.14,6.80104573,4,
2,CEREALS,Rice (paddy),2025,Import,58372309.34,0.01523861,4,
15,FIBERINDUS,Rubber,2000,Export,390.0,5e-09,1,
15,FIBERINDUS,Rubber,2000,Import,21448497.89,0.027825905,4,
15,FIBERINDUS,Rubber,2001,Export,2153.0,1.585e-06,2,
15,FIBERINDUS,Rubber,2001,Import,19901488.0,0.032263044,4,
15,FIBERINDUS,Rubber,2002,Export,106277.0,0.000147879,2,
15,FIBERINDUS,Rubber,2002,Import,23766225.83,0.034742344,4,
15,FIBERINDUS,Rubber,2003,Export,0.0,0.0,4,
15,FIBERINDUS,Rubber,2003,Import,38251997.0,0.045513934,4,
15,FIBERINDUS,Rubber,2004,Export,50732.0,8.2e-05,4,
15,FIBERINDUS,Rubber,2004,Import,41268913.0,0.045526227,4,
15,FIBERINDUS,Rubber,2005,Export,0.0,0.0,4,
15,FIBERINDUS,Rubber,2005,Import,54960064.0,0.045711806,4,
15,FIBERINDUS,Rubber,2006,Export,0.0,0.0,4,
15,FIBERINDUS,Rubber,2006,Import,66469318.0,0.046576721,4,
15,FIBERINDUS,Rubber,2007,Export,8272.0,4.62e-06,4,
15,FIBERINDUS,Rubber,2007,Import,69721843.0,0.042747041,4,
15,FIBERINDUS,Rubber,2008,Export,5079.0,2.281e-06,4,
15,FIBERINDUS,Rubber,2008,Import,90024879.0,0.040210336,4,
15,FIBERINDUS,Rubber,2009,Export,379211.0,0.00012158,4,
15,FIBERINDUS,Rubber,2009,Import,54652735.0,0.029163067,4,
15,FIBERINDUS,Rubber,2010,Export,13036.0,6.691e-06,4,
15,FIBERINDUS,Rubber,2010,Import,89358851.0,0.033995744,4,
15,FIBERINDUS,Rubber,2011,Export,125778.0,2.4923e-05,4,
15,FIBERINDUS,Rubber,2011,Import,97754594.0,0.027624259,4,
15,FIBERINDUS,Rubber,2012,Export,119987.0,4.9606e-05,4,
15,FIBERINDUS,Rubber,2012,Import,68751254.0,0.025975752,4,
15,FIBERINDUS,Rubber,2013,Export,43490.0,2.0201e-05,4,
15,FIBERINDUS,Rubber,2013,Import,66911660.0,0.028954001,4,
15,FIBERINDUS,Rubber,2014,Export,73426.0,2.4812e-05,4,
15,FIBERINDUS,Rubber,2014,Import,66201793.0,0.039323677,4,
15,FIBERINDUS,Rubber,2015,Export,68793.0,6.055e-05,4,
15,FIBERINDUS,Rubber,2015,Import,50966619.0,0.029571712,4,
15,FIBERINDUS,Rubber,2016,Export,53976.0,1.8345e-05,4,
15,FIBERINDUS,Rubber,2016,Import,59301448.0,0.023290535,4,
15,FIBERINDUS,Rubber,2017,Export,19566.93,6.745e-06,4,
15,FIBERINDUS,Rubber,2017,Import,87204831.36,0.035430236,4,
15,FIBERINDUS,Rubber,2018,Export,25471.07,9.233e-06,4,
15,FIBERINDUS,Rubber,2018,Import,83336877.46,0.028302579,3,
15,FIBERINDUS,Rubber,2019,Export,14169.16,6.226e-06,4,
15,FIBERINDUS,Rubber,2019,Import,74225864.87,0.033768445,4,
15,FIBERINDUS,Rubber,2020,Export,10082.28,4.049e-06,4,
15,FIBERINDUS,Rubber,2020,Import,75034739.89,0.040257666,4,
15,FIBERINDUS,Rubber,2021,Export,18032.26,9.947e-06,4,
15,FIBERINDUS,Rubber,2021,Import,104643923.37,0.057827703,4,
15,FIBERINDUS,Rubber,2022,Export,60275.53,3.1558e-05,4,
15,FIBERINDUS,Rubber,2022,Import,97789505.25,0.05152541,4,
15,FIBERINDUS,Rubber,2023,Export,103205.39,0.000114732,4,
15,FIBERINDUS,Rubber,2023,Import,113822992.12,0.071241116,4,
15,FIBERINDUS,Rubber,2024,Export,9042.19,3.876e-06,4,
15,FIBERINDUS,Rubber,2024,Import,139376881.1,0.069552877,4,
15,FIBERINDUS,Rubber,2025,Export,6565.37,6.75e-06,4,
15,FIBERINDUS,Rubber,2025,Import,171600827.85,0.087442181,4,
20,OLSOIL,Sesame,2000,Export,1356210.38,0.002223591,1,
20,OLSOIL,Sesame,2000,Import,6734.0,2.96e-06,1,
20,OLSOIL,Sesame,2001,Export,17622107.89,0.033464988,1,
20,OLSOIL,Sesame,2001,Import,92219.0,0.000133038,1,
20,OLSOIL,Sesame,2002,Export,13005829.32,0.028554332,1,
20,OLSOIL,Sesame,2002,Import,133684.32,0.000242501,1,
20,OLSOIL,Sesame,2003,Export,4281610.0,0.006633702,1,
20,OLSOIL,Sesame,2003,Import,32418.0,5.741e-05,1,
20,OLSOIL,Sesame,2004,Export,7273811.0,0.009679058,1,
20,OLSOIL,Sesame,2004,Import,83281.0,0.000222353,1,
20,OLSOIL,Sesame,2005,Export,8561173.0,0.010548267,1,
20,OLSOIL,Sesame,2005,Import,0.0,0.0,1,
20,OLSOIL,Sesame,2006,Export,10884218.0,0.014268223,1,
20,OLSOIL,Sesame,2006,Import,0.0,0.0,1,
20,OLSOIL,Sesame,2007,Export,24066306.0,0.026341626,1,
20,OLSOIL,Sesame,2007,Import,67158.0,0.00013145,1,
20,OLSOIL,Sesame,2008,Export,29761868.0,0.027303819,1,
20,OLSOIL,Sesame,2008,Import,57767.0,7.684e-05,1,
20,OLSOIL,Sesame,2009,Export,37400168.0,0.029733507,1,
20,OLSOIL,Sesame,2009,Import,25482.0,6.15e-05,1,
20,OLSOIL,Sesame,2010,Export,11286173.0,0.008193257,1,
20,OLSOIL,Sesame,2010,Import,23806.0,2.1543e-05,1,
20,OLSOIL,Sesame,2011,Export,18354496.0,0.014440233,1,
20,OLSOIL,Sesame,2011,Import,37278.0,2.7174e-05,1,
20,OLSOIL,Sesame,2012,Export,29638293.0,0.0220337,1,
20,OLSOIL,Sesame,2012,Import,15271.0,1.2001e-05,1,
20,OLSOIL,Sesame,2013,Export,57636104.0,0.031984631,1,
20,OLSOIL,Sesame,2013,Import,92332.0,3.7906e-05,1,
20,OLSOIL,Sesame,2014,Export,65401723.0,0.033348158,1,
20,OLSOIL,Sesame,2014,Import,41265.0,1.0295e-05,1,
20,OLSOIL,Sesame,2015,Export,40505966.0,0.026760898,1,
20,OLSOIL,Sesame,2015,Import,16114.0,5.351e-06,1,
20,OLSOIL,Sesame,2016,Export,32539035.0,0.022488816,1,
20,OLSOIL,Sesame,2016,Import,35417.0,2.1563e-05,1,
20,OLSOIL,Sesame,2017,Export,43491133.61,0.035519741,1,
20,OLSOIL,Sesame,2017,Import,14273.47,2.9234e-05,1,
20,OLSOIL,Sesame,2018,Export,73496870.04,0.048837288,1,
20,OLSOIL,Sesame,2018,Import,0.0,0.0,1,
20,OLSOIL,Sesame,2019,Export,40325508.86,0.026758964,1,
20,OLSOIL,Sesame,2019,Import,475.18,3.5e-07,1,
20,OLSOIL,Sesame,2020,Export,39616231.66,0.032837775,1,
20,OLSOIL,Sesame,2020,Import,0.0,0.0,1,
20,OLSOIL,Sesame,2021,Export,214097954.52,0.160427617,1,
20,OLSOIL,Sesame,2021,Import,30.85,5e-09,1,
20,OLSOIL,Sesame,2022,Export,146130335.52,0.096410186,1,
20,OLSOIL,Sesame,2022,Import,0.0,0.0,1,
20,OLSOIL,Sesame,2023,Export,414457103.36,0.239092235,1,
20,OLSOIL,Sesame,2023,Import,165.51,8e-07,1,
20,OLSOIL,Sesame,2024,Export,345725976.5,0.280061164,1,
20,OLSOIL,Sesame,2024,Import,1692.5,3.962e-06,1,
20,OLSOIL,Sesame,2025,Export,187309212.16,0.163958695,1,
20,OLSOIL,Sesame,2025,Import,0.0,0.0,1,
5,CEREALS,Sorghum,2000,Export,510.0,2e-09,1,
5,CEREALS,Sorghum,2000,Import,,,0,
5,CEREALS,Sorghum,2001,Export,,,0,
5,CEREALS,Sorghum,2001,Import,38874.0,3.1165e-05,1,
5,CEREALS,Sorghum,2002,Export,589.0,3e-09,1,
5,CEREALS,Sorghum,2002,Import,79130.0,0.000334846,1,
5,CEREALS,Sorghum,2003,Export,0.0,0.0,3,
5,CEREALS,Sorghum,2003,Import,0.0,0.0,3,
5,CEREALS,Sorghum,2004,Export,0.0,0.0,3,
5,CEREALS,Sorghum,2004,Import,291090.0,9.1e-05,3,
5,CEREALS,Sorghum,2005,Export,6979.0,1.8e-05,3,
5,CEREALS,Sorghum,2005,Import,54980.0,0.000262,3,
5,CEREALS,Sorghum,2006,Export,0.0,0.0,3,
5,CEREALS,Sorghum,2006,Import,102412.0,0.00041,3,
5,CEREALS,Sorghum,2007,Export,15677.0,7e-05,3,
5,CEREALS,Sorghum,2007,Import,113627.0,0.000195,3,
5,CEREALS,Sorghum,2008,Export,0.0,0.0,3,
5,CEREALS,Sorghum,2008,Import,145203.0,0.000559,3,
5,CEREALS,Sorghum,2009,Export,13553.0,4.9e-05,3,
5,CEREALS,Sorghum,2009,Import,731949.0,0.003325,3,
5,CEREALS,Sorghum,2010,Export,3652.0,9e-06,3,
5,CEREALS,Sorghum,2010,Import,6540133.0,0.024937,3,
5,CEREALS,Sorghum,2011,Export,0.0,0.0,3,
5,CEREALS,Sorghum,2011,Import,148383.0,0.000571263,3,
5,CEREALS,Sorghum,2012,Export,0.0,0.0,3,
5,CEREALS,Sorghum,2012,Import,158597.0,0.000476,3,
5,CEREALS,Sorghum,2013,Export,13739.0,3.8e-05,3,
5,CEREALS,Sorghum,2013,Import,123302.0,0.000355,3,
5,CEREALS,Sorghum,2014,Export,0.0,0.0,3,
5,CEREALS,Sorghum,2014,Import,192581.0,0.000841,3,
5,CEREALS,Sorghum,2015,Export,0.0,0.0,3,
5,CEREALS,Sorghum,2015,Import,6011315.0,0.024686,3,
5,CEREALS,Sorghum,2016,Export,0.0,0.0,3,
5,CEREALS,Sorghum,2016,Import,45411794.0,0.138247,3,
5,CEREALS,Sorghum,2017,Export,16098.12,8.2e-05,3,
5,CEREALS,Sorghum,2017,Import,149481.82,0.000354,3,
5,CEREALS,Sorghum,2018,Export,0.0,0.0,3,
5,CEREALS,Sorghum,2018,Import,8091603.11,0.035104,3,
5,CEREALS,Sorghum,2019,Export,19725.75,3.7e-05,3,
5,CEREALS,Sorghum,2019,Import,87435.44,0.000348,3,
5,CEREALS,Sorghum,2020,Export,0.0,0.0,3,
5,CEREALS,Sorghum,2020,Import,441086.12,0.001704,3,
5,CEREALS,Sorghum,2021,Export,0.0,0.0,3,
5,CEREALS,Sorghum,2021,Import,1072966.21,0.004417,3,
5,CEREALS,Sorghum,2022,Export,683.47,2e-06,3,
5,CEREALS,Sorghum,2022,Import,822750.29,0.003839,3,
5,CEREALS,Sorghum,2023,Export,1064.54,2e-06,3,
5,CEREALS,Sorghum,2023,Import,1145072.46,0.004558,3,
5,CEREALS,Sorghum,2024,Export,11282.71,5e-05,3,
5,CEREALS,Sorghum,2024,Import,1185968.91,0.004634,3,
5,CEREALS,Sorghum,2025,Export,54200.63,0.000286,3,
5,CEREALS,Sorghum,2025,Import,1900095.33,0.007537,3,
37c,PULSES,Soybean,2000,Export,,,0,
37c,PULSES,Soybean,2000,Import,,,0,
37c,PULSES,Soybean,2001,Export,936.0,9.5e-07,1,
37c,PULSES,Soybean,2001,Import,34741178.0,0.016964952,1,
37c,PULSES,Soybean,2002,Export,115.0,5.44e-07,1,
37c,PULSES,Soybean,2002,Import,41790282.0,0.217545227,1,
37c,PULSES,Soybean,2003,Export,0.0,0.0,3,
37c,PULSES,Soybean,2003,Import,8304582.0,0.033332007,3,
37c,PULSES,Soybean,2004,Export,0.0,0.0,3,
37c,PULSES,Soybean,2004,Import,6207805.0,0.021534907,3,
37c,PULSES,Soybean,2005,Export,0.0,0.0,3,
37c,PULSES,Soybean,2005,Import,685228.0,0.00227308,3,
37c,PULSES,Soybean,2006,Export,0.0,0.0,3,
37c,PULSES,Soybean,2006,Import,13575143.0,0.052857876,3,
37c,PULSES,Soybean,2007,Export,0.0,0.0,3,
37c,PULSES,Soybean,2007,Import,466.0,1.299e-06,3,
37c,PULSES,Soybean,2008,Export,0.0,0.0,3,
37c,PULSES,Soybean,2008,Import,2765.0,7.155e-06,3,
37c,PULSES,Soybean,2009,Export,0.0,0.0,3,
37c,PULSES,Soybean,2009,Import,4.0,6e-09,3,
37c,PULSES,Soybean,2010,Export,89288.0,7.641e-06,3,
37c,PULSES,Soybean,2010,Import,58137.0,0.000143061,3,
37c,PULSES,Soybean,2011,Export,0.0,0.0,3,
37c,PULSES,Soybean,2011,Import,4223.0,3.057e-06,3,
37c,PULSES,Soybean,2012,Export,0.0,0.0,3,
37c,PULSES,Soybean,2012,Import,8370.0,6.09e-06,3,
37c,PULSES,Soybean,2013,Export,148.0,1.14e-07,3,
37c,PULSES,Soybean,2013,Import,1631.0,8.56e-07,3,
37c,PULSES,Soybean,2014,Export,0.0,0.0,3,
37c,PULSES,Soybean,2014,Import,7529306.0,0.007042988,3,
37c,PULSES,Soybean,2015,Export,110.0,7.5e-08,3,
37c,PULSES,Soybean,2015,Import,247967906.0,0.400387372,3,
37c,PULSES,Soybean,2016,Export,5226.0,5e-06,3,
37c,PULSES,Soybean,2016,Import,383460860.0,0.332812814,3,
37c,PULSES,Soybean,2017,Export,21447.19,2.766e-05,3,
37c,PULSES,Soybean,2017,Import,745082644.0,1.44641062,3,
37c,PULSES,Soybean,2018,Export,316000.6,0.000593765,3,
37c,PULSES,Soybean,2018,Import,943368491.06,2.09392104,3,
37c,PULSES,Soybean,2019,Export,211976.5,0.000303967,3,
37c,PULSES,Soybean,2019,Import,755089791.78,2.020785947,3,
37c,PULSES,Soybean,2020,Export,41135.01,7.249e-05,3,
37c,PULSES,Soybean,2020,Import,842489687.37,2.13997551,3,
37c,PULSES,Soybean,2021,Export,206179.37,0.0003355,3,
37c,PULSES,Soybean,2021,Import,1368477093.98,2.470329831,3,
37c,PULSES,Soybean,2022,Export,126980.06,0.000185563,3,
37c,PULSES,Soybean,2022,Import,1023329446.66,1.629309341,3,
37c,PULSES,Soybean,2023,Export,38429772.21,0.07093275,3,
37c,PULSES,Soybean,2023,Import,373229039.16,0.611064008,3,
37c,PULSES,Soybean,2024,Export,124482.84,0.00050245,3,
37c,PULSES,Soybean,2024,Import,595533945.81,1.039445546,3,
37c,PULSES,Soybean,2025,Export,1148.52,3e-06,3,
37c,PULSES,Soybean,2025,Import,1116176972.66,2.448765545,3,
24,OLSOIL,Soybean oil,2000,Export,3484.0,6.429e-06,1,
24,OLSOIL,Soybean oil,2000,Import,50258081.0,0.154709624,2,
24,OLSOIL,Soybean oil,2001,Export,,,0,
24,OLSOIL,Soybean oil,2001,Import,35120358.0,0.111854861,2,
24,OLSOIL,Soybean oil,2002,Export,,,0,
24,OLSOIL,Soybean oil,2002,Import,42651382.0,0.099833177,2,
24,OLSOIL,Soybean oil,2003,Export,0.0,0.0,2,
24,OLSOIL,Soybean oil,2003,Import,60231116.0,0.104635554,2,
24,OLSOIL,Soybean oil,2004,Export,0.0,0.0,2,
24,OLSOIL,Soybean oil,2004,Import,45005717.0,0.080755636,2,
24,OLSOIL,Soybean oil,2005,Export,0.0,0.0,2,
24,OLSOIL,Soybean oil,2005,Import,33642516.0,0.055390881,2,
24,OLSOIL,Soybean oil,2006,Export,0.0,0.0,2,
24,OLSOIL,Soybean oil,2006,Import,33039716.0,0.043787843,2,
24,OLSOIL,Soybean oil,2007,Export,2542.0,2.205e-06,2,
24,OLSOIL,Soybean oil,2007,Import,65648263.0,0.078808268,2,
24,OLSOIL,Soybean oil,2008,Export,0.0,0.0,2,
24,OLSOIL,Soybean oil,2008,Import,70125176.0,0.065843287,2,
24,OLSOIL,Soybean oil,2009,Export,0.0,0.0,2,
24,OLSOIL,Soybean oil,2009,Import,76081804.0,0.08393626,2,
24,OLSOIL,Soybean oil,2010,Export,0.0,0.0,2,
24,OLSOIL,Soybean oil,2010,Import,58435527.0,0.060245259,2,
24,OLSOIL,Soybean oil,2011,Export,0.0,0.0,2,
24,OLSOIL,Soybean oil,2011,Import,66540329.0,0.05643707,2,
24,OLSOIL,Soybean oil,2012,Export,0.0,0.0,2,
24,OLSOIL,Soybean oil,2012,Import,61065429.0,0.047283358,2,
24,OLSOIL,Soybean oil,2013,Export,0.0,0.0,2,
24,OLSOIL,Soybean oil,2013,Import,61901525.0,0.056547961,2,
24,OLSOIL,Soybean oil,2014,Export,0.0,0.0,2,
24,OLSOIL,Soybean oil,2014,Import,119789305.0,0.125255338,2,
24,OLSOIL,Soybean oil,2015,Export,0.0,0.0,2,
24,OLSOIL,Soybean oil,2015,Import,121870631.0,0.090578968,2,
24,OLSOIL,Soybean oil,2016,Export,2429.0,1.4e-07,2,
24,OLSOIL,Soybean oil,2016,Import,139613757.0,0.10341083,2,
24,OLSOIL,Soybean oil,2017,Export,4398.9,3.2e-05,2,
24,OLSOIL,Soybean oil,2017,Import,166527972.17,0.167965507,2,
24,OLSOIL,Soybean oil,2018,Export,0.0,0.0,2,
24,OLSOIL,Soybean oil,2018,Import,84138186.6,0.10844114,2,
24,OLSOIL,Soybean oil,2019,Export,0.0,0.0,2,
24,OLSOIL,Soybean oil,2019,Import,99989342.39,0.144335645,2,
24,OLSOIL,Soybean oil,2020,Export,1009605.58,0.0007965,2,
24,OLSOIL,Soybean oil,2020,Import,66550561.71,0.097798415,2,
24,OLSOIL,Soybean oil,2021,Export,1325118.82,0.000938895,2,
24,OLSOIL,Soybean oil,2021,Import,92704164.73,0.081048906,2,
24,OLSOIL,Soybean oil,2022,Export,54105.89,3.12e-05,2,
24,OLSOIL,Soybean oil,2022,Import,308648346.76,0.211477569,2,
24,OLSOIL,Soybean oil,2023,Export,14378.76,2e-07,2,
24,OLSOIL,Soybean oil,2023,Import,247945840.83,0.206422691,2,
24,OLSOIL,Soybean oil,2024,Export,0.0,0.0,2,
24,OLSOIL,Soybean oil,2024,Import,163129767.73,0.161723255,2,
24,OLSOIL,Soybean oil,2025,Export,6207056.35,0.004718536,2,
24,OLSOIL,Soybean oil,2025,Import,307901369.03,0.276149216,2,
10,SUGAR,Sugar cane,2000,Export,,,0,
10,SUGAR,Sugar cane,2000,Import,,,0,
10,SUGAR,Sugar cane,2001,Export,,,0,
10,SUGAR,Sugar cane,2001,Import,,,0,
10,SUGAR,Sugar cane,2002,Export,,,0,
10,SUGAR,Sugar cane,2002,Import,,,0,
10,SUGAR,Sugar cane,2003,Export,0.0,0.0,1,
10,SUGAR,Sugar cane,2003,Import,0.0,0.0,1,
10,SUGAR,Sugar cane,2004,Export,0.0,0.0,1,
10,SUGAR,Sugar cane,2004,Import,0.0,0.0,1,
10,SUGAR,Sugar cane,2005,Export,0.0,0.0,1,
10,SUGAR,Sugar cane,2005,Import,0.0,0.0,1,
10,SUGAR,Sugar cane,2006,Export,0.0,0.0,1,
10,SUGAR,Sugar cane,2006,Import,0.0,0.0,1,
10,SUGAR,Sugar cane,2007,Export,0.0,0.0,1,
10,SUGAR,Sugar cane,2007,Import,0.0,0.0,1,
10,SUGAR,Sugar cane,2008,Export,0.0,0.0,1,
10,SUGAR,Sugar cane,2008,Import,0.0,0.0,1,
10,SUGAR,Sugar cane,2009,Export,0.0,0.0,1,
10,SUGAR,Sugar cane,2009,Import,0.0,0.0,1,
10,SUGAR,Sugar cane,2010,Export,0.0,0.0,1,
10,SUGAR,Sugar cane,2010,Import,0.0,0.0,1,
10,SUGAR,Sugar cane,2011,Export,0.0,0.0,1,
10,SUGAR,Sugar cane,2011,Import,0.0,0.0,1,
10,SUGAR,Sugar cane,2012,Export,52836.0,0.00014743,1,
10,SUGAR,Sugar cane,2012,Import,0.0,0.0,1,
10,SUGAR,Sugar cane,2013,Export,188844.0,0.00019512,1,
10,SUGAR,Sugar cane,2013,Import,0.0,0.0,1,
10,SUGAR,Sugar cane,2014,Export,287939.0,0.00105746,1,
10,SUGAR,Sugar cane,2014,Import,0.0,0.0,1,
10,SUGAR,Sugar cane,2015,Export,211156.0,0.000795145,1,
10,SUGAR,Sugar cane,2015,Import,0.0,0.0,1,
10,SUGAR,Sugar cane,2016,Export,221822.0,0.001613787,1,
10,SUGAR,Sugar cane,2016,Import,0.0,0.0,1,
10,SUGAR,Sugar cane,2017,Export,203845.21,0.00020732,1,
10,SUGAR,Sugar cane,2017,Import,0.0,0.0,1,
10,SUGAR,Sugar cane,2018,Export,142364.3,0.000156049,1,
10,SUGAR,Sugar cane,2018,Import,0.0,0.0,1,
10,SUGAR,Sugar cane,2019,Export,254454.91,0.000233213,1,
10,SUGAR,Sugar cane,2019,Import,15.28,4e-09,1,
10,SUGAR,Sugar cane,2020,Export,115272.18,0.000176233,1,
10,SUGAR,Sugar cane,2020,Import,37259.32,1.004e-05,1,
10,SUGAR,Sugar cane,2021,Export,266395.73,0.000829696,1,
10,SUGAR,Sugar cane,2021,Import,0.0,0.0,1,
10,SUGAR,Sugar cane,2022,Export,227341.26,0.001361574,1,
10,SUGAR,Sugar cane,2022,Import,23161.32,7.792e-06,1,
10,SUGAR,Sugar cane,2023,Export,244620.77,0.004081941,1,
10,SUGAR,Sugar cane,2023,Import,0.0,0.0,1,
10,SUGAR,Sugar cane,2024,Export,117988.0,0.001037473,1,
10,SUGAR,Sugar cane,2024,Import,0.0,0.0,1,
10,SUGAR,Sugar cane,2025,Export,263460.12,0.003316069,1,
10,SUGAR,Sugar cane,2025,Import,0.0,0.0,1,
12,SUGAR,Sugar raw,2000,Export,64431.38,0.000156516,3,
12,SUGAR,Sugar raw,2000,Import,152423735.72,0.753467049,3,
12,SUGAR,Sugar raw,2001,Export,8820531.7,0.036605986,3,
12,SUGAR,Sugar raw,2001,Import,121385782.0,0.54874086,2,
12,SUGAR,Sugar raw,2002,Export,39439.49,0.000103475,2,
12,SUGAR,Sugar raw,2002,Import,9775385.08,0.052627236,2,
12,SUGAR,Sugar raw,2003,Export,25498381.0,0.12192162,5,
12,SUGAR,Sugar raw,2003,Import,3250598.0,0.011277149,5,
12,SUGAR,Sugar raw,2004,Export,29889139.0,0.141612149,5,
12,SUGAR,Sugar raw,2004,Import,3317090.0,0.01251696,5,
12,SUGAR,Sugar raw,2005,Export,26075844.0,0.077544768,5,
12,SUGAR,Sugar raw,2005,Import,450345233.0,1.54189686,5,
12,SUGAR,Sugar raw,2006,Export,16226604.0,0.039164561,5,
12,SUGAR,Sugar raw,2006,Import,706263279.0,1.717309206,5,
12,SUGAR,Sugar raw,2007,Export,982726.0,0.005755262,5,
12,SUGAR,Sugar raw,2007,Import,21892514.0,0.057256488,5,
12,SUGAR,Sugar raw,2008,Export,93515017.0,0.331991769,5,
12,SUGAR,Sugar raw,2008,Import,10903404.0,0.025575083,5,
12,SUGAR,Sugar raw,2009,Export,2213527.0,0.004882,5,
12,SUGAR,Sugar raw,2009,Import,189124281.0,0.412479154,5,
12,SUGAR,Sugar raw,2010,Export,1102852.0,0.00195175,5,
12,SUGAR,Sugar raw,2010,Import,816095977.0,1.343115293,5,
12,SUGAR,Sugar raw,2011,Export,2575695.0,0.004392,5,
12,SUGAR,Sugar raw,2011,Import,84028001.0,0.123579483,5,
12,SUGAR,Sugar raw,2012,Export,163547986.0,0.467219121,5,
12,SUGAR,Sugar raw,2012,Import,6632928.0,0.009298831,5,
12,SUGAR,Sugar raw,2013,Export,492372417.0,1.131803944,5,
12,SUGAR,Sugar raw,2013,Import,5920262.0,0.009787949,5,
12,SUGAR,Sugar raw,2014,Export,291458226.0,0.737535861,5,
12,SUGAR,Sugar raw,2014,Import,7261950.0,0.01262311,5,
12,SUGAR,Sugar raw,2015,Export,234355719.0,1.630770283,5,
12,SUGAR,Sugar raw,2015,Import,6170871.0,0.120407947,5,
12,SUGAR,Sugar raw,2016,Export,126783638.0,0.308631151,5,
12,SUGAR,Sugar raw,2016,Import,4843975.0,0.01014595,5,
12,SUGAR,Sugar raw,2017,Export,344566106.3,0.85769915,5,
12,SUGAR,Sugar raw,2017,Import,5327448.53,0.009586916,5,
12,SUGAR,Sugar raw,2018,Export,386396949.2,1.36281214,5,
12,SUGAR,Sugar raw,2018,Import,4026793.6,0.00820162,5,
12,SUGAR,Sugar raw,2019,Export,220534693.38,0.683230084,5,
12,SUGAR,Sugar raw,2019,Import,3723472.32,0.0083623,5,
12,SUGAR,Sugar raw,2020,Export,1562284.36,0.004159,5,
12,SUGAR,Sugar raw,2020,Import,129526036.47,0.308160004,5,
12,SUGAR,Sugar raw,2021,Export,11987.53,6.3e-05,5,
12,SUGAR,Sugar raw,2021,Import,197974494.55,0.34007551,5,
12,SUGAR,Sugar raw,2022,Export,0.0,0.0,5,
12,SUGAR,Sugar raw,2022,Import,5856131.57,0.00836784,4,
12,SUGAR,Sugar raw,2023,Export,125734264.85,0.271514166,5,
12,SUGAR,Sugar raw,2023,Import,3999471.06,0.0043969,5,
12,SUGAR,Sugar raw,2024,Export,341941943.46,0.68975636,5,
12,SUGAR,Sugar raw,2024,Import,3520250.31,0.00396097,5,
12,SUGAR,Sugar raw,2025,Export,68494415.79,0.1448937,5,
12,SUGAR,Sugar raw,2025,Import,176299449.02,0.33788829,5,
11,SUGAR,Sugarbeet,2000,Export,14850.0,1.98e-05,1,
11,SUGAR,Sugarbeet,2000,Import,,,0,
11,SUGAR,Sugarbeet,2001,Export,1489.44,6.5e-07,1,
11,SUGAR,Sugarbeet,2001,Import,,,0,
11,SUGAR,Sugarbeet,2002,Export,1750.88,1.494e-06,1,
11,SUGAR,Sugarbeet,2002,Import,,,0,
11,SUGAR,Sugarbeet,2003,Export,0.0,0.0,1,
11,SUGAR,Sugarbeet,2003,Import,0.0,0.0,1,
11,SUGAR,Sugarbeet,2004,Export,0.0,0.0,1,
11,SUGAR,Sugarbeet,2004,Import,0.0,0.0,1,
11,SUGAR,Sugarbeet,2005,Export,0.0,0.0,1,
11,SUGAR,Sugarbeet,2005,Import,12023.0,9.423e-05,1,
11,SUGAR,Sugarbeet,2006,Export,0.0,0.0,1,
11,SUGAR,Sugarbeet,2006,Import,673.0,4e-08,1,
11,SUGAR,Sugarbeet,2007,Export,11.0,4e-08,1,
11,SUGAR,Sugarbeet,2007,Import,0.0,0.0,1,
11,SUGAR,Sugarbeet,2008,Export,0.0,0.0,1,
11,SUGAR,Sugarbeet,2008,Import,0.0,0.0,1,
11,SUGAR,Sugarbeet,2009,Export,0.0,0.0,1,
11,SUGAR,Sugarbeet,2009,Import,0.0,0.0,1,
11,SUGAR,Sugarbeet,2010,Export,0.0,0.0,1,
11,SUGAR,Sugarbeet,2010,Import,0.0,0.0,1,
11,SUGAR,Sugarbeet,2011,Export,10948.0,1.8789e-05,1,
11,SUGAR,Sugarbeet,2011,Import,0.0,0.0,1,
11,SUGAR,Sugarbeet,2012,Export,1176887.0,0.00208,1,
11,SUGAR,Sugarbeet,2012,Import,0.0,0.0,1,
11,SUGAR,Sugarbeet,2013,Export,2823.0,4.524e-06,1,
11,SUGAR,Sugarbeet,2013,Import,0.0,0.0,1,
11,SUGAR,Sugarbeet,2014,Export,6885.0,2.95e-06,1,
11,SUGAR,Sugarbeet,2014,Import,0.0,0.0,1,
11,SUGAR,Sugarbeet,2015,Export,1457.0,7.5e-08,1,
11,SUGAR,Sugarbeet,2015,Import,661.0,3e-06,1,
11,SUGAR,Sugarbeet,2016,Export,7810.0,8.456e-06,1,
11,SUGAR,Sugarbeet,2016,Import,229.0,4.8e-07,1,
11,SUGAR,Sugarbeet,2017,Export,0.0,0.0,1,
11,SUGAR,Sugarbeet,2017,Import,0.0,0.0,1,
11,SUGAR,Sugarbeet,2018,Export,0.0,0.0,1,
11,SUGAR,Sugarbeet,2018,Import,0.0,0.0,1,
11,SUGAR,Sugarbeet,2019,Export,0.0,0.0,1,
11,SUGAR,Sugarbeet,2019,Import,0.0,0.0,1,
11,SUGAR,Sugarbeet,2020,Export,0.0,0.0,1,
11,SUGAR,Sugarbeet,2020,Import,0.0,0.0,1,
11,SUGAR,Sugarbeet,2021,Export,0.0,0.0,1,
11,SUGAR,Sugarbeet,2021,Import,0.0,0.0,1,
11,SUGAR,Sugarbeet,2022,Export,0.0,0.0,1,
11,SUGAR,Sugarbeet,2022,Import,0.0,0.0,1,
11,SUGAR,Sugarbeet,2023,Export,0.0,0.0,1,
11,SUGAR,Sugarbeet,2023,Import,0.0,0.0,1,
11,SUGAR,Sugarbeet,2024,Export,0.0,0.0,1,
11,SUGAR,Sugarbeet,2024,Import,0.0,0.0,1,
11,SUGAR,Sugarbeet,2025,Export,0.0,0.0,1,
11,SUGAR,Sugarbeet,2025,Import,0.0,0.0,1,
21,OLSOIL,Sunflower,2000,Export,50530.0,2.0272e-05,1,
21,OLSOIL,Sunflower,2000,Import,6078118.0,0.032335272,1,
21,OLSOIL,Sunflower,2001,Export,3355.0,7.214e-06,1,
21,OLSOIL,Sunflower,2001,Import,113143.0,0.000203161,1,
21,OLSOIL,Sunflower,2002,Export,944.0,2e-06,1,
21,OLSOIL,Sunflower,2002,Import,5146729.47,0.01969319,1,
21,OLSOIL,Sunflower,2003,Export,0.0,0.0,1,
21,OLSOIL,Sunflower,2003,Import,46463212.0,0.158771449,1,
21,OLSOIL,Sunflower,2004,Export,233565.0,6.8629e-05,1,
21,OLSOIL,Sunflower,2004,Import,39223041.0,0.131777982,1,
21,OLSOIL,Sunflower,2005,Export,0.0,0.0,1,
21,OLSOIL,Sunflower,2005,Import,3319733.0,0.000855153,1,
21,OLSOIL,Sunflower,2006,Export,0.0,0.0,1,
21,OLSOIL,Sunflower,2006,Import,82975903.0,0.248150847,1,
21,OLSOIL,Sunflower,2007,Export,0.0,0.0,1,
21,OLSOIL,Sunflower,2007,Import,29084015.0,0.074950622,1,
21,OLSOIL,Sunflower,2008,Export,0.0,0.0,1,
21,OLSOIL,Sunflower,2008,Import,7392030.0,0.015562291,1,
21,OLSOIL,Sunflower,2009,Export,1138.0,1.5e-06,1,
21,OLSOIL,Sunflower,2009,Import,115616034.0,0.28711994,1,
21,OLSOIL,Sunflower,2010,Export,0.0,0.0,1,
21,OLSOIL,Sunflower,2010,Import,10698210.0,0.019822094,1,
21,OLSOIL,Sunflower,2011,Export,2485.0,1.7e-06,1,
21,OLSOIL,Sunflower,2011,Import,104843127.0,0.158955304,1,
21,OLSOIL,Sunflower,2012,Export,17223.0,8.246e-06,1,
21,OLSOIL,Sunflower,2012,Import,29812606.0,0.050209428,1,
21,OLSOIL,Sunflower,2013,Export,8483.0,5.746e-06,1,
21,OLSOIL,Sunflower,2013,Import,72801389.0,0.07000471,1,
21,OLSOIL,Sunflower,2014,Export,159.0,3.88e-07,1,
21,OLSOIL,Sunflower,2014,Import,88864864.0,0.09711495,1,
21,OLSOIL,Sunflower,2015,Export,1334.0,5.87e-07,1,
21,OLSOIL,Sunflower,2015,Import,21376270.0,0.023952942,1,
21,OLSOIL,Sunflower,2016,Export,6290.0,3.295e-06,1,
21,OLSOIL,Sunflower,2016,Import,54558960.0,0.043293424,1,
21,OLSOIL,Sunflower,2017,Export,16477.46,1.01e-05,1,
21,OLSOIL,Sunflower,2017,Import,21220656.47,0.028467365,1,
21,OLSOIL,Sunflower,2018,Export,1943.06,1.08e-06,1,
21,OLSOIL,Sunflower,2018,Import,1927655.53,0.003561933,1,
21,OLSOIL,Sunflower,2019,Export,106971.8,0.0002993,1,
21,OLSOIL,Sunflower,2019,Import,4628969.38,0.008084855,1,
21,OLSOIL,Sunflower,2020,Export,0.0,0.0,1,
21,OLSOIL,Sunflower,2020,Import,6885047.14,0.007805966,1,
21,OLSOIL,Sunflower,2021,Export,48.9,7.5e-08,1,
21,OLSOIL,Sunflower,2021,Import,3065996.29,0.01327412,1,
21,OLSOIL,Sunflower,2022,Export,0.0,0.0,1,
21,OLSOIL,Sunflower,2022,Import,6377076.26,0.016836042,1,
21,OLSOIL,Sunflower,2023,Export,0.0,0.0,1,
21,OLSOIL,Sunflower,2023,Import,35604970.2,0.045847907,1,
21,OLSOIL,Sunflower,2024,Export,0.0,0.0,1,
21,OLSOIL,Sunflower,2024,Import,33414066.06,0.058509816,1,
21,OLSOIL,Sunflower,2025,Export,6808.4,1.14e-05,1,
21,OLSOIL,Sunflower,2025,Import,19636805.89,0.046593528,1,
39,ROOTS,Sweet potato,2000,Export,47759.0,4.7684e-05,1,
39,ROOTS,Sweet potato,2000,Import,,,0,
39,ROOTS,Sweet potato,2001,Export,38577.0,3.0951e-05,1,
39,ROOTS,Sweet potato,2001,Import,,,0,
39,ROOTS,Sweet potato,2002,Export,31872.0,5.2414e-05,1,
39,ROOTS,Sweet potato,2002,Import,,,0,
39,ROOTS,Sweet potato,2003,Export,0.0,0.0,1,
39,ROOTS,Sweet potato,2003,Import,0.0,0.0,1,
39,ROOTS,Sweet potato,2004,Export,0.0,0.0,1,
39,ROOTS,Sweet potato,2004,Import,0.0,0.0,1,
39,ROOTS,Sweet potato,2005,Export,0.0,0.0,1,
39,ROOTS,Sweet potato,2005,Import,472.0,4e-07,1,
39,ROOTS,Sweet potato,2006,Export,0.0,0.0,1,
39,ROOTS,Sweet potato,2006,Import,0.0,0.0,1,
39,ROOTS,Sweet potato,2007,Export,100.0,1e-07,1,
39,ROOTS,Sweet potato,2007,Import,0.0,0.0,1,
39,ROOTS,Sweet potato,2008,Export,0.0,0.0,1,
39,ROOTS,Sweet potato,2008,Import,0.0,0.0,1,
39,ROOTS,Sweet potato,2009,Export,0.0,0.0,1,
39,ROOTS,Sweet potato,2009,Import,0.0,0.0,1,
39,ROOTS,Sweet potato,2010,Export,0.0,0.0,1,
39,ROOTS,Sweet potato,2010,Import,0.0,0.0,1,
39,ROOTS,Sweet potato,2011,Export,0.0,0.0,1,
39,ROOTS,Sweet potato,2011,Import,0.0,0.0,1,
39,ROOTS,Sweet potato,2012,Export,0.0,0.0,1,
39,ROOTS,Sweet potato,2012,Import,0.0,0.0,1,
39,ROOTS,Sweet potato,2013,Export,3507.0,1.0068e-05,1,
39,ROOTS,Sweet potato,2013,Import,0.0,0.0,1,
39,ROOTS,Sweet potato,2014,Export,0.0,0.0,1,
39,ROOTS,Sweet potato,2014,Import,38724.0,0.000172593,1,
39,ROOTS,Sweet potato,2015,Export,22059.0,5.5e-05,1,
39,ROOTS,Sweet potato,2015,Import,0.0,0.0,1,
39,ROOTS,Sweet potato,2016,Export,5067.0,6.251e-06,1,
39,ROOTS,Sweet potato,2016,Import,0.0,0.0,1,
39,ROOTS,Sweet potato,2017,Export,0.0,0.0,1,
39,ROOTS,Sweet potato,2017,Import,0.0,0.0,1,
39,ROOTS,Sweet potato,2018,Export,0.0,0.0,1,
39,ROOTS,Sweet potato,2018,Import,0.0,0.0,1,
39,ROOTS,Sweet potato,2019,Export,799.78,7.35e-07,1,
39,ROOTS,Sweet potato,2019,Import,0.0,0.0,1,
39,ROOTS,Sweet potato,2020,Export,21817.12,4.502e-05,1,
39,ROOTS,Sweet potato,2020,Import,0.0,0.0,1,
39,ROOTS,Sweet potato,2021,Export,0.0,0.0,1,
39,ROOTS,Sweet potato,2021,Import,0.0,0.0,1,
39,ROOTS,Sweet potato,2022,Export,0.0,0.0,1,
39,ROOTS,Sweet potato,2022,Import,0.0,0.0,1,
39,ROOTS,Sweet potato,2023,Export,54.18,4e-08,1,
39,ROOTS,Sweet potato,2023,Import,0.0,0.0,1,
39,ROOTS,Sweet potato,2024,Export,77.06,8.5e-08,1,
39,ROOTS,Sweet potato,2024,Import,0.0,0.0,1,
39,ROOTS,Sweet potato,2025,Export,1678.27,2.097e-06,1,
39,ROOTS,Sweet potato,2025,Import,0.0,0.0,1,
60,BEVSPICES,Tea,2000,Export,127757.11,5.1699e-05,4,
60,BEVSPICES,Tea,2000,Import,190260915.0,0.111737499,4,
60,BEVSPICES,Tea,2001,Export,137057.44,6.1956e-05,4,
60,BEVSPICES,Tea,2001,Import,148239768.15,0.100741453,4,
60,BEVSPICES,Tea,2002,Export,243914.32,9.3016e-05,4,
60,BEVSPICES,Tea,2002,Import,80609154.65,0.070872655,4,
60,BEVSPICES,Tea,2003,Export,320532.0,6.888e-05,4,
60,BEVSPICES,Tea,2003,Import,190240813.0,0.118308779,4,
60,BEVSPICES,Tea,2004,Export,584224.0,0.000137676,4,
60,BEVSPICES,Tea,2004,Import,190099133.0,0.115966865,4,
60,BEVSPICES,Tea,2005,Export,627393.0,0.000181678,4,
60,BEVSPICES,Tea,2005,Import,229687454.0,0.139260942,4,
60,BEVSPICES,Tea,2006,Export,934187.0,0.000255205,4,
60,BEVSPICES,Tea,2006,Import,222537248.0,0.116780552,4,
60,BEVSPICES,Tea,2007,Export,1275477.0,0.000363267,4,
60,BEVSPICES,Tea,2007,Import,198268831.0,0.105036008,4,
60,BEVSPICES,Tea,2008,Export,1971428.0,0.000599229,4,
60,BEVSPICES,Tea,2008,Import,231963452.0,0.102987432,4,
60,BEVSPICES,Tea,2009,Export,4594901.0,0.001261311,4,
60,BEVSPICES,Tea,2009,Import,223914988.0,0.0897361,4,
60,BEVSPICES,Tea,2010,Export,3582310.0,0.000927215,4,
60,BEVSPICES,Tea,2010,Import,303049807.0,0.108101926,4,
60,BEVSPICES,Tea,2011,Export,4232902.0,0.001179128,4,
60,BEVSPICES,Tea,2011,Import,350696942.0,0.119230963,4,
60,BEVSPICES,Tea,2012,Export,11213934.0,0.002755649,4,
60,BEVSPICES,Tea,2012,Import,361331432.0,0.12230382,4,
60,BEVSPICES,Tea,2013,Export,14111681.0,0.003190453,4,
60,BEVSPICES,Tea,2013,Import,318389669.0,0.121899661,4,
60,BEVSPICES,Tea,2014,Export,11708666.0,0.00299002,4,
60,BEVSPICES,Tea,2014,Import,328286959.0,0.150948324,4,
60,BEVSPICES,Tea,2015,Export,6600755.0,0.001381908,4,
60,BEVSPICES,Tea,2015,Import,458102955.0,0.16464159,4,
60,BEVSPICES,Tea,2016,Export,7207304.0,0.00145763,4,
60,BEVSPICES,Tea,2016,Import,489960150.0,0.184886432,4,
60,BEVSPICES,Tea,2017,Export,8231694.02,0.001588567,4,
60,BEVSPICES,Tea,2017,Import,549616638.7,0.183496082,4,
60,BEVSPICES,Tea,2018,Export,23056369.52,0.005154588,4,
60,BEVSPICES,Tea,2018,Import,571327344.79,0.204428151,4,
60,BEVSPICES,Tea,2019,Export,28407208.5,0.005181065,4,
60,BEVSPICES,Tea,2019,Import,496016917.09,0.206323977,4,
60,BEVSPICES,Tea,2020,Export,14892734.82,0.003169332,4,
60,BEVSPICES,Tea,2020,Import,589755805.75,0.254406098,4,
60,BEVSPICES,Tea,2021,Export,21811143.34,0.005421155,4,
60,BEVSPICES,Tea,2021,Import,594730084.38,0.25823152,4,
60,BEVSPICES,Tea,2022,Export,20455287.79,0.004589019,4,
60,BEVSPICES,Tea,2022,Import,640568652.63,0.252124096,4,
60,BEVSPICES,Tea,2023,Export,15471557.98,0.002955455,4,
60,BEVSPICES,Tea,2023,Import,587984187.06,0.242011277,4,
60,BEVSPICES,Tea,2024,Export,20272587.72,0.003738232,4,
60,BEVSPICES,Tea,2024,Import,633981538.54,0.244085538,4,
60,BEVSPICES,Tea,2025,Export,19209425.61,0.003542508,4,
60,BEVSPICES,Tea,2025,Import,631678984.83,0.25139522,4,
59,BEVSPICES,Tobacco,2000,Export,2912595.76,0.001381851,3,
59,BEVSPICES,Tobacco,2000,Import,2719969.0,0.000979778,1,
59,BEVSPICES,Tobacco,2001,Export,10354905.58,0.00402022,2,
59,BEVSPICES,Tobacco,2001,Import,4934560.7,0.002094931,2,
59,BEVSPICES,Tobacco,2002,Export,6242871.02,0.002894672,3,
59,BEVSPICES,Tobacco,2002,Import,2838863.18,0.000809502,3,
59,BEVSPICES,Tobacco,2003,Export,7373033.0,0.005462691,3,
59,BEVSPICES,Tobacco,2003,Import,357442.0,9.1073e-05,3,
59,BEVSPICES,Tobacco,2004,Export,10569087.0,0.007251129,3,
59,BEVSPICES,Tobacco,2004,Import,1059308.0,0.000298965,3,
59,BEVSPICES,Tobacco,2005,Export,9185111.0,0.00575984,3,
59,BEVSPICES,Tobacco,2005,Import,5380185.0,0.002401261,3,
59,BEVSPICES,Tobacco,2006,Export,7026931.0,0.004219596,3,
59,BEVSPICES,Tobacco,2006,Import,7287899.0,0.002219948,3,
59,BEVSPICES,Tobacco,2007,Export,9711473.0,0.006322897,3,
59,BEVSPICES,Tobacco,2007,Import,10582341.0,0.00282668,3,
59,BEVSPICES,Tobacco,2008,Export,7031476.0,0.002792453,3,
59,BEVSPICES,Tobacco,2008,Import,9234185.0,0.001844811,3,
59,BEVSPICES,Tobacco,2009,Export,10224744.0,0.003936635,3,
59,BEVSPICES,Tobacco,2009,Import,19741117.0,0.002948245,3,
59,BEVSPICES,Tobacco,2010,Export,16132508.0,0.005360034,3,
59,BEVSPICES,Tobacco,2010,Import,12609726.0,0.001672253,3,
59,BEVSPICES,Tobacco,2011,Export,30066708.0,0.00956948,3,
59,BEVSPICES,Tobacco,2011,Import,17221362.0,0.001995109,3,
59,BEVSPICES,Tobacco,2012,Export,23181074.0,0.007099984,3,
59,BEVSPICES,Tobacco,2012,Import,12377956.0,0.001517834,3,
59,BEVSPICES,Tobacco,2013,Export,23900103.0,0.008059006,3,
59,BEVSPICES,Tobacco,2013,Import,11436747.0,0.001422891,3,
59,BEVSPICES,Tobacco,2014,Export,21432757.0,0.006088804,3,
59,BEVSPICES,Tobacco,2014,Import,15713791.0,0.001964652,3,
59,BEVSPICES,Tobacco,2015,Export,10258402.0,0.003224399,3,
59,BEVSPICES,Tobacco,2015,Import,11881215.0,0.00160694,3,
59,BEVSPICES,Tobacco,2016,Export,9896689.0,0.002796777,3,
59,BEVSPICES,Tobacco,2016,Import,11724063.0,0.001813815,3,
59,BEVSPICES,Tobacco,2017,Export,29187924.08,0.008014668,3,
59,BEVSPICES,Tobacco,2017,Import,10985246.15,0.001608331,3,
59,BEVSPICES,Tobacco,2018,Export,20789244.53,0.007949119,3,
59,BEVSPICES,Tobacco,2018,Import,14341462.66,0.002025904,3,
59,BEVSPICES,Tobacco,2019,Export,10871323.75,0.00386818,3,
59,BEVSPICES,Tobacco,2019,Import,24587688.58,0.003549729,3,
59,BEVSPICES,Tobacco,2020,Export,24285652.16,0.009665789,3,
59,BEVSPICES,Tobacco,2020,Import,9255240.15,0.001806201,3,
59,BEVSPICES,Tobacco,2021,Export,20932763.11,0.00825204,3,
59,BEVSPICES,Tobacco,2021,Import,28669291.67,0.009169932,3,
59,BEVSPICES,Tobacco,2022,Export,40750291.16,0.014167917,3,
59,BEVSPICES,Tobacco,2022,Import,29933826.71,0.008868227,3,
59,BEVSPICES,Tobacco,2023,Export,66459991.5,0.023660037,3,
59,BEVSPICES,Tobacco,2023,Import,8985071.12,0.004111403,3,
59,BEVSPICES,Tobacco,2024,Export,107824612.49,0.028448341,3,
59,BEVSPICES,Tobacco,2024,Import,5954394.21,0.011442981,3,
59,BEVSPICES,Tobacco,2025,Export,149080500.33,0.043068698,3,
59,BEVSPICES,Tobacco,2025,Import,7031019.29,0.008130751,3,
54,FRUVEG,Tomato,2000,Export,5317.0,8.2e-06,1,
54,FRUVEG,Tomato,2000,Import,53011.0,0.0004565,1,
54,FRUVEG,Tomato,2001,Export,10210.0,2.8e-05,1,
54,FRUVEG,Tomato,2001,Import,2648.0,1.7978e-05,1,
54,FRUVEG,Tomato,2002,Export,1696.0,3.22e-06,1,
54,FRUVEG,Tomato,2002,Import,,,0,
54,FRUVEG,Tomato,2003,Export,179358.0,0.00216646,1,
54,FRUVEG,Tomato,2003,Import,39764.0,0.000421753,1,
54,FRUVEG,Tomato,2004,Export,170362.0,0.001565911,1,
54,FRUVEG,Tomato,2004,Import,53512.0,0.000512208,1,
54,FRUVEG,Tomato,2005,Export,20729.0,0.0001617,1,
54,FRUVEG,Tomato,2005,Import,24704.0,0.000122242,1,
54,FRUVEG,Tomato,2006,Export,899785.0,0.005328329,1,
54,FRUVEG,Tomato,2006,Import,586789.0,0.003912152,1,
54,FRUVEG,Tomato,2007,Export,101736.0,0.00042198,1,
54,FRUVEG,Tomato,2007,Import,2497256.0,0.01249771,1,
54,FRUVEG,Tomato,2008,Export,542096.0,0.003463083,1,
54,FRUVEG,Tomato,2008,Import,21615573.0,0.072010238,1,
54,FRUVEG,Tomato,2009,Export,5024174.0,0.040681669,1,
54,FRUVEG,Tomato,2009,Import,43178399.0,0.13033714,1,
54,FRUVEG,Tomato,2010,Export,1158226.0,0.005038838,1,
54,FRUVEG,Tomato,2010,Import,41035749.0,0.115313688,1,
54,FRUVEG,Tomato,2011,Export,18858285.0,0.045141822,1,
54,FRUVEG,Tomato,2011,Import,77071268.0,0.171318764,1,
54,FRUVEG,Tomato,2012,Export,4164213.0,0.009703776,1,
54,FRUVEG,Tomato,2012,Import,115077382.0,0.247983814,1,
54,FRUVEG,Tomato,2013,Export,2131892.0,0.005403412,1,
54,FRUVEG,Tomato,2013,Import,132366936.0,0.265352782,1,
54,FRUVEG,Tomato,2014,Export,5522485.0,0.014173175,1,
54,FRUVEG,Tomato,2014,Import,126151983.0,0.287405729,1,
54,FRUVEG,Tomato,2015,Export,3540792.0,0.009184041,1,
54,FRUVEG,Tomato,2015,Import,90851286.0,0.269285108,1,
54,FRUVEG,Tomato,2016,Export,9465295.0,0.024791666,1,
54,FRUVEG,Tomato,2016,Import,120746446.0,0.254545862,1,
54,FRUVEG,Tomato,2017,Export,777425.81,0.001994075,1,
54,FRUVEG,Tomato,2017,Import,29430133.12,0.05685498,1,
54,FRUVEG,Tomato,2018,Export,8622397.76,0.026242228,1,
54,FRUVEG,Tomato,2018,Import,30263959.96,0.181605364,1,
54,FRUVEG,Tomato,2019,Export,5232723.96,0.019543562,1,
54,FRUVEG,Tomato,2019,Import,42525881.59,0.232786331,1,
54,FRUVEG,Tomato,2020,Export,3630400.94,0.014637667,1,
54,FRUVEG,Tomato,2020,Import,64546559.26,0.365379582,1,
54,FRUVEG,Tomato,2021,Export,9035469.08,0.0372991,1,
54,FRUVEG,Tomato,2021,Import,59480836.02,0.404308107,1,
54,FRUVEG,Tomato,2022,Export,1110621.79,0.00568865,1,
54,FRUVEG,Tomato,2022,Import,54558778.75,0.322696778,1,
54,FRUVEG,Tomato,2023,Export,8000986.82,0.056119863,1,
54,FRUVEG,Tomato,2023,Import,50677096.92,0.356565305,1,
54,FRUVEG,Tomato,2024,Export,4299290.12,0.029938417,1,
54,FRUVEG,Tomato,2024,Import,52252340.22,0.376901838,1,
54,FRUVEG,Tomato,2025,Export,4131752.97,0.028983499,1,
54,FRUVEG,Tomato,2025,Import,47861110.34,0.328314051,1,
1,CEREALS,Wheat,2000,Export,474089.51,0.003394964,2,
1,CEREALS,Wheat,2000,Import,3739966.0,0.01302749,2,
1,CEREALS,Wheat,2001,Export,10777315.88,0.074638391,3,
1,CEREALS,Wheat,2001,Import,4762818.0,0.005473622,2,
1,CEREALS,Wheat,2002,Export,91740358.77,0.6387186,3,
1,CEREALS,Wheat,2002,Import,14364930.0,0.120988744,3,
1,CEREALS,Wheat,2003,Export,90151242.0,0.68264998,7,
1,CEREALS,Wheat,2003,Import,0.0,0.0,7,
1,CEREALS,Wheat,2004,Export,48648035.0,0.343388168,7,
1,CEREALS,Wheat,2004,Import,23252508.0,0.107978,7,
1,CEREALS,Wheat,2005,Export,101098520.0,0.51631634,7,
1,CEREALS,Wheat,2005,Import,157153582.0,0.77274886,7,
1,CEREALS,Wheat,2006,Export,119704846.0,0.584689833,7,
1,CEREALS,Wheat,2006,Import,107426614.0,0.575884038,7,
1,CEREALS,Wheat,2007,Export,197646291.0,0.940933338,7,
1,CEREALS,Wheat,2007,Import,89819178.0,0.19275315,7,
1,CEREALS,Wheat,2008,Export,50389561.0,0.17444754,7,
1,CEREALS,Wheat,2008,Import,1628717842.0,3.733867938,7,
1,CEREALS,Wheat,2009,Export,3664577.0,0.0181009,7,
1,CEREALS,Wheat,2009,Import,295383002.0,1.106456368,7,
1,CEREALS,Wheat,2010,Export,39309768.0,0.16045949,7,
1,CEREALS,Wheat,2010,Import,64172014.0,0.11419546,7,
1,CEREALS,Wheat,2011,Export,1026219661.0,3.362926611,7,
1,CEREALS,Wheat,2011,Import,26508412.0,0.047185184,7,
1,CEREALS,Wheat,2012,Export,293517974.0,1.084280949,7,
1,CEREALS,Wheat,2012,Import,25091138.0,0.07964372,7,
1,CEREALS,Wheat,2013,Export,247566684.0,0.809866675,7,
1,CEREALS,Wheat,2013,Import,128218017.0,0.410396446,7,
1,CEREALS,Wheat,2014,Export,203506741.0,0.474408937,7,
1,CEREALS,Wheat,2014,Import,190020345.0,0.690134108,7,
1,CEREALS,Wheat,2015,Export,326201588.0,1.039371958,7,
1,CEREALS,Wheat,2015,Import,3523994.0,0.01266615,7,
1,CEREALS,Wheat,2016,Export,174514925.0,0.613981672,7,
1,CEREALS,Wheat,2016,Import,37713.0,0.0001234,7,
1,CEREALS,Wheat,2017,Export,98101038.09,0.37213106,7,
1,CEREALS,Wheat,2017,Import,56188.5,0.00016168,7,
1,CEREALS,Wheat,2018,Export,442055803.48,2.15961104,7,
1,CEREALS,Wheat,2018,Import,269530.2,0.00099395,7,
1,CEREALS,Wheat,2019,Export,189145591.15,0.76914557,7,
1,CEREALS,Wheat,2019,Import,55001.1,0.00021424,7,
1,CEREALS,Wheat,2020,Export,807057.86,0.00263783,7,
1,CEREALS,Wheat,2020,Import,660087296.06,2.490642139,7,
1,CEREALS,Wheat,2021,Export,443930.64,0.0012051,7,
1,CEREALS,Wheat,2021,Import,812752514.64,2.48623941,7,
1,CEREALS,Wheat,2022,Export,340005.97,0.0010197,7,
1,CEREALS,Wheat,2022,Import,943432382.68,2.336609,6,
1,CEREALS,Wheat,2023,Export,16184.52,5.253e-05,7,
1,CEREALS,Wheat,2023,Import,835548913.49,2.605291,7,
1,CEREALS,Wheat,2024,Export,0.0,0.0,7,
1,CEREALS,Wheat,2024,Import,636224554.41,2.169334,7,
1,CEREALS,Wheat,2025,Export,0.0,0.0,7,
1,CEREALS,Wheat,2025,Import,47.99,4.1e-05,7,
